case,implementation,status,error,dimension,family,input_format,output_format,wb,betatotal,aspect,raxis_cc,volume_p,iotaf_edge,pressure_axis,plasma_current
DESC/inputs/DSHAPE,chease,failed,Unsupported: CHEASE requires a 2-D GEQDSK input,3,grad_shafranov,vmec_indata_via_geqdsk,geqdsk,,,,,,,,
DESC/inputs/DSHAPE,desc,success,,3,vmec_family,vmec_indata,wout_netcdf,0.06202588762073072,0.029161434445928846,2.927774950515224,3.712483229112473,99.45700630158474,0.32999999999999996,1600.0,-224677.60615847842
DESC/inputs/DSHAPE,educational_vmec,success,,3,vmec_family,vmec_indata,wout_netcdf,0.06202590737233558,0.029160921088557376,2.927774950515221,3.712537626357383,99.4570063015846,0.3299999999999999,1599.9255998511992,-225219.92310739929
DESC/inputs/DSHAPE,freegs,failed,Unsupported: FreeGS is restricted to 2-D Grad-Shafranov cases,3,grad_shafranov,vmec_indata_or_case,geqdsk,,,,,,,,
DESC/inputs/DSHAPE,gvec,success,,3,vmec_family,vmec_indata,gvec_state,,,2.9277749505152175,3.71287866644948,99.4570063015846,-0.33,1600.0,
DESC/inputs/DSHAPE,jvmec,success,,3,vmec_family,vmec_indata,wout_netcdf,0.06202590737233546,0.0,2.927774950515229,3.712537626359599,99.45700630158474,0.32999999999999985,0.0,-225219.92313048407
DESC/inputs/DSHAPE,parvmec,success,,3,vmec_family,vmec_indata,wout_netcdf,0.06202590737277843,0.029160921095565548,2.927774950515221,3.712537443684042,99.4570063015846,0.3299999999999999,1599.9255998511992,-225220.4864513043
DESC/inputs/DSHAPE,spec,failed,Unsupported: SPEC requires a native .sp input,3,spec_mhd,spec_namelist,spec_hdf5,,,,,,,,
DESC/inputs/DSHAPE,spectre,success,,3,spectre_mhd,vmec_indata_or_spectre_toml,spectre_json,,,,,,,,
DESC/inputs/DSHAPE,vmec2000,success,,3,vmec_family,vmec_indata,wout_netcdf,0.06202590737277843,0.029160921095565548,2.927774950515221,3.712537443684042,99.4570063015846,0.3299999999999999,1599.9255998511992,-225220.4864513043
DESC/inputs/DSHAPE,vmecpp,failed,Run failed,3,vmec_family,vmec_indata,wout_netcdf,,,,,,,,
DESC/inputs/DSHAPE,vmex,success,,3,vmec_family,vmec_indata,wout_netcdf,0.062025907372778404,0.029160921095565537,2.9277749505152197,3.7125374436840715,99.4570063015846,0.3299999999999999,1599.9255998511992,-225220.48645166645
DESC/inputs/DSHAPE_desc,chease,failed,Unsupported: native DESC fixtures are not VMEC inputs,3,grad_shafranov,vmec_indata_via_geqdsk,geqdsk,,,,,,,,
DESC/inputs/DSHAPE_desc,desc,success,,3,vmec_family,vmec_indata,wout_netcdf,0.06202588762073072,0.029161434445928846,2.927774950515224,3.712483229112473,99.45700630158474,0.32999999999999996,1600.0,-224677.60615847842
DESC/inputs/DSHAPE_desc,educational_vmec,failed,Unsupported: native DESC fixtures are not VMEC inputs,3,vmec_family,vmec_indata,wout_netcdf,,,,,,,,
DESC/inputs/DSHAPE_desc,freegs,failed,Unsupported: native DESC fixtures are not VMEC inputs,3,grad_shafranov,vmec_indata_or_case,geqdsk,,,,,,,,
DESC/inputs/DSHAPE_desc,gvec,failed,Unsupported: native DESC fixtures are not VMEC inputs,3,vmec_family,vmec_indata,gvec_state,,,,,,,,
DESC/inputs/DSHAPE_desc,jvmec,failed,Unsupported: native DESC fixtures are not VMEC inputs,3,vmec_family,vmec_indata,wout_netcdf,,,,,,,,
DESC/inputs/DSHAPE_desc,parvmec,failed,Unsupported: native DESC fixtures are not VMEC inputs,3,vmec_family,vmec_indata,wout_netcdf,,,,,,,,
DESC/inputs/DSHAPE_desc,spec,failed,Unsupported: native DESC fixtures are not VMEC inputs,3,spec_mhd,spec_namelist,spec_hdf5,,,,,,,,
DESC/inputs/DSHAPE_desc,spectre,failed,Unsupported: native DESC fixtures are not VMEC inputs,3,spectre_mhd,vmec_indata_or_spectre_toml,spectre_json,,,,,,,,
DESC/inputs/DSHAPE_desc,vmec2000,failed,Unsupported: native DESC fixtures are not VMEC inputs,3,vmec_family,vmec_indata,wout_netcdf,,,,,,,,
DESC/inputs/DSHAPE_desc,vmecpp,failed,Unsupported: native DESC fixtures are not VMEC inputs,3,vmec_family,vmec_indata,wout_netcdf,,,,,,,,
DESC/inputs/DSHAPE_desc,vmex,failed,Unsupported: native DESC fixtures are not VMEC inputs,3,vmec_family,vmec_indata,wout_netcdf,,,,,,,,
DESC/inputs/QSC_r2_5.5_desc,chease,failed,Unsupported: native DESC fixtures are not VMEC inputs,3,grad_shafranov,vmec_indata_via_geqdsk,geqdsk,,,,,,,,
DESC/inputs/QSC_r2_5.5_desc,desc,failed,Run failed,3,vmec_family,vmec_indata,wout_netcdf,,,,,,,,
DESC/inputs/QSC_r2_5.5_desc,educational_vmec,failed,Unsupported: native DESC fixtures are not VMEC inputs,3,vmec_family,vmec_indata,wout_netcdf,,,,,,,,
DESC/inputs/QSC_r2_5.5_desc,freegs,failed,Unsupported: native DESC fixtures are not VMEC inputs,3,grad_shafranov,vmec_indata_or_case,geqdsk,,,,,,,,
DESC/inputs/QSC_r2_5.5_desc,gvec,failed,Unsupported: native DESC fixtures are not VMEC inputs,3,vmec_family,vmec_indata,gvec_state,,,,,,,,
DESC/inputs/QSC_r2_5.5_desc,jvmec,failed,Unsupported: native DESC fixtures are not VMEC inputs,3,vmec_family,vmec_indata,wout_netcdf,,,,,,,,
DESC/inputs/QSC_r2_5.5_desc,parvmec,failed,Unsupported: native DESC fixtures are not VMEC inputs,3,vmec_family,vmec_indata,wout_netcdf,,,,,,,,
DESC/inputs/QSC_r2_5.5_desc,spec,failed,Unsupported: native DESC fixtures are not VMEC inputs,3,spec_mhd,spec_namelist,spec_hdf5,,,,,,,,
DESC/inputs/QSC_r2_5.5_desc,spectre,failed,Unsupported: native DESC fixtures are not VMEC inputs,3,spectre_mhd,vmec_indata_or_spectre_toml,spectre_json,,,,,,,,
DESC/inputs/QSC_r2_5.5_desc,vmec2000,failed,Unsupported: native DESC fixtures are not VMEC inputs,3,vmec_family,vmec_indata,wout_netcdf,,,,,,,,
DESC/inputs/QSC_r2_5.5_desc,vmecpp,failed,Unsupported: native DESC fixtures are not VMEC inputs,3,vmec_family,vmec_indata,wout_netcdf,,,,,,,,
DESC/inputs/QSC_r2_5.5_desc,vmex,failed,Unsupported: native DESC fixtures are not VMEC inputs,3,vmec_family,vmec_indata,wout_netcdf,,,,,,,,
DESC/inputs/QSC_r2_5.5_vmec,chease,failed,Unsupported: CHEASE requires a 2-D GEQDSK input,3,grad_shafranov,vmec_indata_via_geqdsk,geqdsk,,,,,,,,
DESC/inputs/QSC_r2_5.5_vmec,desc,failed,Run failed,3,vmec_family,vmec_indata,wout_netcdf,,,,,,,,
DESC/inputs/QSC_r2_5.5_vmec,educational_vmec,success,,3,vmec_family,vmec_indata,wout_netcdf,1.1316497260302324e-05,0.00015718040147074533,141.3914869320617,1.0000007126502906,0.0008939491917854543,0.8389820353006573,125.0,199.99999999999704
DESC/inputs/QSC_r2_5.5_vmec,freegs,failed,Unsupported: FreeGS is restricted to 2-D Grad-Shafranov cases,3,grad_shafranov,vmec_indata_or_case,geqdsk,,,,,,,,
DESC/inputs/QSC_r2_5.5_vmec,gvec,success,,3,vmec_family,vmec_indata,gvec_state,,,141.39148693207602,1.00000065843082,0.00089394919178543,-0.838946657502808,125.0,
DESC/inputs/QSC_r2_5.5_vmec,jvmec,failed,Run failed,3,vmec_family,vmec_indata,wout_netcdf,,,,,,,,
DESC/inputs/QSC_r2_5.5_vmec,parvmec,success,,3,vmec_family,vmec_indata,wout_netcdf,1.1316497571887507e-05,0.00015718083719114953,141.3914869320439,0.9999991897604913,0.0008939491917854216,0.8419930277012959,125.0,200.00000000000944
DESC/inputs/QSC_r2_5.5_vmec,spec,failed,Unsupported: SPEC requires a native .sp input,3,spec_mhd,spec_namelist,spec_hdf5,,,,,,,,
DESC/inputs/QSC_r2_5.5_vmec,spectre,failed,Run failed,3,spectre_mhd,vmec_indata_or_spectre_toml,spectre_json,,,,,,,,
DESC/inputs/QSC_r2_5.5_vmec,vmec2000,success,,3,vmec_family,vmec_indata,wout_netcdf,1.1316497258427436e-05,0.00015718049311990546,141.3914869320617,0.9999996256580701,0.0008939491917854543,0.838487729683556,125.0,199.99999999999483
DESC/inputs/QSC_r2_5.5_vmec,vmecpp,success,,3,vmec_family,vmec_indata,wout_netcdf,1.1316497256774456e-05,0.0001571807240010159,141.39148693207287,0.9999988890666053,0.0008939491917854371,0.8390894003904148,125.0,200.00000000000057
DESC/inputs/QSC_r2_5.5_vmec,vmex,failed,Run failed,3,vmec_family,vmec_indata,wout_netcdf,,,,,,,,
PARVMEC/Testing/tests/fixed_boundary_test/test,chease,failed,Unsupported: CHEASE requires a 2-D GEQDSK input,3,grad_shafranov,vmec_indata_via_geqdsk,geqdsk,,,,,,,,
PARVMEC/Testing/tests/fixed_boundary_test/test,desc,success,,3,vmec_family,vmec_indata,wout_netcdf,0.0007407048164296386,0.0,3.0000000004573946,0.7496981442889861,0.9252754127431984,-0.3406423468043729,0.0,-39999.999939999994
PARVMEC/Testing/tests/fixed_boundary_test/test,educational_vmec,success,,3,vmec_family,vmec_indata,wout_netcdf,0.0009060875979730089,0.013002013853449379,3.0,0.7637736466798857,0.9252754126021275,0.3083295250113212,399.99999999999994,39999.973132979096
PARVMEC/Testing/tests/fixed_boundary_test/test,freegs,failed,Unsupported: FreeGS is restricted to 2-D Grad-Shafranov cases,3,grad_shafranov,vmec_indata_or_case,geqdsk,,,,,,,,
PARVMEC/Testing/tests/fixed_boundary_test/test,gvec,failed,Unsupported: VMEC pressure profile of type line_segment is not supported for conversion,3,vmec_family,vmec_indata,gvec_state,,,,,,,,
PARVMEC/Testing/tests/fixed_boundary_test/test,jvmec,failed,Run failed,3,vmec_family,vmec_indata,wout_netcdf,,,,,,,,
PARVMEC/Testing/tests/fixed_boundary_test/test,parvmec,success,,3,vmec_family,vmec_indata,wout_netcdf,0.0009060875979730088,0.013002013853449377,3.0,0.7637736466799214,0.9252754126021275,0.3083295250110869,399.99999999999994,39999.97313297914
PARVMEC/Testing/tests/fixed_boundary_test/test,spec,failed,Unsupported: SPEC requires a native .sp input,3,spec_mhd,spec_namelist,spec_hdf5,,,,,,,,
PARVMEC/Testing/tests/fixed_boundary_test/test,spectre,failed,Run failed,3,spectre_mhd,vmec_indata_or_spectre_toml,spectre_json,,,,,,,,
PARVMEC/Testing/tests/fixed_boundary_test/test,vmec2000,success,,3,vmec_family,vmec_indata,wout_netcdf,0.0009060875974802023,0.013002013860521097,3.0,0.7637736464447666,0.9252754126021275,0.30832952567925953,399.99999999999994,39999.9731589183
PARVMEC/Testing/tests/fixed_boundary_test/test,vmecpp,success,,3,vmec_family,vmec_indata,wout_netcdf,0.0007511056665448165,0.0,3.0,0.7639095531770191,0.9252754126021275,0.3395777414675736,0.0,39999.97313297914
PARVMEC/Testing/tests/fixed_boundary_test/test,vmex,success,,3,vmec_family,vmec_indata,wout_netcdf,0.0007511056686672606,0.01568482945508706,3.0,0.7639080816928879,0.9252754126021274,0.3395787480204453,399.99999999999994,39999.97313297912
PARVMEC/Testing/tests/free_boundary_test/test,chease,failed,Unsupported: CHEASE requires a 2-D GEQDSK input,3,grad_shafranov,vmec_indata_via_geqdsk,geqdsk,,,,,,,,
PARVMEC/Testing/tests/free_boundary_test/test,desc,success,,3,vmec_family,vmec_indata,wout_netcdf,0.0012731062679220786,0.0227398635245009,5.485829957848705,0.8076147117674333,0.31539670994943586,-0.14499208017226325,432.290809,-43229.080859999995
PARVMEC/Testing/tests/free_boundary_test/test,educational_vmec,failed,Run failed,3,vmec_family,vmec_indata,wout_netcdf,,,,,,,,
PARVMEC/Testing/tests/free_boundary_test/test,freegs,failed,Unsupported: FreeGS is restricted to 2-D Grad-Shafranov cases,3,grad_shafranov,vmec_indata_or_case,geqdsk,,,,,,,,
PARVMEC/Testing/tests/free_boundary_test/test,gvec,failed,Unsupported: VMEC pressure profile of type two_power is not supported for conversion,3,vmec_family,vmec_indata,gvec_state,,,,,,,,
PARVMEC/Testing/tests/free_boundary_test/test,jvmec,success,,3,vmec_family,vmec_indata,wout_netcdf,0.0012835848344727862,0.0,5.427363511127601,0.7737277511162104,0.30656077225986716,0.8641301112797859,0.0,43229.26499463139
PARVMEC/Testing/tests/free_boundary_test/test,parvmec,success,,3,vmec_family,vmec_indata,wout_netcdf,0.0012836281706449242,0.0018721345983941213,5.433260965413832,0.7733427234232358,0.30699247599444573,0.8647933109630438,432.3209489619426,43229.26499463163
PARVMEC/Testing/tests/free_boundary_test/test,spec,failed,Unsupported: SPEC requires a native .sp input,3,spec_mhd,spec_namelist,spec_hdf5,,,,,,,,
PARVMEC/Testing/tests/free_boundary_test/test,spectre,failed,Run failed,3,spectre_mhd,vmec_indata_or_spectre_toml,spectre_json,,,,,,,,
PARVMEC/Testing/tests/free_boundary_test/test,vmec2000,success,,3,vmec_family,vmec_indata,wout_netcdf,0.0012836281700257428,0.0018721345951390508,5.433260964944784,0.7733427229523283,0.3069924752230543,0.8647933109871311,432.3209489619426,43229.265025861474
PARVMEC/Testing/tests/free_boundary_test/test,vmecpp,success,,3,vmec_family,vmec_indata,wout_netcdf,0.001283584834495276,0.0018737573549696556,5.434959522108977,0.7737277510921864,0.3072624884985038,0.8641301117188315,432.3209489619426,43229.26499463133
PARVMEC/Testing/tests/free_boundary_test/test,vmex,failed,Run failed,3,vmec_family,vmec_indata,wout_netcdf,,,,,,,,
PARVMEC/Testing/tests/lasym_test/test_asym,chease,failed,Unsupported: CHEASE requires a 2-D GEQDSK input,3,grad_shafranov,vmec_indata_via_geqdsk,geqdsk,,,,,,,,
PARVMEC/Testing/tests/lasym_test/test_asym,desc,success,,3,vmec_family,vmec_indata,wout_netcdf,0.0007407036076975752,0.0,3.000000000477511,0.7493429270598776,0.9252754127494034,-0.3403724729878604,0.0,-39999.99993999999
PARVMEC/Testing/tests/lasym_test/test_asym,educational_vmec,success,,3,vmec_family,vmec_indata,wout_netcdf,0.000749952683632707,0.015708944145103994,2.9999999999999996,0.7629778279943614,0.9252754126021273,0.34059080212463433,399.99999999999994,40000.17032055629
PARVMEC/Testing/tests/lasym_test/test_asym,freegs,failed,Unsupported: FreeGS is restricted to 2-D Grad-Shafranov cases,3,grad_shafranov,vmec_indata_or_case,geqdsk,,,,,,,,
PARVMEC/Testing/tests/lasym_test/test_asym,gvec,failed,Unsupported: VMEC pressure profile of type line_segment is not supported for conversion,3,vmec_family,vmec_indata,gvec_state,,,,,,,,
PARVMEC/Testing/tests/lasym_test/test_asym,jvmec,failed,Run failed,3,vmec_family,vmec_indata,wout_netcdf,,,,,,,,
PARVMEC/Testing/tests/lasym_test/test_asym,parvmec,success,,3,vmec_family,vmec_indata,wout_netcdf,0.000749952683632707,0.015708944145103994,2.9999999999999996,0.7629778279943565,0.9252754126021273,0.34059080212464776,399.99999999999994,40000.170320556295
PARVMEC/Testing/tests/lasym_test/test_asym,spec,failed,Unsupported: SPEC requires a native .sp input,3,spec_mhd,spec_namelist,spec_hdf5,,,,,,,,
PARVMEC/Testing/tests/lasym_test/test_asym,spectre,failed,Run failed,3,spectre_mhd,vmec_indata_or_spectre_toml,spectre_json,,,,,,,,
PARVMEC/Testing/tests/lasym_test/test_asym,vmec2000,success,,3,vmec_family,vmec_indata,wout_netcdf,0.0007499526567962987,0.015708944703283118,2.9999999999999996,0.7629697411718891,0.9252754126021273,0.34059068288060546,399.99999999999994,40000.17034945363
PARVMEC/Testing/tests/lasym_test/test_asym,vmecpp,success,,3,vmec_family,vmec_indata,wout_netcdf,0.0007499526817788442,0.0,2.9999999999999996,0.7629798240916639,0.9252754126021273,0.3405899286092604,0.0,40000.17032055625
PARVMEC/Testing/tests/lasym_test/test_asym,vmex,success,,3,vmec_family,vmec_indata,wout_netcdf,0.0007499526836327071,0.015708944145103997,3.0000000000000013,0.7629778279943616,0.9252754126021271,0.34059080212463616,399.99999999999994,40000.1703205563
PARVMEC/Testing/tests/lasym_test/test_sym,chease,failed,Unsupported: CHEASE requires a 2-D GEQDSK input,3,grad_shafranov,vmec_indata_via_geqdsk,geqdsk,,,,,,,,
PARVMEC/Testing/tests/lasym_test/test_sym,desc,success,,3,vmec_family,vmec_indata,wout_netcdf,0.0007407048164296386,0.0,3.0000000004573946,0.7496981442889861,0.9252754127431984,-0.3406423468043729,0.0,-39999.999939999994
PARVMEC/Testing/tests/lasym_test/test_sym,educational_vmec,success,,3,vmec_family,vmec_indata,wout_netcdf,0.0007499526836327072,0.015708944145103997,3.0,0.7629778279943636,0.9252754126021275,0.3405908021246178,399.99999999999994,40000.170320556295
PARVMEC/Testing/tests/lasym_test/test_sym,freegs,failed,Unsupported: FreeGS is restricted to 2-D Grad-Shafranov cases,3,grad_shafranov,vmec_indata_or_case,geqdsk,,,,,,,,
PARVMEC/Testing/tests/lasym_test/test_sym,gvec,failed,Unsupported: VMEC pressure profile of type line_segment is not supported for conversion,3,vmec_family,vmec_indata,gvec_state,,,,,,,,
PARVMEC/Testing/tests/lasym_test/test_sym,jvmec,failed,Run failed,3,vmec_family,vmec_indata,wout_netcdf,,,,,,,,
PARVMEC/Testing/tests/lasym_test/test_sym,parvmec,success,,3,vmec_family,vmec_indata,wout_netcdf,0.000749952683632707,0.015708944145103994,3.0,0.7629778279943625,0.9252754126021275,0.340590802124621,399.99999999999994,40000.17032055629
PARVMEC/Testing/tests/lasym_test/test_sym,spec,failed,Unsupported: SPEC requires a native .sp input,3,spec_mhd,spec_namelist,spec_hdf5,,,,,,,,
PARVMEC/Testing/tests/lasym_test/test_sym,spectre,failed,Run failed,3,spectre_mhd,vmec_indata_or_spectre_toml,spectre_json,,,,,,,,
PARVMEC/Testing/tests/lasym_test/test_sym,vmec2000,success,,3,vmec_family,vmec_indata,wout_netcdf,0.0007499526831415016,0.01570894415539308,3.0,0.7629778278183612,0.9252754126021275,0.3405908029802688,399.99999999999994,40000.170349453605
PARVMEC/Testing/tests/lasym_test/test_sym,vmecpp,success,,3,vmec_family,vmec_indata,wout_netcdf,0.0007499526817788443,0.0,3.0,0.7629798240916664,0.9252754126021275,0.34058992860928194,0.0,40000.17032055626
PARVMEC/Testing/tests/lasym_test/test_sym,vmex,success,,3,vmec_family,vmec_indata,wout_netcdf,0.0007499526836327072,0.015708944145103994,3.0,0.7629778279943635,0.9252754126021274,0.3405908021246383,399.99999999999994,40000.17032055629
PARVMEC/Testing/tests/niter_test/test,chease,failed,Unsupported: CHEASE requires a 2-D GEQDSK input,3,grad_shafranov,vmec_indata_via_geqdsk,geqdsk,,,,,,,,
PARVMEC/Testing/tests/niter_test/test,desc,success,,3,vmec_family,vmec_indata,wout_netcdf,0.0021720116983289474,0.0,4.949747468199312,0.6488106760291792,0.27634892322455473,-0.2462091492850024,0.0,-39999.999939999994
PARVMEC/Testing/tests/niter_test/test,educational_vmec,failed,Run failed,3,vmec_family,vmec_indata,wout_netcdf,,,,,,,,
PARVMEC/Testing/tests/niter_test/test,freegs,failed,Unsupported: FreeGS is restricted to 2-D Grad-Shafranov cases,3,grad_shafranov,vmec_indata_or_case,geqdsk,,,,,,,,
PARVMEC/Testing/tests/niter_test/test,gvec,failed,Unsupported: VMEC pressure profile of type line_segment is not supported for conversion,3,vmec_family,vmec_indata,gvec_state,,,,,,,,
PARVMEC/Testing/tests/niter_test/test,jvmec,failed,Run failed,3,vmec_family,vmec_indata,wout_netcdf,,,,,,,,
PARVMEC/Testing/tests/niter_test/test,parvmec,success,,3,vmec_family,vmec_indata,wout_netcdf,0.00223375151639002,0.0015751992037427763,4.949747468305834,0.7269397206627392,0.2763489232305021,0.2907780755898262,399.99999999999994,40000.170320556295
PARVMEC/Testing/tests/niter_test/test,spec,failed,Unsupported: SPEC requires a native .sp input,3,spec_mhd,spec_namelist,spec_hdf5,,,,,,,,
PARVMEC/Testing/tests/niter_test/test,spectre,failed,Run failed,3,spectre_mhd,vmec_indata_or_spectre_toml,spectre_json,,,,,,,,
PARVMEC/Testing/tests/niter_test/test,vmec2000,success,,3,vmec_family,vmec_indata,wout_netcdf,0.0022337515159735273,0.0015751992040364685,4.949747468305834,0.7269397206615911,0.2763489232305021,0.29077807594675736,399.99999999999994,40000.17034945363
PARVMEC/Testing/tests/niter_test/test,vmecpp,success,,3,vmec_family,vmec_indata,wout_netcdf,0.0025582124079946496,0.0,4.949747468305834,0.7269153912378156,0.2763489232305021,0.2598385379216558,0.0,40000.170320556266
PARVMEC/Testing/tests/niter_test/test,vmex,failed,Run failed,3,vmec_family,vmec_indata,wout_netcdf,,,,,,,,
PARVMEC/Testing/tests/reset_test/test,chease,failed,Unsupported: CHEASE requires a 2-D GEQDSK input,3,grad_shafranov,vmec_indata_via_geqdsk,geqdsk,,,,,,,,
PARVMEC/Testing/tests/reset_test/test,desc,success,,3,vmec_family,vmec_indata,wout_netcdf,0.0007407048164296386,0.0,3.0000000004573946,0.7496981442889861,0.9252754127431984,-0.3406423468043729,0.0,-39999.999939999994
PARVMEC/Testing/tests/reset_test/test,educational_vmec,success,,3,vmec_family,vmec_indata,wout_netcdf,0.0007499526836327072,0.015708944145103997,3.0,0.7629778279943636,0.9252754126021275,0.3405908021246178,399.99999999999994,40000.170320556295
PARVMEC/Testing/tests/reset_test/test,freegs,failed,Unsupported: FreeGS is restricted to 2-D Grad-Shafranov cases,3,grad_shafranov,vmec_indata_or_case,geqdsk,,,,,,,,
PARVMEC/Testing/tests/reset_test/test,gvec,failed,Unsupported: VMEC pressure profile of type line_segment is not supported for conversion,3,vmec_family,vmec_indata,gvec_state,,,,,,,,
PARVMEC/Testing/tests/reset_test/test,jvmec,failed,Run failed,3,vmec_family,vmec_indata,wout_netcdf,,,,,,,,
PARVMEC/Testing/tests/reset_test/test,parvmec,success,,3,vmec_family,vmec_indata,wout_netcdf,0.000749952683632707,0.015708944145103994,3.0,0.7629778279943625,0.9252754126021275,0.340590802124621,399.99999999999994,40000.17032055629
PARVMEC/Testing/tests/reset_test/test,spec,failed,Unsupported: SPEC requires a native .sp input,3,spec_mhd,spec_namelist,spec_hdf5,,,,,,,,
PARVMEC/Testing/tests/reset_test/test,spectre,failed,Run failed,3,spectre_mhd,vmec_indata_or_spectre_toml,spectre_json,,,,,,,,
PARVMEC/Testing/tests/reset_test/test,vmec2000,success,,3,vmec_family,vmec_indata,wout_netcdf,0.0007499526831415016,0.01570894415539308,3.0,0.7629778278183612,0.9252754126021275,0.3405908029802688,399.99999999999994,40000.170349453605
PARVMEC/Testing/tests/reset_test/test,vmecpp,success,,3,vmec_family,vmec_indata,wout_netcdf,0.0007499526817788443,0.0,3.0,0.7629798240916664,0.9252754126021275,0.34058992860928194,0.0,40000.17032055626
PARVMEC/Testing/tests/reset_test/test,vmex,success,,3,vmec_family,vmec_indata,wout_netcdf,0.0007499526836327072,0.015708944145103994,3.0,0.7629778279943635,0.9252754126021274,0.3405908021246383,399.99999999999994,40000.17032055629
SPEC/ci/G1V03L0Fi/G1V03L0Fi,chease,failed,Unsupported: CHEASE requires a 2-D GEQDSK input,3,grad_shafranov,vmec_indata_via_geqdsk,geqdsk,,,,,,,,
SPEC/ci/G1V03L0Fi/G1V03L0Fi,desc,failed,Unsupported: native SPEC cases are not VMEC inputs,3,vmec_family,vmec_indata,wout_netcdf,,,,,,,,
SPEC/ci/G1V03L0Fi/G1V03L0Fi,educational_vmec,failed,Unsupported: native SPEC cases are not VMEC inputs,3,vmec_family,vmec_indata,wout_netcdf,,,,,,,,
SPEC/ci/G1V03L0Fi/G1V03L0Fi,freegs,failed,Unsupported: FreeGS is restricted to 2-D Grad-Shafranov cases,3,grad_shafranov,vmec_indata_or_case,geqdsk,,,,,,,,
SPEC/ci/G1V03L0Fi/G1V03L0Fi,gvec,failed,Unsupported: native SPEC cases are not VMEC inputs,3,vmec_family,vmec_indata,gvec_state,,,,,,,,
SPEC/ci/G1V03L0Fi/G1V03L0Fi,jvmec,failed,Unsupported: native SPEC cases are not VMEC inputs,3,vmec_family,vmec_indata,wout_netcdf,,,,,,,,
SPEC/ci/G1V03L0Fi/G1V03L0Fi,parvmec,failed,Unsupported: native SPEC cases are not VMEC inputs,3,vmec_family,vmec_indata,wout_netcdf,,,,,,,,
SPEC/ci/G1V03L0Fi/G1V03L0Fi,spec,success,,3,spec_mhd,spec_namelist,spec_hdf5,,,,0.0,394.78417604357435,0.6188295464,,0.0
SPEC/ci/G1V03L0Fi/G1V03L0Fi,spectre,failed,Unsupported: SPECTRE requires VMEC input or native TOML,3,spectre_mhd,vmec_indata_or_spectre_toml,spectre_json,,,,,,,,
SPEC/ci/G1V03L0Fi/G1V03L0Fi,vmec2000,failed,Unsupported: native SPEC cases are not VMEC inputs,3,vmec_family,vmec_indata,wout_netcdf,,,,,,,,
SPEC/ci/G1V03L0Fi/G1V03L0Fi,vmecpp,failed,Unsupported: native SPEC cases are not VMEC inputs,3,vmec_family,vmec_indata,wout_netcdf,,,,,,,,
SPEC/ci/G1V03L0Fi/G1V03L0Fi,vmex,failed,Unsupported: native SPEC cases are not VMEC inputs,3,vmec_family,vmec_indata,wout_netcdf,,,,,,,,
SPEC/ci/G1V03L3Fi/G1V03L3Fi,chease,failed,Unsupported: CHEASE requires a 2-D GEQDSK input,3,grad_shafranov,vmec_indata_via_geqdsk,geqdsk,,,,,,,,
SPEC/ci/G1V03L3Fi/G1V03L3Fi,desc,failed,Unsupported: native SPEC cases are not VMEC inputs,3,vmec_family,vmec_indata,wout_netcdf,,,,,,,,
SPEC/ci/G1V03L3Fi/G1V03L3Fi,educational_vmec,failed,Unsupported: native SPEC cases are not VMEC inputs,3,vmec_family,vmec_indata,wout_netcdf,,,,,,,,
SPEC/ci/G1V03L3Fi/G1V03L3Fi,freegs,failed,Unsupported: FreeGS is restricted to 2-D Grad-Shafranov cases,3,grad_shafranov,vmec_indata_or_case,geqdsk,,,,,,,,
SPEC/ci/G1V03L3Fi/G1V03L3Fi,gvec,failed,Unsupported: native SPEC cases are not VMEC inputs,3,vmec_family,vmec_indata,gvec_state,,,,,,,,
SPEC/ci/G1V03L3Fi/G1V03L3Fi,jvmec,failed,Unsupported: native SPEC cases are not VMEC inputs,3,vmec_family,vmec_indata,wout_netcdf,,,,,,,,
SPEC/ci/G1V03L3Fi/G1V03L3Fi,parvmec,failed,Unsupported: native SPEC cases are not VMEC inputs,3,vmec_family,vmec_indata,wout_netcdf,,,,,,,,
SPEC/ci/G1V03L3Fi/G1V03L3Fi,spec,success,,3,spec_mhd,spec_namelist,spec_hdf5,,,,0.0,394.78417604357435,0.6188295464,,0.0
SPEC/ci/G1V03L3Fi/G1V03L3Fi,spectre,failed,Unsupported: SPECTRE requires VMEC input or native TOML,3,spectre_mhd,vmec_indata_or_spectre_toml,spectre_json,,,,,,,,
SPEC/ci/G1V03L3Fi/G1V03L3Fi,vmec2000,failed,Unsupported: native SPEC cases are not VMEC inputs,3,vmec_family,vmec_indata,wout_netcdf,,,,,,,,
SPEC/ci/G1V03L3Fi/G1V03L3Fi,vmecpp,failed,Unsupported: native SPEC cases are not VMEC inputs,3,vmec_family,vmec_indata,wout_netcdf,,,,,,,,
SPEC/ci/G1V03L3Fi/G1V03L3Fi,vmex,failed,Unsupported: native SPEC cases are not VMEC inputs,3,vmec_family,vmec_indata,wout_netcdf,,,,,,,,
SPEC/ci/G2V32L1Fi/G2V32L1Fi.001,chease,failed,Unsupported: CHEASE requires a 2-D GEQDSK input,3,grad_shafranov,vmec_indata_via_geqdsk,geqdsk,,,,,,,,
SPEC/ci/G2V32L1Fi/G2V32L1Fi.001,desc,failed,Unsupported: native SPEC cases are not VMEC inputs,3,vmec_family,vmec_indata,wout_netcdf,,,,,,,,
SPEC/ci/G2V32L1Fi/G2V32L1Fi.001,educational_vmec,failed,Unsupported: native SPEC cases are not VMEC inputs,3,vmec_family,vmec_indata,wout_netcdf,,,,,,,,
SPEC/ci/G2V32L1Fi/G2V32L1Fi.001,freegs,failed,Unsupported: FreeGS is restricted to 2-D Grad-Shafranov cases,3,grad_shafranov,vmec_indata_or_case,geqdsk,,,,,,,,
SPEC/ci/G2V32L1Fi/G2V32L1Fi.001,gvec,failed,Unsupported: native SPEC cases are not VMEC inputs,3,vmec_family,vmec_indata,gvec_state,,,,,,,,
SPEC/ci/G2V32L1Fi/G2V32L1Fi.001,jvmec,failed,Unsupported: native SPEC cases are not VMEC inputs,3,vmec_family,vmec_indata,wout_netcdf,,,,,,,,
SPEC/ci/G2V32L1Fi/G2V32L1Fi.001,parvmec,failed,Unsupported: native SPEC cases are not VMEC inputs,3,vmec_family,vmec_indata,wout_netcdf,,,,,,,,
SPEC/ci/G2V32L1Fi/G2V32L1Fi.001,spec,success,,3,spec_mhd,spec_namelist,spec_hdf5,,,,0.0,19.739208802178716,0.5,,0.0
SPEC/ci/G2V32L1Fi/G2V32L1Fi.001,spectre,failed,Unsupported: SPECTRE requires VMEC input or native TOML,3,spectre_mhd,vmec_indata_or_spectre_toml,spectre_json,,,,,,,,
SPEC/ci/G2V32L1Fi/G2V32L1Fi.001,vmec2000,failed,Unsupported: native SPEC cases are not VMEC inputs,3,vmec_family,vmec_indata,wout_netcdf,,,,,,,,
SPEC/ci/G2V32L1Fi/G2V32L1Fi.001,vmecpp,failed,Unsupported: native SPEC cases are not VMEC inputs,3,vmec_family,vmec_indata,wout_netcdf,,,,,,,,
SPEC/ci/G2V32L1Fi/G2V32L1Fi.001,vmex,failed,Unsupported: native SPEC cases are not VMEC inputs,3,vmec_family,vmec_indata,wout_netcdf,,,,,,,,
SPEC/ci/G2V32L1Fi_FG/G2V32L1Fi.001,chease,failed,Unsupported: CHEASE requires a 2-D GEQDSK input,3,grad_shafranov,vmec_indata_via_geqdsk,geqdsk,,,,,,,,
SPEC/ci/G2V32L1Fi_FG/G2V32L1Fi.001,desc,failed,Unsupported: native SPEC cases are not VMEC inputs,3,vmec_family,vmec_indata,wout_netcdf,,,,,,,,
SPEC/ci/G2V32L1Fi_FG/G2V32L1Fi.001,educational_vmec,failed,Unsupported: native SPEC cases are not VMEC inputs,3,vmec_family,vmec_indata,wout_netcdf,,,,,,,,
SPEC/ci/G2V32L1Fi_FG/G2V32L1Fi.001,freegs,failed,Unsupported: FreeGS is restricted to 2-D Grad-Shafranov cases,3,grad_shafranov,vmec_indata_or_case,geqdsk,,,,,,,,
SPEC/ci/G2V32L1Fi_FG/G2V32L1Fi.001,gvec,failed,Unsupported: native SPEC cases are not VMEC inputs,3,vmec_family,vmec_indata,gvec_state,,,,,,,,
SPEC/ci/G2V32L1Fi_FG/G2V32L1Fi.001,jvmec,failed,Unsupported: native SPEC cases are not VMEC inputs,3,vmec_family,vmec_indata,wout_netcdf,,,,,,,,
SPEC/ci/G2V32L1Fi_FG/G2V32L1Fi.001,parvmec,failed,Unsupported: native SPEC cases are not VMEC inputs,3,vmec_family,vmec_indata,wout_netcdf,,,,,,,,
SPEC/ci/G2V32L1Fi_FG/G2V32L1Fi.001,spec,success,,3,spec_mhd,spec_namelist,spec_hdf5,,,,0.0,19.739208802178716,0.5,,0.0
SPEC/ci/G2V32L1Fi_FG/G2V32L1Fi.001,spectre,failed,Unsupported: SPECTRE requires VMEC input or native TOML,3,spectre_mhd,vmec_indata_or_spectre_toml,spectre_json,,,,,,,,
SPEC/ci/G2V32L1Fi_FG/G2V32L1Fi.001,vmec2000,failed,Unsupported: native SPEC cases are not VMEC inputs,3,vmec_family,vmec_indata,wout_netcdf,,,,,,,,
SPEC/ci/G2V32L1Fi_FG/G2V32L1Fi.001,vmecpp,failed,Unsupported: native SPEC cases are not VMEC inputs,3,vmec_family,vmec_indata,wout_netcdf,,,,,,,,
SPEC/ci/G2V32L1Fi_FG/G2V32L1Fi.001,vmex,failed,Unsupported: native SPEC cases are not VMEC inputs,3,vmec_family,vmec_indata,wout_netcdf,,,,,,,,
SPEC/ci/G3V08L3Fi/G3V08L3Fi.001,chease,failed,Unsupported: CHEASE requires a 2-D GEQDSK input,3,grad_shafranov,vmec_indata_via_geqdsk,geqdsk,,,,,,,,
SPEC/ci/G3V08L3Fi/G3V08L3Fi.001,desc,failed,Unsupported: native SPEC cases are not VMEC inputs,3,vmec_family,vmec_indata,wout_netcdf,,,,,,,,
SPEC/ci/G3V08L3Fi/G3V08L3Fi.001,educational_vmec,failed,Unsupported: native SPEC cases are not VMEC inputs,3,vmec_family,vmec_indata,wout_netcdf,,,,,,,,
SPEC/ci/G3V08L3Fi/G3V08L3Fi.001,freegs,failed,Unsupported: FreeGS is restricted to 2-D Grad-Shafranov cases,3,grad_shafranov,vmec_indata_or_case,geqdsk,,,,,,,,
SPEC/ci/G3V08L3Fi/G3V08L3Fi.001,gvec,failed,Unsupported: native SPEC cases are not VMEC inputs,3,vmec_family,vmec_indata,gvec_state,,,,,,,,
SPEC/ci/G3V08L3Fi/G3V08L3Fi.001,jvmec,failed,Unsupported: native SPEC cases are not VMEC inputs,3,vmec_family,vmec_indata,wout_netcdf,,,,,,,,
SPEC/ci/G3V08L3Fi/G3V08L3Fi.001,parvmec,failed,Unsupported: native SPEC cases are not VMEC inputs,3,vmec_family,vmec_indata,wout_netcdf,,,,,,,,
SPEC/ci/G3V08L3Fi/G3V08L3Fi.001,spec,success,,3,spec_mhd,spec_namelist,spec_hdf5,,,,10.0,37.01101650408508,0.304743,,0.0
SPEC/ci/G3V08L3Fi/G3V08L3Fi.001,spectre,failed,Unsupported: SPECTRE requires VMEC input or native TOML,3,spectre_mhd,vmec_indata_or_spectre_toml,spectre_json,,,,,,,,
SPEC/ci/G3V08L3Fi/G3V08L3Fi.001,vmec2000,failed,Unsupported: native SPEC cases are not VMEC inputs,3,vmec_family,vmec_indata,wout_netcdf,,,,,,,,
SPEC/ci/G3V08L3Fi/G3V08L3Fi.001,vmecpp,failed,Unsupported: native SPEC cases are not VMEC inputs,3,vmec_family,vmec_indata,wout_netcdf,,,,,,,,
SPEC/ci/G3V08L3Fi/G3V08L3Fi.001,vmex,failed,Unsupported: native SPEC cases are not VMEC inputs,3,vmec_family,vmec_indata,wout_netcdf,,,,,,,,
SPEC/ci/G3V08L3Fr/G3V08L3Fr.001,chease,failed,Unsupported: CHEASE requires a 2-D GEQDSK input,3,grad_shafranov,vmec_indata_via_geqdsk,geqdsk,,,,,,,,
SPEC/ci/G3V08L3Fr/G3V08L3Fr.001,desc,failed,Unsupported: native SPEC cases are not VMEC inputs,3,vmec_family,vmec_indata,wout_netcdf,,,,,,,,
SPEC/ci/G3V08L3Fr/G3V08L3Fr.001,educational_vmec,failed,Unsupported: native SPEC cases are not VMEC inputs,3,vmec_family,vmec_indata,wout_netcdf,,,,,,,,
SPEC/ci/G3V08L3Fr/G3V08L3Fr.001,freegs,failed,Unsupported: FreeGS is restricted to 2-D Grad-Shafranov cases,3,grad_shafranov,vmec_indata_or_case,geqdsk,,,,,,,,
SPEC/ci/G3V08L3Fr/G3V08L3Fr.001,gvec,failed,Unsupported: native SPEC cases are not VMEC inputs,3,vmec_family,vmec_indata,gvec_state,,,,,,,,
SPEC/ci/G3V08L3Fr/G3V08L3Fr.001,jvmec,failed,Unsupported: native SPEC cases are not VMEC inputs,3,vmec_family,vmec_indata,wout_netcdf,,,,,,,,
SPEC/ci/G3V08L3Fr/G3V08L3Fr.001,parvmec,failed,Unsupported: native SPEC cases are not VMEC inputs,3,vmec_family,vmec_indata,wout_netcdf,,,,,,,,
SPEC/ci/G3V08L3Fr/G3V08L3Fr.001,spec,success,,3,spec_mhd,spec_namelist,spec_hdf5,,,,4.09590978960784,126.90845239500477,-0.19,,-0.1187347930492713
SPEC/ci/G3V08L3Fr/G3V08L3Fr.001,spectre,failed,Unsupported: SPECTRE requires VMEC input or native TOML,3,spectre_mhd,vmec_indata_or_spectre_toml,spectre_json,,,,,,,,
SPEC/ci/G3V08L3Fr/G3V08L3Fr.001,vmec2000,failed,Unsupported: native SPEC cases are not VMEC inputs,3,vmec_family,vmec_indata,wout_netcdf,,,,,,,,
SPEC/ci/G3V08L3Fr/G3V08L3Fr.001,vmecpp,failed,Unsupported: native SPEC cases are not VMEC inputs,3,vmec_family,vmec_indata,wout_netcdf,,,,,,,,
SPEC/ci/G3V08L3Fr/G3V08L3Fr.001,vmex,failed,Unsupported: native SPEC cases are not VMEC inputs,3,vmec_family,vmec_indata,wout_netcdf,,,,,,,,
SPEC/ci/G3V08L3FrGrid/G3V08L3FrGrid.001,chease,failed,Unsupported: CHEASE requires a 2-D GEQDSK input,3,grad_shafranov,vmec_indata_via_geqdsk,geqdsk,,,,,,,,
SPEC/ci/G3V08L3FrGrid/G3V08L3FrGrid.001,desc,failed,Unsupported: native SPEC cases are not VMEC inputs,3,vmec_family,vmec_indata,wout_netcdf,,,,,,,,
SPEC/ci/G3V08L3FrGrid/G3V08L3FrGrid.001,educational_vmec,failed,Unsupported: native SPEC cases are not VMEC inputs,3,vmec_family,vmec_indata,wout_netcdf,,,,,,,,
SPEC/ci/G3V08L3FrGrid/G3V08L3FrGrid.001,freegs,failed,Unsupported: FreeGS is restricted to 2-D Grad-Shafranov cases,3,grad_shafranov,vmec_indata_or_case,geqdsk,,,,,,,,
SPEC/ci/G3V08L3FrGrid/G3V08L3FrGrid.001,gvec,failed,Unsupported: native SPEC cases are not VMEC inputs,3,vmec_family,vmec_indata,gvec_state,,,,,,,,
SPEC/ci/G3V08L3FrGrid/G3V08L3FrGrid.001,jvmec,failed,Unsupported: native SPEC cases are not VMEC inputs,3,vmec_family,vmec_indata,wout_netcdf,,,,,,,,
SPEC/ci/G3V08L3FrGrid/G3V08L3FrGrid.001,parvmec,failed,Unsupported: native SPEC cases are not VMEC inputs,3,vmec_family,vmec_indata,wout_netcdf,,,,,,,,
SPEC/ci/G3V08L3FrGrid/G3V08L3FrGrid.001,spec,success,,3,spec_mhd,spec_namelist,spec_hdf5,,,,4.09590978960784,126.90845239479643,-0.19,,-0.1187347930492713
SPEC/ci/G3V08L3FrGrid/G3V08L3FrGrid.001,spectre,failed,Unsupported: SPECTRE requires VMEC input or native TOML,3,spectre_mhd,vmec_indata_or_spectre_toml,spectre_json,,,,,,,,
SPEC/ci/G3V08L3FrGrid/G3V08L3FrGrid.001,vmec2000,failed,Unsupported: native SPEC cases are not VMEC inputs,3,vmec_family,vmec_indata,wout_netcdf,,,,,,,,
SPEC/ci/G3V08L3FrGrid/G3V08L3FrGrid.001,vmecpp,failed,Unsupported: native SPEC cases are not VMEC inputs,3,vmec_family,vmec_indata,wout_netcdf,,,,,,,,
SPEC/ci/G3V08L3FrGrid/G3V08L3FrGrid.001,vmex,failed,Unsupported: native SPEC cases are not VMEC inputs,3,vmec_family,vmec_indata,wout_netcdf,,,,,,,,
SPEC/ci/G3V08L3Fr_FG/G3V08L3Fr.001,chease,failed,Unsupported: CHEASE requires a 2-D GEQDSK input,3,grad_shafranov,vmec_indata_via_geqdsk,geqdsk,,,,,,,,
SPEC/ci/G3V08L3Fr_FG/G3V08L3Fr.001,desc,failed,Unsupported: native SPEC cases are not VMEC inputs,3,vmec_family,vmec_indata,wout_netcdf,,,,,,,,
SPEC/ci/G3V08L3Fr_FG/G3V08L3Fr.001,educational_vmec,failed,Unsupported: native SPEC cases are not VMEC inputs,3,vmec_family,vmec_indata,wout_netcdf,,,,,,,,
SPEC/ci/G3V08L3Fr_FG/G3V08L3Fr.001,freegs,failed,Unsupported: FreeGS is restricted to 2-D Grad-Shafranov cases,3,grad_shafranov,vmec_indata_or_case,geqdsk,,,,,,,,
SPEC/ci/G3V08L3Fr_FG/G3V08L3Fr.001,gvec,failed,Unsupported: native SPEC cases are not VMEC inputs,3,vmec_family,vmec_indata,gvec_state,,,,,,,,
SPEC/ci/G3V08L3Fr_FG/G3V08L3Fr.001,jvmec,failed,Unsupported: native SPEC cases are not VMEC inputs,3,vmec_family,vmec_indata,wout_netcdf,,,,,,,,
SPEC/ci/G3V08L3Fr_FG/G3V08L3Fr.001,parvmec,failed,Unsupported: native SPEC cases are not VMEC inputs,3,vmec_family,vmec_indata,wout_netcdf,,,,,,,,
SPEC/ci/G3V08L3Fr_FG/G3V08L3Fr.001,spec,success,,3,spec_mhd,spec_namelist,spec_hdf5,,,,10.01131302570001,11.205901187157949,0.30867296672337,,0.003375912231392
SPEC/ci/G3V08L3Fr_FG/G3V08L3Fr.001,spectre,failed,Unsupported: SPECTRE requires VMEC input or native TOML,3,spectre_mhd,vmec_indata_or_spectre_toml,spectre_json,,,,,,,,
SPEC/ci/G3V08L3Fr_FG/G3V08L3Fr.001,vmec2000,failed,Unsupported: native SPEC cases are not VMEC inputs,3,vmec_family,vmec_indata,wout_netcdf,,,,,,,,
SPEC/ci/G3V08L3Fr_FG/G3V08L3Fr.001,vmecpp,failed,Unsupported: native SPEC cases are not VMEC inputs,3,vmec_family,vmec_indata,wout_netcdf,,,,,,,,
SPEC/ci/G3V08L3Fr_FG/G3V08L3Fr.001,vmex,failed,Unsupported: native SPEC cases are not VMEC inputs,3,vmec_family,vmec_indata,wout_netcdf,,,,,,,,
SPEC/ci/toroidal_freeboundary_vacuum/G3V02L0Fr,chease,failed,Unsupported: CHEASE requires a 2-D GEQDSK input,3,grad_shafranov,vmec_indata_via_geqdsk,geqdsk,,,,,,,,
SPEC/ci/toroidal_freeboundary_vacuum/G3V02L0Fr,desc,failed,Unsupported: native SPEC cases are not VMEC inputs,3,vmec_family,vmec_indata,wout_netcdf,,,,,,,,
SPEC/ci/toroidal_freeboundary_vacuum/G3V02L0Fr,educational_vmec,failed,Unsupported: native SPEC cases are not VMEC inputs,3,vmec_family,vmec_indata,wout_netcdf,,,,,,,,
SPEC/ci/toroidal_freeboundary_vacuum/G3V02L0Fr,freegs,failed,Unsupported: FreeGS is restricted to 2-D Grad-Shafranov cases,3,grad_shafranov,vmec_indata_or_case,geqdsk,,,,,,,,
SPEC/ci/toroidal_freeboundary_vacuum/G3V02L0Fr,gvec,failed,Unsupported: native SPEC cases are not VMEC inputs,3,vmec_family,vmec_indata,gvec_state,,,,,,,,
SPEC/ci/toroidal_freeboundary_vacuum/G3V02L0Fr,jvmec,failed,Unsupported: native SPEC cases are not VMEC inputs,3,vmec_family,vmec_indata,wout_netcdf,,,,,,,,
SPEC/ci/toroidal_freeboundary_vacuum/G3V02L0Fr,parvmec,failed,Unsupported: native SPEC cases are not VMEC inputs,3,vmec_family,vmec_indata,wout_netcdf,,,,,,,,
SPEC/ci/toroidal_freeboundary_vacuum/G3V02L0Fr,spec,success,,3,spec_mhd,spec_namelist,spec_hdf5,,,,0.0,2.5739220859454273,0.0,,-1.530482407474665e-10
SPEC/ci/toroidal_freeboundary_vacuum/G3V02L0Fr,spectre,failed,Unsupported: SPECTRE requires VMEC input or native TOML,3,spectre_mhd,vmec_indata_or_spectre_toml,spectre_json,,,,,,,,
SPEC/ci/toroidal_freeboundary_vacuum/G3V02L0Fr,vmec2000,failed,Unsupported: native SPEC cases are not VMEC inputs,3,vmec_family,vmec_indata,wout_netcdf,,,,,,,,
SPEC/ci/toroidal_freeboundary_vacuum/G3V02L0Fr,vmecpp,failed,Unsupported: native SPEC cases are not VMEC inputs,3,vmec_family,vmec_indata,wout_netcdf,,,,,,,,
SPEC/ci/toroidal_freeboundary_vacuum/G3V02L0Fr,vmex,failed,Unsupported: native SPEC cases are not VMEC inputs,3,vmec_family,vmec_indata,wout_netcdf,,,,,,,,
SPEC/ci/toroidal_freeboundary_vacuum/G3V02L0Fr_LU,chease,failed,Unsupported: CHEASE requires a 2-D GEQDSK input,3,grad_shafranov,vmec_indata_via_geqdsk,geqdsk,,,,,,,,
SPEC/ci/toroidal_freeboundary_vacuum/G3V02L0Fr_LU,desc,failed,Unsupported: native SPEC cases are not VMEC inputs,3,vmec_family,vmec_indata,wout_netcdf,,,,,,,,
SPEC/ci/toroidal_freeboundary_vacuum/G3V02L0Fr_LU,educational_vmec,failed,Unsupported: native SPEC cases are not VMEC inputs,3,vmec_family,vmec_indata,wout_netcdf,,,,,,,,
SPEC/ci/toroidal_freeboundary_vacuum/G3V02L0Fr_LU,freegs,failed,Unsupported: FreeGS is restricted to 2-D Grad-Shafranov cases,3,grad_shafranov,vmec_indata_or_case,geqdsk,,,,,,,,
SPEC/ci/toroidal_freeboundary_vacuum/G3V02L0Fr_LU,gvec,failed,Unsupported: native SPEC cases are not VMEC inputs,3,vmec_family,vmec_indata,gvec_state,,,,,,,,
SPEC/ci/toroidal_freeboundary_vacuum/G3V02L0Fr_LU,jvmec,failed,Unsupported: native SPEC cases are not VMEC inputs,3,vmec_family,vmec_indata,wout_netcdf,,,,,,,,
SPEC/ci/toroidal_freeboundary_vacuum/G3V02L0Fr_LU,parvmec,failed,Unsupported: native SPEC cases are not VMEC inputs,3,vmec_family,vmec_indata,wout_netcdf,,,,,,,,
SPEC/ci/toroidal_freeboundary_vacuum/G3V02L0Fr_LU,spec,success,,3,spec_mhd,spec_namelist,spec_hdf5,,,,0.0,2.5739220859457794,0.0,,-1.530482407474665e-10
SPEC/ci/toroidal_freeboundary_vacuum/G3V02L0Fr_LU,spectre,failed,Unsupported: SPECTRE requires VMEC input or native TOML,3,spectre_mhd,vmec_indata_or_spectre_toml,spectre_json,,,,,,,,
SPEC/ci/toroidal_freeboundary_vacuum/G3V02L0Fr_LU,vmec2000,failed,Unsupported: native SPEC cases are not VMEC inputs,3,vmec_family,vmec_indata,wout_netcdf,,,,,,,,
SPEC/ci/toroidal_freeboundary_vacuum/G3V02L0Fr_LU,vmecpp,failed,Unsupported: native SPEC cases are not VMEC inputs,3,vmec_family,vmec_indata,wout_netcdf,,,,,,,,
SPEC/ci/toroidal_freeboundary_vacuum/G3V02L0Fr_LU,vmex,failed,Unsupported: native SPEC cases are not VMEC inputs,3,vmec_family,vmec_indata,wout_netcdf,,,,,,,,
SPECTRE/analysis/finding_fixed_points/test_qa,chease,failed,Unsupported: CHEASE requires a 2-D GEQDSK input,3,grad_shafranov,vmec_indata_via_geqdsk,geqdsk,,,,,,,,
SPECTRE/analysis/finding_fixed_points/test_qa,desc,failed,Unsupported: native SPECTRE cases are not VMEC inputs,3,vmec_family,vmec_indata,wout_netcdf,,,,,,,,
SPECTRE/analysis/finding_fixed_points/test_qa,educational_vmec,failed,Unsupported: native SPECTRE cases are not VMEC inputs,3,vmec_family,vmec_indata,wout_netcdf,,,,,,,,
SPECTRE/analysis/finding_fixed_points/test_qa,freegs,failed,Unsupported: FreeGS is restricted to 2-D Grad-Shafranov cases,3,grad_shafranov,vmec_indata_or_case,geqdsk,,,,,,,,
SPECTRE/analysis/finding_fixed_points/test_qa,gvec,failed,Unsupported: native SPECTRE cases are not VMEC inputs,3,vmec_family,vmec_indata,gvec_state,,,,,,,,
SPECTRE/analysis/finding_fixed_points/test_qa,jvmec,failed,Unsupported: native SPECTRE cases are not VMEC inputs,3,vmec_family,vmec_indata,wout_netcdf,,,,,,,,
SPECTRE/analysis/finding_fixed_points/test_qa,parvmec,failed,Unsupported: native SPECTRE cases are not VMEC inputs,3,vmec_family,vmec_indata,wout_netcdf,,,,,,,,
SPECTRE/analysis/finding_fixed_points/test_qa,spec,failed,Unsupported: SPEC requires a native .sp input,3,spec_mhd,spec_namelist,spec_hdf5,,,,,,,,
SPECTRE/analysis/finding_fixed_points/test_qa,spectre,failed,Run failed,3,spectre_mhd,vmec_indata_or_spectre_toml,spectre_json,,,,,,,,
SPECTRE/analysis/finding_fixed_points/test_qa,vmec2000,failed,Unsupported: native SPECTRE cases are not VMEC inputs,3,vmec_family,vmec_indata,wout_netcdf,,,,,,,,
SPECTRE/analysis/finding_fixed_points/test_qa,vmecpp,failed,Unsupported: native SPECTRE cases are not VMEC inputs,3,vmec_family,vmec_indata,wout_netcdf,,,,,,,,
SPECTRE/analysis/finding_fixed_points/test_qa,vmex,failed,Unsupported: native SPECTRE cases are not VMEC inputs,3,vmec_family,vmec_indata,wout_netcdf,,,,,,,,
SPECTRE/analysis/finding_fixed_points/test_qa_nvol7,chease,failed,Unsupported: CHEASE requires a 2-D GEQDSK input,3,grad_shafranov,vmec_indata_via_geqdsk,geqdsk,,,,,,,,
SPECTRE/analysis/finding_fixed_points/test_qa_nvol7,desc,failed,Unsupported: native SPECTRE cases are not VMEC inputs,3,vmec_family,vmec_indata,wout_netcdf,,,,,,,,
SPECTRE/analysis/finding_fixed_points/test_qa_nvol7,educational_vmec,failed,Unsupported: native SPECTRE cases are not VMEC inputs,3,vmec_family,vmec_indata,wout_netcdf,,,,,,,,
SPECTRE/analysis/finding_fixed_points/test_qa_nvol7,freegs,failed,Unsupported: FreeGS is restricted to 2-D Grad-Shafranov cases,3,grad_shafranov,vmec_indata_or_case,geqdsk,,,,,,,,
SPECTRE/analysis/finding_fixed_points/test_qa_nvol7,gvec,failed,Unsupported: native SPECTRE cases are not VMEC inputs,3,vmec_family,vmec_indata,gvec_state,,,,,,,,
SPECTRE/analysis/finding_fixed_points/test_qa_nvol7,jvmec,failed,Unsupported: native SPECTRE cases are not VMEC inputs,3,vmec_family,vmec_indata,wout_netcdf,,,,,,,,
SPECTRE/analysis/finding_fixed_points/test_qa_nvol7,parvmec,failed,Unsupported: native SPECTRE cases are not VMEC inputs,3,vmec_family,vmec_indata,wout_netcdf,,,,,,,,
SPECTRE/analysis/finding_fixed_points/test_qa_nvol7,spec,failed,Unsupported: SPEC requires a native .sp input,3,spec_mhd,spec_namelist,spec_hdf5,,,,,,,,
SPECTRE/analysis/finding_fixed_points/test_qa_nvol7,spectre,failed,Run failed,3,spectre_mhd,vmec_indata_or_spectre_toml,spectre_json,,,,,,,,
SPECTRE/analysis/finding_fixed_points/test_qa_nvol7,vmec2000,failed,Unsupported: native SPECTRE cases are not VMEC inputs,3,vmec_family,vmec_indata,wout_netcdf,,,,,,,,
SPECTRE/analysis/finding_fixed_points/test_qa_nvol7,vmecpp,failed,Unsupported: native SPECTRE cases are not VMEC inputs,3,vmec_family,vmec_indata,wout_netcdf,,,,,,,,
SPECTRE/analysis/finding_fixed_points/test_qa_nvol7,vmex,failed,Unsupported: native SPECTRE cases are not VMEC inputs,3,vmec_family,vmec_indata,wout_netcdf,,,,,,,,
SPECTRE/analysis/finding_fixed_points/test_w7x,chease,failed,Unsupported: CHEASE requires a 2-D GEQDSK input,3,grad_shafranov,vmec_indata_via_geqdsk,geqdsk,,,,,,,,
SPECTRE/analysis/finding_fixed_points/test_w7x,desc,failed,Unsupported: native SPECTRE cases are not VMEC inputs,3,vmec_family,vmec_indata,wout_netcdf,,,,,,,,
SPECTRE/analysis/finding_fixed_points/test_w7x,educational_vmec,failed,Unsupported: native SPECTRE cases are not VMEC inputs,3,vmec_family,vmec_indata,wout_netcdf,,,,,,,,
SPECTRE/analysis/finding_fixed_points/test_w7x,freegs,failed,Unsupported: FreeGS is restricted to 2-D Grad-Shafranov cases,3,grad_shafranov,vmec_indata_or_case,geqdsk,,,,,,,,
SPECTRE/analysis/finding_fixed_points/test_w7x,gvec,failed,Unsupported: native SPECTRE cases are not VMEC inputs,3,vmec_family,vmec_indata,gvec_state,,,,,,,,
SPECTRE/analysis/finding_fixed_points/test_w7x,jvmec,failed,Unsupported: native SPECTRE cases are not VMEC inputs,3,vmec_family,vmec_indata,wout_netcdf,,,,,,,,
SPECTRE/analysis/finding_fixed_points/test_w7x,parvmec,failed,Unsupported: native SPECTRE cases are not VMEC inputs,3,vmec_family,vmec_indata,wout_netcdf,,,,,,,,
SPECTRE/analysis/finding_fixed_points/test_w7x,spec,failed,Unsupported: SPEC requires a native .sp input,3,spec_mhd,spec_namelist,spec_hdf5,,,,,,,,
SPECTRE/analysis/finding_fixed_points/test_w7x,spectre,failed,Run failed,3,spectre_mhd,vmec_indata_or_spectre_toml,spectre_json,,,,,,,,
SPECTRE/analysis/finding_fixed_points/test_w7x,vmec2000,failed,Unsupported: native SPECTRE cases are not VMEC inputs,3,vmec_family,vmec_indata,wout_netcdf,,,,,,,,
SPECTRE/analysis/finding_fixed_points/test_w7x,vmecpp,failed,Unsupported: native SPECTRE cases are not VMEC inputs,3,vmec_family,vmec_indata,wout_netcdf,,,,,,,,
SPECTRE/analysis/finding_fixed_points/test_w7x,vmex,failed,Unsupported: native SPECTRE cases are not VMEC inputs,3,vmec_family,vmec_indata,wout_netcdf,,,,,,,,
SPECTRE/analysis/trace_poincare_custom/fixb_7vol,chease,failed,Unsupported: CHEASE requires a 2-D GEQDSK input,3,grad_shafranov,vmec_indata_via_geqdsk,geqdsk,,,,,,,,
SPECTRE/analysis/trace_poincare_custom/fixb_7vol,desc,failed,Unsupported: native SPECTRE cases are not VMEC inputs,3,vmec_family,vmec_indata,wout_netcdf,,,,,,,,
SPECTRE/analysis/trace_poincare_custom/fixb_7vol,educational_vmec,failed,Unsupported: native SPECTRE cases are not VMEC inputs,3,vmec_family,vmec_indata,wout_netcdf,,,,,,,,
SPECTRE/analysis/trace_poincare_custom/fixb_7vol,freegs,failed,Unsupported: FreeGS is restricted to 2-D Grad-Shafranov cases,3,grad_shafranov,vmec_indata_or_case,geqdsk,,,,,,,,
SPECTRE/analysis/trace_poincare_custom/fixb_7vol,gvec,failed,Unsupported: native SPECTRE cases are not VMEC inputs,3,vmec_family,vmec_indata,gvec_state,,,,,,,,
SPECTRE/analysis/trace_poincare_custom/fixb_7vol,jvmec,failed,Unsupported: native SPECTRE cases are not VMEC inputs,3,vmec_family,vmec_indata,wout_netcdf,,,,,,,,
SPECTRE/analysis/trace_poincare_custom/fixb_7vol,parvmec,failed,Unsupported: native SPECTRE cases are not VMEC inputs,3,vmec_family,vmec_indata,wout_netcdf,,,,,,,,
SPECTRE/analysis/trace_poincare_custom/fixb_7vol,spec,failed,Unsupported: native SPECTRE cases are not VMEC inputs,3,spec_mhd,spec_namelist,spec_hdf5,,,,,,,,
SPECTRE/analysis/trace_poincare_custom/fixb_7vol,spectre,failed,Run failed,3,spectre_mhd,vmec_indata_or_spectre_toml,spectre_json,,,,,,,,
SPECTRE/analysis/trace_poincare_custom/fixb_7vol,vmec2000,failed,Unsupported: native SPECTRE cases are not VMEC inputs,3,vmec_family,vmec_indata,wout_netcdf,,,,,,,,
SPECTRE/analysis/trace_poincare_custom/fixb_7vol,vmecpp,failed,Unsupported: native SPECTRE cases are not VMEC inputs,3,vmec_family,vmec_indata,wout_netcdf,,,,,,,,
SPECTRE/analysis/trace_poincare_custom/fixb_7vol,vmex,failed,Unsupported: native SPECTRE cases are not VMEC inputs,3,vmec_family,vmec_indata,wout_netcdf,,,,,,,,
SPECTRE/analysis/trace_poincare_custom/freeb_2vol,chease,failed,Unsupported: CHEASE requires a 2-D GEQDSK input,3,grad_shafranov,vmec_indata_via_geqdsk,geqdsk,,,,,,,,
SPECTRE/analysis/trace_poincare_custom/freeb_2vol,desc,failed,Unsupported: native SPECTRE cases are not VMEC inputs,3,vmec_family,vmec_indata,wout_netcdf,,,,,,,,
SPECTRE/analysis/trace_poincare_custom/freeb_2vol,educational_vmec,failed,Unsupported: native SPECTRE cases are not VMEC inputs,3,vmec_family,vmec_indata,wout_netcdf,,,,,,,,
SPECTRE/analysis/trace_poincare_custom/freeb_2vol,freegs,failed,Unsupported: FreeGS is restricted to 2-D Grad-Shafranov cases,3,grad_shafranov,vmec_indata_or_case,geqdsk,,,,,,,,
SPECTRE/analysis/trace_poincare_custom/freeb_2vol,gvec,failed,Unsupported: native SPECTRE cases are not VMEC inputs,3,vmec_family,vmec_indata,gvec_state,,,,,,,,
SPECTRE/analysis/trace_poincare_custom/freeb_2vol,jvmec,failed,Unsupported: native SPECTRE cases are not VMEC inputs,3,vmec_family,vmec_indata,wout_netcdf,,,,,,,,
SPECTRE/analysis/trace_poincare_custom/freeb_2vol,parvmec,failed,Unsupported: native SPECTRE cases are not VMEC inputs,3,vmec_family,vmec_indata,wout_netcdf,,,,,,,,
SPECTRE/analysis/trace_poincare_custom/freeb_2vol,spec,failed,Unsupported: native SPECTRE cases are not VMEC inputs,3,spec_mhd,spec_namelist,spec_hdf5,,,,,,,,
SPECTRE/analysis/trace_poincare_custom/freeb_2vol,spectre,failed,Run failed,3,spectre_mhd,vmec_indata_or_spectre_toml,spectre_json,,,,,,,,
SPECTRE/analysis/trace_poincare_custom/freeb_2vol,vmec2000,failed,Unsupported: native SPECTRE cases are not VMEC inputs,3,vmec_family,vmec_indata,wout_netcdf,,,,,,,,
SPECTRE/analysis/trace_poincare_custom/freeb_2vol,vmecpp,failed,Unsupported: native SPECTRE cases are not VMEC inputs,3,vmec_family,vmec_indata,wout_netcdf,,,,,,,,
SPECTRE/analysis/trace_poincare_custom/freeb_2vol,vmex,failed,Unsupported: native SPECTRE cases are not VMEC inputs,3,vmec_family,vmec_indata,wout_netcdf,,,,,,,,
SPECTRE/compare/G2V32L1Fi/input_spec,chease,failed,Unsupported: CHEASE requires a 2-D GEQDSK input,3,grad_shafranov,vmec_indata_via_geqdsk,geqdsk,,,,,,,,
SPECTRE/compare/G2V32L1Fi/input_spec,desc,failed,Unsupported: native SPECTRE cases are not VMEC inputs,3,vmec_family,vmec_indata,wout_netcdf,,,,,,,,
SPECTRE/compare/G2V32L1Fi/input_spec,educational_vmec,failed,Unsupported: native SPECTRE cases are not VMEC inputs,3,vmec_family,vmec_indata,wout_netcdf,,,,,,,,
SPECTRE/compare/G2V32L1Fi/input_spec,freegs,failed,Unsupported: FreeGS is restricted to 2-D Grad-Shafranov cases,3,grad_shafranov,vmec_indata_or_case,geqdsk,,,,,,,,
SPECTRE/compare/G2V32L1Fi/input_spec,gvec,failed,Unsupported: native SPECTRE cases are not VMEC inputs,3,vmec_family,vmec_indata,gvec_state,,,,,,,,
SPECTRE/compare/G2V32L1Fi/input_spec,jvmec,failed,Unsupported: native SPECTRE cases are not VMEC inputs,3,vmec_family,vmec_indata,wout_netcdf,,,,,,,,
SPECTRE/compare/G2V32L1Fi/input_spec,parvmec,failed,Unsupported: native SPECTRE cases are not VMEC inputs,3,vmec_family,vmec_indata,wout_netcdf,,,,,,,,
SPECTRE/compare/G2V32L1Fi/input_spec,spec,failed,Unsupported: native SPECTRE cases are not VMEC inputs,3,spec_mhd,spec_namelist,spec_hdf5,,,,,,,,
SPECTRE/compare/G2V32L1Fi/input_spec,spectre,failed,Run failed,3,spectre_mhd,vmec_indata_or_spectre_toml,spectre_json,,,,,,,,
SPECTRE/compare/G2V32L1Fi/input_spec,vmec2000,failed,Unsupported: native SPECTRE cases are not VMEC inputs,3,vmec_family,vmec_indata,wout_netcdf,,,,,,,,
SPECTRE/compare/G2V32L1Fi/input_spec,vmecpp,failed,Unsupported: native SPECTRE cases are not VMEC inputs,3,vmec_family,vmec_indata,wout_netcdf,,,,,,,,
SPECTRE/compare/G2V32L1Fi/input_spec,vmex,failed,Unsupported: native SPECTRE cases are not VMEC inputs,3,vmec_family,vmec_indata,wout_netcdf,,,,,,,,
SPECTRE/compare/G2V32L1Fi/toml,chease,failed,Unsupported: CHEASE requires a 2-D GEQDSK input,3,grad_shafranov,vmec_indata_via_geqdsk,geqdsk,,,,,,,,
SPECTRE/compare/G2V32L1Fi/toml,desc,failed,Unsupported: native SPECTRE cases are not VMEC inputs,3,vmec_family,vmec_indata,wout_netcdf,,,,,,,,
SPECTRE/compare/G2V32L1Fi/toml,educational_vmec,failed,Unsupported: native SPECTRE cases are not VMEC inputs,3,vmec_family,vmec_indata,wout_netcdf,,,,,,,,
SPECTRE/compare/G2V32L1Fi/toml,freegs,failed,Unsupported: FreeGS is restricted to 2-D Grad-Shafranov cases,3,grad_shafranov,vmec_indata_or_case,geqdsk,,,,,,,,
SPECTRE/compare/G2V32L1Fi/toml,gvec,failed,Unsupported: native SPECTRE cases are not VMEC inputs,3,vmec_family,vmec_indata,gvec_state,,,,,,,,
SPECTRE/compare/G2V32L1Fi/toml,jvmec,failed,Unsupported: native SPECTRE cases are not VMEC inputs,3,vmec_family,vmec_indata,wout_netcdf,,,,,,,,
SPECTRE/compare/G2V32L1Fi/toml,parvmec,failed,Unsupported: native SPECTRE cases are not VMEC inputs,3,vmec_family,vmec_indata,wout_netcdf,,,,,,,,
SPECTRE/compare/G2V32L1Fi/toml,spec,failed,Unsupported: SPEC requires a native .sp input,3,spec_mhd,spec_namelist,spec_hdf5,,,,,,,,
SPECTRE/compare/G2V32L1Fi/toml,spectre,failed,Unsupported: VMEC INDATA namelist is missing,3,spectre_mhd,vmec_indata_or_spectre_toml,spectre_json,,,,,,,,
SPECTRE/compare/G2V32L1Fi/toml,vmec2000,failed,Unsupported: native SPECTRE cases are not VMEC inputs,3,vmec_family,vmec_indata,wout_netcdf,,,,,,,,
SPECTRE/compare/G2V32L1Fi/toml,vmecpp,failed,Unsupported: native SPECTRE cases are not VMEC inputs,3,vmec_family,vmec_indata,wout_netcdf,,,,,,,,
SPECTRE/compare/G2V32L1Fi/toml,vmex,failed,Unsupported: native SPECTRE cases are not VMEC inputs,3,vmec_family,vmec_indata,wout_netcdf,,,,,,,,
SPECTRE/compare/G3V3L2Fi_stability/input_spec,chease,failed,Unsupported: CHEASE requires a 2-D GEQDSK input,3,grad_shafranov,vmec_indata_via_geqdsk,geqdsk,,,,,,,,
SPECTRE/compare/G3V3L2Fi_stability/input_spec,desc,failed,Unsupported: native SPECTRE cases are not VMEC inputs,3,vmec_family,vmec_indata,wout_netcdf,,,,,,,,
SPECTRE/compare/G3V3L2Fi_stability/input_spec,educational_vmec,failed,Unsupported: native SPECTRE cases are not VMEC inputs,3,vmec_family,vmec_indata,wout_netcdf,,,,,,,,
SPECTRE/compare/G3V3L2Fi_stability/input_spec,freegs,failed,Unsupported: FreeGS is restricted to 2-D Grad-Shafranov cases,3,grad_shafranov,vmec_indata_or_case,geqdsk,,,,,,,,
SPECTRE/compare/G3V3L2Fi_stability/input_spec,gvec,failed,Unsupported: native SPECTRE cases are not VMEC inputs,3,vmec_family,vmec_indata,gvec_state,,,,,,,,
SPECTRE/compare/G3V3L2Fi_stability/input_spec,jvmec,failed,Unsupported: native SPECTRE cases are not VMEC inputs,3,vmec_family,vmec_indata,wout_netcdf,,,,,,,,
SPECTRE/compare/G3V3L2Fi_stability/input_spec,parvmec,failed,Unsupported: native SPECTRE cases are not VMEC inputs,3,vmec_family,vmec_indata,wout_netcdf,,,,,,,,
SPECTRE/compare/G3V3L2Fi_stability/input_spec,spec,failed,Unsupported: native SPECTRE cases are not VMEC inputs,3,spec_mhd,spec_namelist,spec_hdf5,,,,,,,,
SPECTRE/compare/G3V3L2Fi_stability/input_spec,spectre,failed,Run failed,3,spectre_mhd,vmec_indata_or_spectre_toml,spectre_json,,,,,,,,
SPECTRE/compare/G3V3L2Fi_stability/input_spec,vmec2000,failed,Unsupported: native SPECTRE cases are not VMEC inputs,3,vmec_family,vmec_indata,wout_netcdf,,,,,,,,
SPECTRE/compare/G3V3L2Fi_stability/input_spec,vmecpp,failed,Unsupported: native SPECTRE cases are not VMEC inputs,3,vmec_family,vmec_indata,wout_netcdf,,,,,,,,
SPECTRE/compare/G3V3L2Fi_stability/input_spec,vmex,failed,Unsupported: native SPECTRE cases are not VMEC inputs,3,vmec_family,vmec_indata,wout_netcdf,,,,,,,,
SPECTRE/compare/G3V3L2Fi_stability/toml,chease,failed,Unsupported: CHEASE requires a 2-D GEQDSK input,3,grad_shafranov,vmec_indata_via_geqdsk,geqdsk,,,,,,,,
SPECTRE/compare/G3V3L2Fi_stability/toml,desc,failed,Unsupported: native SPECTRE cases are not VMEC inputs,3,vmec_family,vmec_indata,wout_netcdf,,,,,,,,
SPECTRE/compare/G3V3L2Fi_stability/toml,educational_vmec,failed,Unsupported: native SPECTRE cases are not VMEC inputs,3,vmec_family,vmec_indata,wout_netcdf,,,,,,,,
SPECTRE/compare/G3V3L2Fi_stability/toml,freegs,failed,Unsupported: FreeGS is restricted to 2-D Grad-Shafranov cases,3,grad_shafranov,vmec_indata_or_case,geqdsk,,,,,,,,
SPECTRE/compare/G3V3L2Fi_stability/toml,gvec,failed,Unsupported: native SPECTRE cases are not VMEC inputs,3,vmec_family,vmec_indata,gvec_state,,,,,,,,
SPECTRE/compare/G3V3L2Fi_stability/toml,jvmec,failed,Unsupported: native SPECTRE cases are not VMEC inputs,3,vmec_family,vmec_indata,wout_netcdf,,,,,,,,
SPECTRE/compare/G3V3L2Fi_stability/toml,parvmec,failed,Unsupported: native SPECTRE cases are not VMEC inputs,3,vmec_family,vmec_indata,wout_netcdf,,,,,,,,
SPECTRE/compare/G3V3L2Fi_stability/toml,spec,failed,Unsupported: SPEC requires a native .sp input,3,spec_mhd,spec_namelist,spec_hdf5,,,,,,,,
SPECTRE/compare/G3V3L2Fi_stability/toml,spectre,failed,Unsupported: VMEC INDATA namelist is missing,3,spectre_mhd,vmec_indata_or_spectre_toml,spectre_json,,,,,,,,
SPECTRE/compare/G3V3L2Fi_stability/toml,vmec2000,failed,Unsupported: native SPECTRE cases are not VMEC inputs,3,vmec_family,vmec_indata,wout_netcdf,,,,,,,,
SPECTRE/compare/G3V3L2Fi_stability/toml,vmecpp,failed,Unsupported: native SPECTRE cases are not VMEC inputs,3,vmec_family,vmec_indata,wout_netcdf,,,,,,,,
SPECTRE/compare/G3V3L2Fi_stability/toml,vmex,failed,Unsupported: native SPECTRE cases are not VMEC inputs,3,vmec_family,vmec_indata,wout_netcdf,,,,,,,,
SPECTRE/compare/G3V3L3Fi/input_spec,chease,failed,Unsupported: CHEASE requires a 2-D GEQDSK input,3,grad_shafranov,vmec_indata_via_geqdsk,geqdsk,,,,,,,,
SPECTRE/compare/G3V3L3Fi/input_spec,desc,failed,Unsupported: native SPECTRE cases are not VMEC inputs,3,vmec_family,vmec_indata,wout_netcdf,,,,,,,,
SPECTRE/compare/G3V3L3Fi/input_spec,educational_vmec,failed,Unsupported: native SPECTRE cases are not VMEC inputs,3,vmec_family,vmec_indata,wout_netcdf,,,,,,,,
SPECTRE/compare/G3V3L3Fi/input_spec,freegs,failed,Unsupported: FreeGS is restricted to 2-D Grad-Shafranov cases,3,grad_shafranov,vmec_indata_or_case,geqdsk,,,,,,,,
SPECTRE/compare/G3V3L3Fi/input_spec,gvec,failed,Unsupported: native SPECTRE cases are not VMEC inputs,3,vmec_family,vmec_indata,gvec_state,,,,,,,,
SPECTRE/compare/G3V3L3Fi/input_spec,jvmec,failed,Unsupported: native SPECTRE cases are not VMEC inputs,3,vmec_family,vmec_indata,wout_netcdf,,,,,,,,
SPECTRE/compare/G3V3L3Fi/input_spec,parvmec,failed,Unsupported: native SPECTRE cases are not VMEC inputs,3,vmec_family,vmec_indata,wout_netcdf,,,,,,,,
SPECTRE/compare/G3V3L3Fi/input_spec,spec,failed,Unsupported: native SPECTRE cases are not VMEC inputs,3,spec_mhd,spec_namelist,spec_hdf5,,,,,,,,
SPECTRE/compare/G3V3L3Fi/input_spec,spectre,failed,Run failed,3,spectre_mhd,vmec_indata_or_spectre_toml,spectre_json,,,,,,,,
SPECTRE/compare/G3V3L3Fi/input_spec,vmec2000,failed,Unsupported: native SPECTRE cases are not VMEC inputs,3,vmec_family,vmec_indata,wout_netcdf,,,,,,,,
SPECTRE/compare/G3V3L3Fi/input_spec,vmecpp,failed,Unsupported: native SPECTRE cases are not VMEC inputs,3,vmec_family,vmec_indata,wout_netcdf,,,,,,,,
SPECTRE/compare/G3V3L3Fi/input_spec,vmex,failed,Unsupported: native SPECTRE cases are not VMEC inputs,3,vmec_family,vmec_indata,wout_netcdf,,,,,,,,
SPECTRE/compare/G3V3L3Fi/toml,chease,failed,Unsupported: CHEASE requires a 2-D GEQDSK input,3,grad_shafranov,vmec_indata_via_geqdsk,geqdsk,,,,,,,,
SPECTRE/compare/G3V3L3Fi/toml,desc,failed,Unsupported: native SPECTRE cases are not VMEC inputs,3,vmec_family,vmec_indata,wout_netcdf,,,,,,,,
SPECTRE/compare/G3V3L3Fi/toml,educational_vmec,failed,Unsupported: native SPECTRE cases are not VMEC inputs,3,vmec_family,vmec_indata,wout_netcdf,,,,,,,,
SPECTRE/compare/G3V3L3Fi/toml,freegs,failed,Unsupported: FreeGS is restricted to 2-D Grad-Shafranov cases,3,grad_shafranov,vmec_indata_or_case,geqdsk,,,,,,,,
SPECTRE/compare/G3V3L3Fi/toml,gvec,failed,Unsupported: native SPECTRE cases are not VMEC inputs,3,vmec_family,vmec_indata,gvec_state,,,,,,,,
SPECTRE/compare/G3V3L3Fi/toml,jvmec,failed,Unsupported: native SPECTRE cases are not VMEC inputs,3,vmec_family,vmec_indata,wout_netcdf,,,,,,,,
SPECTRE/compare/G3V3L3Fi/toml,parvmec,failed,Unsupported: native SPECTRE cases are not VMEC inputs,3,vmec_family,vmec_indata,wout_netcdf,,,,,,,,
SPECTRE/compare/G3V3L3Fi/toml,spec,failed,Unsupported: SPEC requires a native .sp input,3,spec_mhd,spec_namelist,spec_hdf5,,,,,,,,
SPECTRE/compare/G3V3L3Fi/toml,spectre,failed,Unsupported: VMEC INDATA namelist is missing,3,spectre_mhd,vmec_indata_or_spectre_toml,spectre_json,,,,,,,,
SPECTRE/compare/G3V3L3Fi/toml,vmec2000,failed,Unsupported: native SPECTRE cases are not VMEC inputs,3,vmec_family,vmec_indata,wout_netcdf,,,,,,,,
SPECTRE/compare/G3V3L3Fi/toml,vmecpp,failed,Unsupported: native SPECTRE cases are not VMEC inputs,3,vmec_family,vmec_indata,wout_netcdf,,,,,,,,
SPECTRE/compare/G3V3L3Fi/toml,vmex,failed,Unsupported: native SPECTRE cases are not VMEC inputs,3,vmec_family,vmec_indata,wout_netcdf,,,,,,,,
SPECTRE/compare/G3V8L3Free/input_spec,chease,failed,Unsupported: CHEASE requires a 2-D GEQDSK input,3,grad_shafranov,vmec_indata_via_geqdsk,geqdsk,,,,,,,,
SPECTRE/compare/G3V8L3Free/input_spec,desc,failed,Unsupported: native SPECTRE cases are not VMEC inputs,3,vmec_family,vmec_indata,wout_netcdf,,,,,,,,
SPECTRE/compare/G3V8L3Free/input_spec,educational_vmec,failed,Unsupported: native SPECTRE cases are not VMEC inputs,3,vmec_family,vmec_indata,wout_netcdf,,,,,,,,
SPECTRE/compare/G3V8L3Free/input_spec,freegs,failed,Unsupported: FreeGS is restricted to 2-D Grad-Shafranov cases,3,grad_shafranov,vmec_indata_or_case,geqdsk,,,,,,,,
SPECTRE/compare/G3V8L3Free/input_spec,gvec,failed,Unsupported: native SPECTRE cases are not VMEC inputs,3,vmec_family,vmec_indata,gvec_state,,,,,,,,
SPECTRE/compare/G3V8L3Free/input_spec,jvmec,failed,Unsupported: native SPECTRE cases are not VMEC inputs,3,vmec_family,vmec_indata,wout_netcdf,,,,,,,,
SPECTRE/compare/G3V8L3Free/input_spec,parvmec,failed,Unsupported: native SPECTRE cases are not VMEC inputs,3,vmec_family,vmec_indata,wout_netcdf,,,,,,,,
SPECTRE/compare/G3V8L3Free/input_spec,spec,failed,Unsupported: native SPECTRE cases are not VMEC inputs,3,spec_mhd,spec_namelist,spec_hdf5,,,,,,,,
SPECTRE/compare/G3V8L3Free/input_spec,spectre,failed,Run failed,3,spectre_mhd,vmec_indata_or_spectre_toml,spectre_json,,,,,,,,
SPECTRE/compare/G3V8L3Free/input_spec,vmec2000,failed,Unsupported: native SPECTRE cases are not VMEC inputs,3,vmec_family,vmec_indata,wout_netcdf,,,,,,,,
SPECTRE/compare/G3V8L3Free/input_spec,vmecpp,failed,Unsupported: native SPECTRE cases are not VMEC inputs,3,vmec_family,vmec_indata,wout_netcdf,,,,,,,,
SPECTRE/compare/G3V8L3Free/input_spec,vmex,failed,Unsupported: native SPECTRE cases are not VMEC inputs,3,vmec_family,vmec_indata,wout_netcdf,,,,,,,,
SPECTRE/compare/G3V8L3Free/toml,chease,failed,Unsupported: CHEASE requires a 2-D GEQDSK input,3,grad_shafranov,vmec_indata_via_geqdsk,geqdsk,,,,,,,,
SPECTRE/compare/G3V8L3Free/toml,desc,failed,Unsupported: native SPECTRE cases are not VMEC inputs,3,vmec_family,vmec_indata,wout_netcdf,,,,,,,,
SPECTRE/compare/G3V8L3Free/toml,educational_vmec,failed,Unsupported: native SPECTRE cases are not VMEC inputs,3,vmec_family,vmec_indata,wout_netcdf,,,,,,,,
SPECTRE/compare/G3V8L3Free/toml,freegs,failed,Unsupported: FreeGS is restricted to 2-D Grad-Shafranov cases,3,grad_shafranov,vmec_indata_or_case,geqdsk,,,,,,,,
SPECTRE/compare/G3V8L3Free/toml,gvec,failed,Unsupported: native SPECTRE cases are not VMEC inputs,3,vmec_family,vmec_indata,gvec_state,,,,,,,,
SPECTRE/compare/G3V8L3Free/toml,jvmec,failed,Unsupported: native SPECTRE cases are not VMEC inputs,3,vmec_family,vmec_indata,wout_netcdf,,,,,,,,
SPECTRE/compare/G3V8L3Free/toml,parvmec,failed,Unsupported: native SPECTRE cases are not VMEC inputs,3,vmec_family,vmec_indata,wout_netcdf,,,,,,,,
SPECTRE/compare/G3V8L3Free/toml,spec,failed,Unsupported: SPEC requires a native .sp input,3,spec_mhd,spec_namelist,spec_hdf5,,,,,,,,
SPECTRE/compare/G3V8L3Free/toml,spectre,failed,Unsupported: VMEC INDATA namelist is missing,3,spectre_mhd,vmec_indata_or_spectre_toml,spectre_json,,,,,,,,
SPECTRE/compare/G3V8L3Free/toml,vmec2000,failed,Unsupported: native SPECTRE cases are not VMEC inputs,3,vmec_family,vmec_indata,wout_netcdf,,,,,,,,
SPECTRE/compare/G3V8L3Free/toml,vmecpp,failed,Unsupported: native SPECTRE cases are not VMEC inputs,3,vmec_family,vmec_indata,wout_netcdf,,,,,,,,
SPECTRE/compare/G3V8L3Free/toml,vmex,failed,Unsupported: native SPECTRE cases are not VMEC inputs,3,vmec_family,vmec_indata,wout_netcdf,,,,,,,,
SPECTRE/file_io/oversized_guess,chease,failed,Unsupported: CHEASE requires a 2-D GEQDSK input,3,grad_shafranov,vmec_indata_via_geqdsk,geqdsk,,,,,,,,
SPECTRE/file_io/oversized_guess,desc,failed,Unsupported: native SPECTRE cases are not VMEC inputs,3,vmec_family,vmec_indata,wout_netcdf,,,,,,,,
SPECTRE/file_io/oversized_guess,educational_vmec,failed,Unsupported: native SPECTRE cases are not VMEC inputs,3,vmec_family,vmec_indata,wout_netcdf,,,,,,,,
SPECTRE/file_io/oversized_guess,freegs,failed,Unsupported: FreeGS is restricted to 2-D Grad-Shafranov cases,3,grad_shafranov,vmec_indata_or_case,geqdsk,,,,,,,,
SPECTRE/file_io/oversized_guess,gvec,failed,Unsupported: native SPECTRE cases are not VMEC inputs,3,vmec_family,vmec_indata,gvec_state,,,,,,,,
SPECTRE/file_io/oversized_guess,jvmec,failed,Unsupported: native SPECTRE cases are not VMEC inputs,3,vmec_family,vmec_indata,wout_netcdf,,,,,,,,
SPECTRE/file_io/oversized_guess,parvmec,failed,Unsupported: native SPECTRE cases are not VMEC inputs,3,vmec_family,vmec_indata,wout_netcdf,,,,,,,,
SPECTRE/file_io/oversized_guess,spec,failed,Unsupported: SPEC requires a native .sp input,3,spec_mhd,spec_namelist,spec_hdf5,,,,,,,,
SPECTRE/file_io/oversized_guess,spectre,success,,3,spectre_mhd,vmec_indata_or_spectre_toml,spectre_json,,,,,,,,
SPECTRE/file_io/oversized_guess,vmec2000,failed,Unsupported: native SPECTRE cases are not VMEC inputs,3,vmec_family,vmec_indata,wout_netcdf,,,,,,,,
SPECTRE/file_io/oversized_guess,vmecpp,failed,Unsupported: native SPECTRE cases are not VMEC inputs,3,vmec_family,vmec_indata,wout_netcdf,,,,,,,,
SPECTRE/file_io/oversized_guess,vmex,failed,Unsupported: native SPECTRE cases are not VMEC inputs,3,vmec_family,vmec_indata,wout_netcdf,,,,,,,,
SPECTRE/file_io/spec_inputs/G1V31L1Fi.001,chease,failed,Unsupported: CHEASE requires a 2-D GEQDSK input,3,grad_shafranov,vmec_indata_via_geqdsk,geqdsk,,,,,,,,
SPECTRE/file_io/spec_inputs/G1V31L1Fi.001,desc,failed,Unsupported: native SPECTRE cases are not VMEC inputs,3,vmec_family,vmec_indata,wout_netcdf,,,,,,,,
SPECTRE/file_io/spec_inputs/G1V31L1Fi.001,educational_vmec,failed,Unsupported: native SPECTRE cases are not VMEC inputs,3,vmec_family,vmec_indata,wout_netcdf,,,,,,,,
SPECTRE/file_io/spec_inputs/G1V31L1Fi.001,freegs,failed,Unsupported: FreeGS is restricted to 2-D Grad-Shafranov cases,3,grad_shafranov,vmec_indata_or_case,geqdsk,,,,,,,,
SPECTRE/file_io/spec_inputs/G1V31L1Fi.001,gvec,failed,Unsupported: native SPECTRE cases are not VMEC inputs,3,vmec_family,vmec_indata,gvec_state,,,,,,,,
SPECTRE/file_io/spec_inputs/G1V31L1Fi.001,jvmec,failed,Unsupported: native SPECTRE cases are not VMEC inputs,3,vmec_family,vmec_indata,wout_netcdf,,,,,,,,
SPECTRE/file_io/spec_inputs/G1V31L1Fi.001,parvmec,failed,Unsupported: native SPECTRE cases are not VMEC inputs,3,vmec_family,vmec_indata,wout_netcdf,,,,,,,,
SPECTRE/file_io/spec_inputs/G1V31L1Fi.001,spec,failed,Unsupported: native SPECTRE cases are not VMEC inputs,3,spec_mhd,spec_namelist,spec_hdf5,,,,,,,,
SPECTRE/file_io/spec_inputs/G1V31L1Fi.001,spectre,failed,Run failed,3,spectre_mhd,vmec_indata_or_spectre_toml,spectre_json,,,,,,,,
SPECTRE/file_io/spec_inputs/G1V31L1Fi.001,vmec2000,failed,Unsupported: native SPECTRE cases are not VMEC inputs,3,vmec_family,vmec_indata,wout_netcdf,,,,,,,,
SPECTRE/file_io/spec_inputs/G1V31L1Fi.001,vmecpp,failed,Unsupported: native SPECTRE cases are not VMEC inputs,3,vmec_family,vmec_indata,wout_netcdf,,,,,,,,
SPECTRE/file_io/spec_inputs/G1V31L1Fi.001,vmex,failed,Unsupported: native SPECTRE cases are not VMEC inputs,3,vmec_family,vmec_indata,wout_netcdf,,,,,,,,
SPECTRE/file_io/spec_inputs/G2V32L3Fi.001,chease,failed,Unsupported: CHEASE requires a 2-D GEQDSK input,3,grad_shafranov,vmec_indata_via_geqdsk,geqdsk,,,,,,,,
SPECTRE/file_io/spec_inputs/G2V32L3Fi.001,desc,failed,Unsupported: native SPECTRE cases are not VMEC inputs,3,vmec_family,vmec_indata,wout_netcdf,,,,,,,,
SPECTRE/file_io/spec_inputs/G2V32L3Fi.001,educational_vmec,failed,Unsupported: native SPECTRE cases are not VMEC inputs,3,vmec_family,vmec_indata,wout_netcdf,,,,,,,,
SPECTRE/file_io/spec_inputs/G2V32L3Fi.001,freegs,failed,Unsupported: FreeGS is restricted to 2-D Grad-Shafranov cases,3,grad_shafranov,vmec_indata_or_case,geqdsk,,,,,,,,
SPECTRE/file_io/spec_inputs/G2V32L3Fi.001,gvec,failed,Unsupported: native SPECTRE cases are not VMEC inputs,3,vmec_family,vmec_indata,gvec_state,,,,,,,,
SPECTRE/file_io/spec_inputs/G2V32L3Fi.001,jvmec,failed,Unsupported: native SPECTRE cases are not VMEC inputs,3,vmec_family,vmec_indata,wout_netcdf,,,,,,,,
SPECTRE/file_io/spec_inputs/G2V32L3Fi.001,parvmec,failed,Unsupported: native SPECTRE cases are not VMEC inputs,3,vmec_family,vmec_indata,wout_netcdf,,,,,,,,
SPECTRE/file_io/spec_inputs/G2V32L3Fi.001,spec,failed,Unsupported: native SPECTRE cases are not VMEC inputs,3,spec_mhd,spec_namelist,spec_hdf5,,,,,,,,
SPECTRE/file_io/spec_inputs/G2V32L3Fi.001,spectre,failed,Run failed,3,spectre_mhd,vmec_indata_or_spectre_toml,spectre_json,,,,,,,,
SPECTRE/file_io/spec_inputs/G2V32L3Fi.001,vmec2000,failed,Unsupported: native SPECTRE cases are not VMEC inputs,3,vmec_family,vmec_indata,wout_netcdf,,,,,,,,
SPECTRE/file_io/spec_inputs/G2V32L3Fi.001,vmecpp,failed,Unsupported: native SPECTRE cases are not VMEC inputs,3,vmec_family,vmec_indata,wout_netcdf,,,,,,,,
SPECTRE/file_io/spec_inputs/G2V32L3Fi.001,vmex,failed,Unsupported: native SPECTRE cases are not VMEC inputs,3,vmec_family,vmec_indata,wout_netcdf,,,,,,,,
SPECTRE/file_io/spec_inputs/G3V02L3Fi.001,chease,failed,Unsupported: CHEASE requires a 2-D GEQDSK input,3,grad_shafranov,vmec_indata_via_geqdsk,geqdsk,,,,,,,,
SPECTRE/file_io/spec_inputs/G3V02L3Fi.001,desc,failed,Unsupported: native SPECTRE cases are not VMEC inputs,3,vmec_family,vmec_indata,wout_netcdf,,,,,,,,
SPECTRE/file_io/spec_inputs/G3V02L3Fi.001,educational_vmec,failed,Unsupported: native SPECTRE cases are not VMEC inputs,3,vmec_family,vmec_indata,wout_netcdf,,,,,,,,
SPECTRE/file_io/spec_inputs/G3V02L3Fi.001,freegs,failed,Unsupported: FreeGS is restricted to 2-D Grad-Shafranov cases,3,grad_shafranov,vmec_indata_or_case,geqdsk,,,,,,,,
SPECTRE/file_io/spec_inputs/G3V02L3Fi.001,gvec,failed,Unsupported: native SPECTRE cases are not VMEC inputs,3,vmec_family,vmec_indata,gvec_state,,,,,,,,
SPECTRE/file_io/spec_inputs/G3V02L3Fi.001,jvmec,failed,Unsupported: native SPECTRE cases are not VMEC inputs,3,vmec_family,vmec_indata,wout_netcdf,,,,,,,,
SPECTRE/file_io/spec_inputs/G3V02L3Fi.001,parvmec,failed,Unsupported: native SPECTRE cases are not VMEC inputs,3,vmec_family,vmec_indata,wout_netcdf,,,,,,,,
SPECTRE/file_io/spec_inputs/G3V02L3Fi.001,spec,failed,Unsupported: native SPECTRE cases are not VMEC inputs,3,spec_mhd,spec_namelist,spec_hdf5,,,,,,,,
SPECTRE/file_io/spec_inputs/G3V02L3Fi.001,spectre,failed,Run failed,3,spectre_mhd,vmec_indata_or_spectre_toml,spectre_json,,,,,,,,
SPECTRE/file_io/spec_inputs/G3V02L3Fi.001,vmec2000,failed,Unsupported: native SPECTRE cases are not VMEC inputs,3,vmec_family,vmec_indata,wout_netcdf,,,,,,,,
SPECTRE/file_io/spec_inputs/G3V02L3Fi.001,vmecpp,failed,Unsupported: native SPECTRE cases are not VMEC inputs,3,vmec_family,vmec_indata,wout_netcdf,,,,,,,,
SPECTRE/file_io/spec_inputs/G3V02L3Fi.001,vmex,failed,Unsupported: native SPECTRE cases are not VMEC inputs,3,vmec_family,vmec_indata,wout_netcdf,,,,,,,,
SPECTRE/file_io/spec_inputs/G3V08L1Fr.001,chease,failed,Unsupported: CHEASE requires a 2-D GEQDSK input,3,grad_shafranov,vmec_indata_via_geqdsk,geqdsk,,,,,,,,
SPECTRE/file_io/spec_inputs/G3V08L1Fr.001,desc,failed,Unsupported: native SPECTRE cases are not VMEC inputs,3,vmec_family,vmec_indata,wout_netcdf,,,,,,,,
SPECTRE/file_io/spec_inputs/G3V08L1Fr.001,educational_vmec,failed,Unsupported: native SPECTRE cases are not VMEC inputs,3,vmec_family,vmec_indata,wout_netcdf,,,,,,,,
SPECTRE/file_io/spec_inputs/G3V08L1Fr.001,freegs,failed,Unsupported: FreeGS is restricted to 2-D Grad-Shafranov cases,3,grad_shafranov,vmec_indata_or_case,geqdsk,,,,,,,,
SPECTRE/file_io/spec_inputs/G3V08L1Fr.001,gvec,failed,Unsupported: native SPECTRE cases are not VMEC inputs,3,vmec_family,vmec_indata,gvec_state,,,,,,,,
SPECTRE/file_io/spec_inputs/G3V08L1Fr.001,jvmec,failed,Unsupported: native SPECTRE cases are not VMEC inputs,3,vmec_family,vmec_indata,wout_netcdf,,,,,,,,
SPECTRE/file_io/spec_inputs/G3V08L1Fr.001,parvmec,failed,Unsupported: native SPECTRE cases are not VMEC inputs,3,vmec_family,vmec_indata,wout_netcdf,,,,,,,,
SPECTRE/file_io/spec_inputs/G3V08L1Fr.001,spec,failed,Unsupported: native SPECTRE cases are not VMEC inputs,3,spec_mhd,spec_namelist,spec_hdf5,,,,,,,,
SPECTRE/file_io/spec_inputs/G3V08L1Fr.001,spectre,failed,Run failed,3,spectre_mhd,vmec_indata_or_spectre_toml,spectre_json,,,,,,,,
SPECTRE/file_io/spec_inputs/G3V08L1Fr.001,vmec2000,failed,Unsupported: native SPECTRE cases are not VMEC inputs,3,vmec_family,vmec_indata,wout_netcdf,,,,,,,,
SPECTRE/file_io/spec_inputs/G3V08L1Fr.001,vmecpp,failed,Unsupported: native SPECTRE cases are not VMEC inputs,3,vmec_family,vmec_indata,wout_netcdf,,,,,,,,
SPECTRE/file_io/spec_inputs/G3V08L1Fr.001,vmex,failed,Unsupported: native SPECTRE cases are not VMEC inputs,3,vmec_family,vmec_indata,wout_netcdf,,,,,,,,
SPECTRE/file_io/toml,chease,failed,Unsupported: CHEASE requires a 2-D GEQDSK input,3,grad_shafranov,vmec_indata_via_geqdsk,geqdsk,,,,,,,,
SPECTRE/file_io/toml,desc,failed,Unsupported: native SPECTRE cases are not VMEC inputs,3,vmec_family,vmec_indata,wout_netcdf,,,,,,,,
SPECTRE/file_io/toml,educational_vmec,failed,Unsupported: native SPECTRE cases are not VMEC inputs,3,vmec_family,vmec_indata,wout_netcdf,,,,,,,,
SPECTRE/file_io/toml,freegs,failed,Unsupported: FreeGS is restricted to 2-D Grad-Shafranov cases,3,grad_shafranov,vmec_indata_or_case,geqdsk,,,,,,,,
SPECTRE/file_io/toml,gvec,failed,Unsupported: native SPECTRE cases are not VMEC inputs,3,vmec_family,vmec_indata,gvec_state,,,,,,,,
SPECTRE/file_io/toml,jvmec,failed,Unsupported: native SPECTRE cases are not VMEC inputs,3,vmec_family,vmec_indata,wout_netcdf,,,,,,,,
SPECTRE/file_io/toml,parvmec,failed,Unsupported: native SPECTRE cases are not VMEC inputs,3,vmec_family,vmec_indata,wout_netcdf,,,,,,,,
SPECTRE/file_io/toml,spec,failed,Unsupported: SPEC requires a native .sp input,3,spec_mhd,spec_namelist,spec_hdf5,,,,,,,,
SPECTRE/file_io/toml,spectre,failed,Unsupported: VMEC INDATA namelist is missing,3,spectre_mhd,vmec_indata_or_spectre_toml,spectre_json,,,,,,,,
SPECTRE/file_io/toml,vmec2000,failed,Unsupported: native SPECTRE cases are not VMEC inputs,3,vmec_family,vmec_indata,wout_netcdf,,,,,,,,
SPECTRE/file_io/toml,vmecpp,failed,Unsupported: native SPECTRE cases are not VMEC inputs,3,vmec_family,vmec_indata,wout_netcdf,,,,,,,,
SPECTRE/file_io/toml,vmex,failed,Unsupported: native SPECTRE cases are not VMEC inputs,3,vmec_family,vmec_indata,wout_netcdf,,,,,,,,
SPECTRE/optimization/qa_vac_vol7/init,chease,failed,Unsupported: CHEASE requires a 2-D GEQDSK input,3,grad_shafranov,vmec_indata_via_geqdsk,geqdsk,,,,,,,,
SPECTRE/optimization/qa_vac_vol7/init,desc,failed,Unsupported: native SPECTRE cases are not VMEC inputs,3,vmec_family,vmec_indata,wout_netcdf,,,,,,,,
SPECTRE/optimization/qa_vac_vol7/init,educational_vmec,failed,Unsupported: native SPECTRE cases are not VMEC inputs,3,vmec_family,vmec_indata,wout_netcdf,,,,,,,,
SPECTRE/optimization/qa_vac_vol7/init,freegs,failed,Unsupported: FreeGS is restricted to 2-D Grad-Shafranov cases,3,grad_shafranov,vmec_indata_or_case,geqdsk,,,,,,,,
SPECTRE/optimization/qa_vac_vol7/init,gvec,failed,Unsupported: native SPECTRE cases are not VMEC inputs,3,vmec_family,vmec_indata,gvec_state,,,,,,,,
SPECTRE/optimization/qa_vac_vol7/init,jvmec,failed,Unsupported: native SPECTRE cases are not VMEC inputs,3,vmec_family,vmec_indata,wout_netcdf,,,,,,,,
SPECTRE/optimization/qa_vac_vol7/init,parvmec,failed,Unsupported: native SPECTRE cases are not VMEC inputs,3,vmec_family,vmec_indata,wout_netcdf,,,,,,,,
SPECTRE/optimization/qa_vac_vol7/init,spec,failed,Unsupported: native SPECTRE cases are not VMEC inputs,3,spec_mhd,spec_namelist,spec_hdf5,,,,,,,,
SPECTRE/optimization/qa_vac_vol7/init,spectre,failed,Run failed,3,spectre_mhd,vmec_indata_or_spectre_toml,spectre_json,,,,,,,,
SPECTRE/optimization/qa_vac_vol7/init,vmec2000,failed,Unsupported: native SPECTRE cases are not VMEC inputs,3,vmec_family,vmec_indata,wout_netcdf,,,,,,,,
SPECTRE/optimization/qa_vac_vol7/init,vmecpp,failed,Unsupported: native SPECTRE cases are not VMEC inputs,3,vmec_family,vmec_indata,wout_netcdf,,,,,,,,
SPECTRE/optimization/qa_vac_vol7/init,vmex,failed,Unsupported: native SPECTRE cases are not VMEC inputs,3,vmec_family,vmec_indata,wout_netcdf,,,,,,,,
SPECTRE/test_files/W7-X_standard_configuration,chease,failed,Unsupported: CHEASE requires a 2-D GEQDSK input,3,grad_shafranov,vmec_indata_via_geqdsk,geqdsk,,,,,,,,
SPECTRE/test_files/W7-X_standard_configuration,desc,success,,3,vmec_family,vmec_indata,wout_netcdf,2.824232926886563,1.6151490472610003e-13,10.75094524800462,5.56852749012412,28.59893352739811,0.9547913445794461,1e-06,-1.3006553456698215e-10
SPECTRE/test_files/W7-X_standard_configuration,educational_vmec,success,,3,vmec_family,vmec_indata,wout_netcdf,2.8242168361099846,1.6147209450189717e-13,10.750945240252177,5.560188328028932,28.598933519839054,0.9615535559203905,1.0000000000000002e-06,-2.7050844203513336e-09
SPECTRE/test_files/W7-X_standard_configuration,freegs,failed,Unsupported: FreeGS is restricted to 2-D Grad-Shafranov cases,3,grad_shafranov,vmec_indata_or_case,geqdsk,,,,,,,,
SPECTRE/test_files/W7-X_standard_configuration,gvec,success,,3,vmec_family,vmec_indata,gvec_state,,,10.750945245975293,5.56016896059582,28.5989335350634,-0.966719990073862,1e-06,
SPECTRE/test_files/W7-X_standard_configuration,jvmec,success,,3,vmec_family,vmec_indata,wout_netcdf,2.8242046617164944,0.0,10.740554944519502,5.5611423825779145,28.452713806012426,0.9673706953462191,0.0,-2.2329143742338964e-09
SPECTRE/test_files/W7-X_standard_configuration,parvmec,success,,3,vmec_family,vmec_indata,wout_netcdf,2.8242046334617705,1.6145058793517858e-13,10.750945240252177,5.561169396351184,28.598933519839054,0.9673609234831205,1.0000000000000002e-06,8.435092901937224e-10
SPECTRE/test_files/W7-X_standard_configuration,spec,failed,Unsupported: SPEC requires a native .sp input,3,spec_mhd,spec_namelist,spec_hdf5,,,,,,,,
SPECTRE/test_files/W7-X_standard_configuration,spectre,failed,Run failed,3,spectre_mhd,vmec_indata_or_spectre_toml,spectre_json,,,,,,,,
SPECTRE/test_files/W7-X_standard_configuration,vmec2000,success,,3,vmec_family,vmec_indata,wout_netcdf,2.8242046334617834,1.6145058793517957e-13,10.750945240252177,5.5611693963515565,28.598933519839054,0.9673609234829145,1.0000000000000002e-06,1.1113072267976419e-10
SPECTRE/test_files/W7-X_standard_configuration,vmecpp,success,,3,vmec_family,vmec_indata,wout_netcdf,2.824204621679329,1.6145057928470287e-13,10.750945240252157,5.5611608131424575,28.598933519839136,0.9673562853631468,1.0000000000000002e-06,-1.9591533256813065e-09
SPECTRE/test_files/W7-X_standard_configuration,vmex,success,,3,vmec_family,vmec_indata,wout_netcdf,2.824204633461784,1.6145058793517879e-13,10.750945240252156,5.56116939634915,28.598933519839132,0.9673609234828155,1.0000000000000002e-06,3.968179951296946e-10
SPECTRE/test_files/iota,chease,failed,Unsupported: CHEASE requires a 2-D GEQDSK input,3,grad_shafranov,vmec_indata_via_geqdsk,geqdsk,,,,,,,,
SPECTRE/test_files/iota,desc,success,,3,vmec_family,vmec_indata,wout_netcdf,609.9351680166193,9.587501153219075e-08,3.3739708637279358,10.734782604200579,1900.000005527121,0.9,1.0,-17905052.79911658
SPECTRE/test_files/iota,educational_vmec,success,,3,vmec_family,vmec_indata,wout_netcdf,610.5359928803914,9.577886339542496e-08,3.373970849765038,10.790731858685492,1899.99999973944,0.899853515625,0.9999633789062501,-17925149.576964244
SPECTRE/test_files/iota,freegs,failed,Unsupported: FreeGS is restricted to 2-D Grad-Shafranov cases,3,grad_shafranov,vmec_indata_or_case,geqdsk,,,,,,,,
SPECTRE/test_files/iota,gvec,failed,Run failed,3,vmec_family,vmec_indata,gvec_state,,,,,,,,
SPECTRE/test_files/iota,jvmec,success,,3,vmec_family,vmec_indata,wout_netcdf,609.8290066174928,0.0,3.3534249230660302,10.595360457453406,1856.535067019039,0.899853515625,0.0,-17415858.74917834
SPECTRE/test_files/iota,parvmec,success,,3,vmec_family,vmec_indata,wout_netcdf,609.8290066174948,9.588071210844515e-08,3.373970849765038,10.595360457452742,1899.99999973944,0.899853515625,0.9999633789062501,-17415858.749114085
SPECTRE/test_files/iota,spec,failed,Unsupported: SPEC requires a native .sp input,3,spec_mhd,spec_namelist,spec_hdf5,,,,,,,,
SPECTRE/test_files/iota,spectre,failed,Run failed,3,spectre_mhd,vmec_indata_or_spectre_toml,spectre_json,,,,,,,,
SPECTRE/test_files/iota,vmec2000,success,,3,vmec_family,vmec_indata,wout_netcdf,609.8290066174912,9.58807121084467e-08,3.373970849765038,10.595360457464704,1899.99999973944,0.899853515625,0.9999633789062501,-17415858.74787814
SPECTRE/test_files/iota,vmecpp,success,,3,vmec_family,vmec_indata,wout_netcdf,609.8290069512541,9.588071207328943e-08,3.373970849765024,10.595360525646628,1899.9999997394389,0.899853515625,0.9999633789062501,-17415860.262294393
SPECTRE/test_files/iota,vmex,success,,3,vmec_family,vmec_indata,wout_netcdf,609.829006617491,9.588071210844612e-08,3.3739708497650174,10.595360457461862,1899.9999997394386,0.899853515625,0.9999633789062501,-17415858.74837109
SPECTRE/test_files/qabeta_curr,chease,failed,Unsupported: CHEASE requires a 2-D GEQDSK input,3,grad_shafranov,vmec_indata_via_geqdsk,geqdsk,,,,,,,,
SPECTRE/test_files/qabeta_curr,desc,success,,3,vmec_family,vmec_indata,wout_netcdf,601.813566071641,0.03520019011267885,3.3739708636753116,11.066529204838243,1900.0000054974878,0.26211663707466365,520365.755,2511496.200000004
SPECTRE/test_files/qabeta_curr,educational_vmec,success,,3,vmec_family,vmec_indata,wout_netcdf,602.2147042497465,0.03498587426050511,3.373970849765038,10.899079698109158,1899.99999973944,0.4309438736813307,519906.01975370117,-2522417.511502452
SPECTRE/test_files/qabeta_curr,freegs,failed,Unsupported: FreeGS is restricted to 2-D Grad-Shafranov cases,3,grad_shafranov,vmec_indata_or_case,geqdsk,,,,,,,,
SPECTRE/test_files/qabeta_curr,gvec,failed,Run failed,3,vmec_family,vmec_indata,gvec_state,,,,,,,,
SPECTRE/test_files/qabeta_curr,jvmec,success,,3,vmec_family,vmec_indata,wout_netcdf,601.4420294624356,0.0,3.3534249230660302,10.822060938006526,1856.535067019039,0.33819550968980694,0.0,5.9583414591113375e-08
SPECTRE/test_files/qabeta_curr,parvmec,success,,3,vmec_family,vmec_indata,wout_netcdf,601.5953027587235,0.03497828969820619,3.373970849765038,10.751187556159673,1899.99999973944,0.41838834618857396,519906.01975370117,-2522417.5115024447
SPECTRE/test_files/qabeta_curr,spec,failed,Unsupported: SPEC requires a native .sp input,3,spec_mhd,spec_namelist,spec_hdf5,,,,,,,,
SPECTRE/test_files/qabeta_curr,spectre,failed,Run failed,3,spectre_mhd,vmec_indata_or_spectre_toml,spectre_json,,,,,,,,
SPECTRE/test_files/qabeta_curr,vmec2000,success,,3,vmec_family,vmec_indata,wout_netcdf,601.5953027587228,0.03497828969820612,3.373970849765038,10.751187556155363,1899.99999973944,0.4183883461886239,519906.01975370117,-2522417.5115024652
SPECTRE/test_files/qabeta_curr,vmecpp,success,,3,vmec_family,vmec_indata,wout_netcdf,601.5953038992662,0.03497829002224508,3.373970849765024,10.751187375138876,1899.9999997394389,0.41838811488348204,519906.01975370117,-2522417.5115024466
SPECTRE/test_files/qabeta_curr,vmex,success,,3,vmec_family,vmec_indata,wout_netcdf,601.5953027587244,0.034978289698205746,3.3739708497650174,10.751187556151496,1899.9999997394386,0.4183883461886534,519906.01975370117,-2522417.5115024676
SPECTRE/utils/make_freeboundary/W7-X_standard_configuration,chease,failed,Unsupported: CHEASE requires a 2-D GEQDSK input,3,grad_shafranov,vmec_indata_via_geqdsk,geqdsk,,,,,,,,
SPECTRE/utils/make_freeboundary/W7-X_standard_configuration,desc,success,,3,vmec_family,vmec_indata,wout_netcdf,2.824232926886563,1.6151490472610003e-13,10.75094524800462,5.56852749012412,28.59893352739811,0.9547913445794461,1e-06,-1.3006553456698215e-10
SPECTRE/utils/make_freeboundary/W7-X_standard_configuration,educational_vmec,success,,3,vmec_family,vmec_indata,wout_netcdf,2.8242168361099846,1.6147209450189717e-13,10.750945240252177,5.560188328028932,28.598933519839054,0.9615535559203905,1.0000000000000002e-06,-2.7050844203513336e-09
SPECTRE/utils/make_freeboundary/W7-X_standard_configuration,freegs,failed,Unsupported: FreeGS is restricted to 2-D Grad-Shafranov cases,3,grad_shafranov,vmec_indata_or_case,geqdsk,,,,,,,,
SPECTRE/utils/make_freeboundary/W7-X_standard_configuration,gvec,success,,3,vmec_family,vmec_indata,gvec_state,,,10.750945245975293,5.56016896059582,28.5989335350634,-0.966719990073862,1e-06,
SPECTRE/utils/make_freeboundary/W7-X_standard_configuration,jvmec,failed,Run failed,3,vmec_family,vmec_indata,wout_netcdf,,,,,,,,
SPECTRE/utils/make_freeboundary/W7-X_standard_configuration,parvmec,success,,3,vmec_family,vmec_indata,wout_netcdf,2.8242046334617705,1.6145058793517858e-13,10.750945240252177,5.561169396351184,28.598933519839054,0.9673609234831205,1.0000000000000002e-06,8.435092901937224e-10
SPECTRE/utils/make_freeboundary/W7-X_standard_configuration,spec,failed,Unsupported: SPEC requires a native .sp input,3,spec_mhd,spec_namelist,spec_hdf5,,,,,,,,
SPECTRE/utils/make_freeboundary/W7-X_standard_configuration,spectre,failed,Run failed,3,spectre_mhd,vmec_indata_or_spectre_toml,spectre_json,,,,,,,,
SPECTRE/utils/make_freeboundary/W7-X_standard_configuration,vmec2000,success,,3,vmec_family,vmec_indata,wout_netcdf,2.8242046334617834,1.6145058793517957e-13,10.750945240252177,5.5611693963515565,28.598933519839054,0.9673609234829145,1.0000000000000002e-06,1.1113072267976419e-10
SPECTRE/utils/make_freeboundary/W7-X_standard_configuration,vmecpp,success,,3,vmec_family,vmec_indata,wout_netcdf,2.824204621679329,1.6145057928470287e-13,10.750945240252157,5.5611608131424575,28.598933519839136,0.9673562853631468,1.0000000000000002e-06,-1.9591533256813065e-09
SPECTRE/utils/make_freeboundary/W7-X_standard_configuration,vmex,success,,3,vmec_family,vmec_indata,wout_netcdf,2.824204633461784,1.6145058793517879e-13,10.750945240252156,5.56116939634915,28.598933519839132,0.9673609234828155,1.0000000000000002e-06,3.968179951296946e-10
SPECTRE/utils/vmec2spectre/iota,chease,failed,Unsupported: CHEASE requires a 2-D GEQDSK input,3,grad_shafranov,vmec_indata_via_geqdsk,geqdsk,,,,,,,,
SPECTRE/utils/vmec2spectre/iota,desc,failed,Run failed,3,vmec_family,vmec_indata,wout_netcdf,,,,,,,,
SPECTRE/utils/vmec2spectre/iota,educational_vmec,success,,3,vmec_family,vmec_indata,wout_netcdf,610.4007194805151,9.579962040304961e-08,3.3739708497650134,10.782210480401458,1899.9999997394425,0.899984695439241,0.9999961738598103,-17873413.231132984
SPECTRE/utils/vmec2spectre/iota,freegs,failed,Unsupported: FreeGS is restricted to 2-D Grad-Shafranov cases,3,grad_shafranov,vmec_indata_or_case,geqdsk,,,,,,,,
SPECTRE/utils/vmec2spectre/iota,gvec,failed,Run failed,3,vmec_family,vmec_indata,gvec_state,,,,,,,,
SPECTRE/utils/vmec2spectre/iota,jvmec,failed,Run failed,3,vmec_family,vmec_indata,wout_netcdf,,,,,,,,
SPECTRE/utils/vmec2spectre/iota,parvmec,success,,3,vmec_family,vmec_indata,wout_netcdf,609.8219832887163,9.58820969038611e-08,3.3739708497650134,10.590826748579424,1899.9999997394425,0.899984695439241,0.9999961738598103,-17305092.189802237
SPECTRE/utils/vmec2spectre/iota,spec,failed,Unsupported: SPEC requires a native .sp input,3,spec_mhd,spec_namelist,spec_hdf5,,,,,,,,
SPECTRE/utils/vmec2spectre/iota,spectre,failed,Run failed,3,spectre_mhd,vmec_indata_or_spectre_toml,spectre_json,,,,,,,,
SPECTRE/utils/vmec2spectre/iota,vmec2000,success,,3,vmec_family,vmec_indata,wout_netcdf,609.8219832887083,9.588209690386018e-08,3.3739708497650134,10.590826748588814,1899.9999997394425,0.899984695439241,0.9999961738598103,-17305092.190883763
SPECTRE/utils/vmec2spectre/iota,vmecpp,success,,3,vmec_family,vmec_indata,wout_netcdf,609.8219833056011,9.588209690236441e-08,3.3739708497650134,10.590826751125194,1899.9999997394355,0.8999846954392408,0.9999961738598103,-17305094.244426563
SPECTRE/utils/vmec2spectre/iota,vmex,failed,Run failed,3,vmec_family,vmec_indata,wout_netcdf,,,,,,,,
SPECTRE/utils/vmec2spectre/qabeta_curr,chease,failed,Unsupported: CHEASE requires a 2-D GEQDSK input,3,grad_shafranov,vmec_indata_via_geqdsk,geqdsk,,,,,,,,
SPECTRE/utils/vmec2spectre/qabeta_curr,desc,success,,3,vmec_family,vmec_indata,wout_netcdf,601.8079416562318,0.035192764292684545,3.3739708636872305,11.053800996616497,1900.0000055041992,0.25956066101274017,520365.755,2511496.2000000034
SPECTRE/utils/vmec2spectre/qabeta_curr,educational_vmec,success,,3,vmec_family,vmec_indata,wout_netcdf,602.1448287244249,0.03498681377478098,3.373970849765038,10.898861766829109,1899.99999973944,0.43096852053152457,520246.3544880887,-2514463.7118466417
SPECTRE/utils/vmec2spectre/qabeta_curr,freegs,failed,Unsupported: FreeGS is restricted to 2-D Grad-Shafranov cases,3,grad_shafranov,vmec_indata_or_case,geqdsk,,,,,,,,
SPECTRE/utils/vmec2spectre/qabeta_curr,gvec,failed,Run failed,3,vmec_family,vmec_indata,gvec_state,,,,,,,,
SPECTRE/utils/vmec2spectre/qabeta_curr,jvmec,failed,Run failed,3,vmec_family,vmec_indata,wout_netcdf,,,,,,,,
SPECTRE/utils/vmec2spectre/qabeta_curr,parvmec,success,,3,vmec_family,vmec_indata,wout_netcdf,601.5937455231085,0.034974941272705326,3.373970849765038,10.748361603822527,1899.99999973944,0.41861595491678116,520246.3544880887,-2514463.711846587
SPECTRE/utils/vmec2spectre/qabeta_curr,spec,failed,Unsupported: SPEC requires a native .sp input,3,spec_mhd,spec_namelist,spec_hdf5,,,,,,,,
SPECTRE/utils/vmec2spectre/qabeta_curr,spectre,failed,Run failed,3,spectre_mhd,vmec_indata_or_spectre_toml,spectre_json,,,,,,,,
SPECTRE/utils/vmec2spectre/qabeta_curr,vmec2000,success,,3,vmec_family,vmec_indata,wout_netcdf,601.593745523112,0.03497494127270547,3.373970849765038,10.748361603831656,1899.99999973944,0.41861595491704434,520246.3544880887,-2514463.71184658
SPECTRE/utils/vmec2spectre/qabeta_curr,vmecpp,success,,3,vmec_family,vmec_indata,wout_netcdf,601.5937455686214,0.03497494137196782,3.373970849765024,10.748361618972615,1899.9999997394389,0.4186159383474504,520246.3544880887,-2514463.711846625
SPECTRE/utils/vmec2spectre/qabeta_curr,vmex,success,,3,vmec_family,vmec_indata,wout_netcdf,601.5937455231083,0.03497494127270598,3.3739708497650174,10.74836160382196,1899.9999997394386,0.41861595491475934,520246.3544880887,-2514463.7118466105
SPECTRE/wrapper/cyl_manyvol_test,chease,failed,Unsupported: CHEASE requires a 2-D GEQDSK input,3,grad_shafranov,vmec_indata_via_geqdsk,geqdsk,,,,,,,,
SPECTRE/wrapper/cyl_manyvol_test,desc,failed,Unsupported: native SPECTRE cases are not VMEC inputs,3,vmec_family,vmec_indata,wout_netcdf,,,,,,,,
SPECTRE/wrapper/cyl_manyvol_test,educational_vmec,failed,Unsupported: native SPECTRE cases are not VMEC inputs,3,vmec_family,vmec_indata,wout_netcdf,,,,,,,,
SPECTRE/wrapper/cyl_manyvol_test,freegs,failed,Unsupported: FreeGS is restricted to 2-D Grad-Shafranov cases,3,grad_shafranov,vmec_indata_or_case,geqdsk,,,,,,,,
SPECTRE/wrapper/cyl_manyvol_test,gvec,failed,Unsupported: native SPECTRE cases are not VMEC inputs,3,vmec_family,vmec_indata,gvec_state,,,,,,,,
SPECTRE/wrapper/cyl_manyvol_test,jvmec,failed,Unsupported: native SPECTRE cases are not VMEC inputs,3,vmec_family,vmec_indata,wout_netcdf,,,,,,,,
SPECTRE/wrapper/cyl_manyvol_test,parvmec,failed,Unsupported: native SPECTRE cases are not VMEC inputs,3,vmec_family,vmec_indata,wout_netcdf,,,,,,,,
SPECTRE/wrapper/cyl_manyvol_test,spec,failed,Unsupported: SPEC requires a native .sp input,3,spec_mhd,spec_namelist,spec_hdf5,,,,,,,,
SPECTRE/wrapper/cyl_manyvol_test,spectre,success,,3,spectre_mhd,vmec_indata_or_spectre_toml,spectre_json,,,,,,,,
SPECTRE/wrapper/cyl_manyvol_test,vmec2000,failed,Unsupported: native SPECTRE cases are not VMEC inputs,3,vmec_family,vmec_indata,wout_netcdf,,,,,,,,
SPECTRE/wrapper/cyl_manyvol_test,vmecpp,failed,Unsupported: native SPECTRE cases are not VMEC inputs,3,vmec_family,vmec_indata,wout_netcdf,,,,,,,,
SPECTRE/wrapper/cyl_manyvol_test,vmex,failed,Unsupported: native SPECTRE cases are not VMEC inputs,3,vmec_family,vmec_indata,wout_netcdf,,,,,,,,
SPECTRE/wrapper/qa_7vol_test,chease,failed,Unsupported: CHEASE requires a 2-D GEQDSK input,3,grad_shafranov,vmec_indata_via_geqdsk,geqdsk,,,,,,,,
SPECTRE/wrapper/qa_7vol_test,desc,failed,Unsupported: native SPECTRE cases are not VMEC inputs,3,vmec_family,vmec_indata,wout_netcdf,,,,,,,,
SPECTRE/wrapper/qa_7vol_test,educational_vmec,failed,Unsupported: native SPECTRE cases are not VMEC inputs,3,vmec_family,vmec_indata,wout_netcdf,,,,,,,,
SPECTRE/wrapper/qa_7vol_test,freegs,failed,Unsupported: FreeGS is restricted to 2-D Grad-Shafranov cases,3,grad_shafranov,vmec_indata_or_case,geqdsk,,,,,,,,
SPECTRE/wrapper/qa_7vol_test,gvec,failed,Unsupported: native SPECTRE cases are not VMEC inputs,3,vmec_family,vmec_indata,gvec_state,,,,,,,,
SPECTRE/wrapper/qa_7vol_test,jvmec,failed,Unsupported: native SPECTRE cases are not VMEC inputs,3,vmec_family,vmec_indata,wout_netcdf,,,,,,,,
SPECTRE/wrapper/qa_7vol_test,parvmec,failed,Unsupported: native SPECTRE cases are not VMEC inputs,3,vmec_family,vmec_indata,wout_netcdf,,,,,,,,
SPECTRE/wrapper/qa_7vol_test,spec,failed,Unsupported: SPEC requires a native .sp input,3,spec_mhd,spec_namelist,spec_hdf5,,,,,,,,
SPECTRE/wrapper/qa_7vol_test,spectre,success,,3,spectre_mhd,vmec_indata_or_spectre_toml,spectre_json,,,,,,,,
SPECTRE/wrapper/qa_7vol_test,vmec2000,failed,Unsupported: native SPECTRE cases are not VMEC inputs,3,vmec_family,vmec_indata,wout_netcdf,,,,,,,,
SPECTRE/wrapper/qa_7vol_test,vmecpp,failed,Unsupported: native SPECTRE cases are not VMEC inputs,3,vmec_family,vmec_indata,wout_netcdf,,,,,,,,
SPECTRE/wrapper/qa_7vol_test,vmex,failed,Unsupported: native SPECTRE cases are not VMEC inputs,3,vmec_family,vmec_indata,wout_netcdf,,,,,,,,
SPECTRE/wrapper/test_freeb_w7x,chease,failed,Unsupported: CHEASE requires a 2-D GEQDSK input,3,grad_shafranov,vmec_indata_via_geqdsk,geqdsk,,,,,,,,
SPECTRE/wrapper/test_freeb_w7x,desc,failed,Unsupported: native SPECTRE cases are not VMEC inputs,3,vmec_family,vmec_indata,wout_netcdf,,,,,,,,
SPECTRE/wrapper/test_freeb_w7x,educational_vmec,failed,Unsupported: native SPECTRE cases are not VMEC inputs,3,vmec_family,vmec_indata,wout_netcdf,,,,,,,,
SPECTRE/wrapper/test_freeb_w7x,freegs,failed,Unsupported: FreeGS is restricted to 2-D Grad-Shafranov cases,3,grad_shafranov,vmec_indata_or_case,geqdsk,,,,,,,,
SPECTRE/wrapper/test_freeb_w7x,gvec,failed,Unsupported: native SPECTRE cases are not VMEC inputs,3,vmec_family,vmec_indata,gvec_state,,,,,,,,
SPECTRE/wrapper/test_freeb_w7x,jvmec,failed,Unsupported: native SPECTRE cases are not VMEC inputs,3,vmec_family,vmec_indata,wout_netcdf,,,,,,,,
SPECTRE/wrapper/test_freeb_w7x,parvmec,failed,Unsupported: native SPECTRE cases are not VMEC inputs,3,vmec_family,vmec_indata,wout_netcdf,,,,,,,,
SPECTRE/wrapper/test_freeb_w7x,spec,failed,Unsupported: SPEC requires a native .sp input,3,spec_mhd,spec_namelist,spec_hdf5,,,,,,,,
SPECTRE/wrapper/test_freeb_w7x,spectre,success,,3,spectre_mhd,vmec_indata_or_spectre_toml,spectre_json,,,,,,,,
SPECTRE/wrapper/test_freeb_w7x,vmec2000,failed,Unsupported: native SPECTRE cases are not VMEC inputs,3,vmec_family,vmec_indata,wout_netcdf,,,,,,,,
SPECTRE/wrapper/test_freeb_w7x,vmecpp,failed,Unsupported: native SPECTRE cases are not VMEC inputs,3,vmec_family,vmec_indata,wout_netcdf,,,,,,,,
SPECTRE/wrapper/test_freeb_w7x,vmex,failed,Unsupported: native SPECTRE cases are not VMEC inputs,3,vmec_family,vmec_indata,wout_netcdf,,,,,,,,
SPECTRE/wrapper/test_lconsmin2_w7x,chease,failed,Unsupported: CHEASE requires a 2-D GEQDSK input,3,grad_shafranov,vmec_indata_via_geqdsk,geqdsk,,,,,,,,
SPECTRE/wrapper/test_lconsmin2_w7x,desc,failed,Unsupported: native SPECTRE cases are not VMEC inputs,3,vmec_family,vmec_indata,wout_netcdf,,,,,,,,
SPECTRE/wrapper/test_lconsmin2_w7x,educational_vmec,failed,Unsupported: native SPECTRE cases are not VMEC inputs,3,vmec_family,vmec_indata,wout_netcdf,,,,,,,,
SPECTRE/wrapper/test_lconsmin2_w7x,freegs,failed,Unsupported: FreeGS is restricted to 2-D Grad-Shafranov cases,3,grad_shafranov,vmec_indata_or_case,geqdsk,,,,,,,,
SPECTRE/wrapper/test_lconsmin2_w7x,gvec,failed,Unsupported: native SPECTRE cases are not VMEC inputs,3,vmec_family,vmec_indata,gvec_state,,,,,,,,
SPECTRE/wrapper/test_lconsmin2_w7x,jvmec,failed,Unsupported: native SPECTRE cases are not VMEC inputs,3,vmec_family,vmec_indata,wout_netcdf,,,,,,,,
SPECTRE/wrapper/test_lconsmin2_w7x,parvmec,failed,Unsupported: native SPECTRE cases are not VMEC inputs,3,vmec_family,vmec_indata,wout_netcdf,,,,,,,,
SPECTRE/wrapper/test_lconsmin2_w7x,spec,failed,Unsupported: SPEC requires a native .sp input,3,spec_mhd,spec_namelist,spec_hdf5,,,,,,,,
SPECTRE/wrapper/test_lconsmin2_w7x,spectre,success,,3,spectre_mhd,vmec_indata_or_spectre_toml,spectre_json,,,,,,,,
SPECTRE/wrapper/test_lconsmin2_w7x,vmec2000,failed,Unsupported: native SPECTRE cases are not VMEC inputs,3,vmec_family,vmec_indata,wout_netcdf,,,,,,,,
SPECTRE/wrapper/test_lconsmin2_w7x,vmecpp,failed,Unsupported: native SPECTRE cases are not VMEC inputs,3,vmec_family,vmec_indata,wout_netcdf,,,,,,,,
SPECTRE/wrapper/test_lconsmin2_w7x,vmex,failed,Unsupported: native SPECTRE cases are not VMEC inputs,3,vmec_family,vmec_indata,wout_netcdf,,,,,,,,
VMEC2000/python/tests/LandremanSenguptaPlunk_section5p3_low_res,chease,failed,Unsupported: CHEASE requires a 2-D GEQDSK input,3,grad_shafranov,vmec_indata_via_geqdsk,geqdsk,,,,,,,,
VMEC2000/python/tests/LandremanSenguptaPlunk_section5p3_low_res,desc,success,,3,vmec_family,vmec_indata,wout_netcdf,0.0025402430708839755,0.0,9.95358569175411,1.0528678006128895,0.19922832679524688,-0.19201955995506875,0.0,1.1704881586856064e-11
VMEC2000/python/tests/LandremanSenguptaPlunk_section5p3_low_res,educational_vmec,success,,3,vmec_family,vmec_indata,wout_netcdf,2.2175322559117584e-19,0.0,0.0,1177839632746.1262,0.0,-0.3946281654909023,5.532043371152464e-304,4.984619488002107e-10
VMEC2000/python/tests/LandremanSenguptaPlunk_section5p3_low_res,freegs,failed,Unsupported: FreeGS is restricted to 2-D Grad-Shafranov cases,3,grad_shafranov,vmec_indata_or_case,geqdsk,,,,,,,,
VMEC2000/python/tests/LandremanSenguptaPlunk_section5p3_low_res,gvec,success,,3,vmec_family,vmec_indata,gvec_state,,,9.953585703744592,0.992913556018131,0.199228326303124,0.320395937436538,0.0,
VMEC2000/python/tests/LandremanSenguptaPlunk_section5p3_low_res,jvmec,success,,3,vmec_family,vmec_indata,wout_netcdf,0.00253971707964552,0.0,9.242569461836151,0.993714934575054,0.22950048283369692,-0.32036884800586546,0.0,4.031876828930469e-11
VMEC2000/python/tests/LandremanSenguptaPlunk_section5p3_low_res,parvmec,failed,No VMEC NetCDF output produced by PARVMEC,3,vmec_family,vmec_indata,wout_netcdf,,,,,,,,
VMEC2000/python/tests/LandremanSenguptaPlunk_section5p3_low_res,spec,failed,Unsupported: SPEC requires a native .sp input,3,spec_mhd,spec_namelist,spec_hdf5,,,,,,,,
VMEC2000/python/tests/LandremanSenguptaPlunk_section5p3_low_res,spectre,success,,3,spectre_mhd,vmec_indata_or_spectre_toml,spectre_json,,,,,,,,
VMEC2000/python/tests/LandremanSenguptaPlunk_section5p3_low_res,vmec2000,success,,3,vmec_family,vmec_indata,wout_netcdf,0.0025397170706446,0.0,9.9535857037446,0.9945761084540983,0.19922832630312448,-0.3204478686034984,0.0,1.2874900798265365e-11
VMEC2000/python/tests/LandremanSenguptaPlunk_section5p3_low_res,vmecpp,failed,Run failed,3,vmec_family,vmec_indata,wout_netcdf,,,,,,,,
VMEC2000/python/tests/LandremanSenguptaPlunk_section5p3_low_res,vmex,success,,3,vmec_family,vmec_indata,wout_netcdf,0.0025397170820505325,0.0,9.953585703744572,0.993761947954247,0.19922832630312454,-0.32033522712107254,0.0,5.421010862427522e-13
VMEC2000/python/tests/circular_tokamak,chease,failed,Unsupported: CHEASE requires a 2-D GEQDSK input,3,grad_shafranov,vmec_indata_via_geqdsk,geqdsk,,,,,,,,
VMEC2000/python/tests/circular_tokamak,desc,success,,3,vmec_family,vmec_indata,wout_netcdf,172.3917031869857,0.0,3.0000000000000093,6.127228175410492,473.74101125229095,0.25,0.0,-5015041.008202302
VMEC2000/python/tests/circular_tokamak,educational_vmec,success,,3,vmec_family,vmec_indata,wout_netcdf,172.39494071067574,0.0,3.0000000000000013,6.132188475289209,473.74101125228947,0.2499999999999999,0.0,-5113741.190368952
VMEC2000/python/tests/circular_tokamak,freegs,failed,Unsupported: FreeGS is restricted to 2-D Grad-Shafranov cases,3,grad_shafranov,vmec_indata_or_case,geqdsk,,,,,,,,
VMEC2000/python/tests/circular_tokamak,gvec,success,,3,vmec_family,vmec_indata,gvec_state,,,3.0,6.1320942684999,473.741011252289,-0.25,0.0,
VMEC2000/python/tests/circular_tokamak,jvmec,success,,3,vmec_family,vmec_indata,wout_netcdf,172.3949407106756,0.0,3.0000000000000413,6.132188475289252,473.7410112522957,0.2499999999999999,0.0,-5113741.190371992
VMEC2000/python/tests/circular_tokamak,parvmec,success,,3,vmec_family,vmec_indata,wout_netcdf,172.39494071067563,0.0,3.0000000000000013,6.132188475289251,473.74101125228947,0.2499999999999999,0.0,-5113741.190371749
VMEC2000/python/tests/circular_tokamak,spec,failed,Unsupported: SPEC requires a native .sp input,3,spec_mhd,spec_namelist,spec_hdf5,,,,,,,,
VMEC2000/python/tests/circular_tokamak,spectre,success,,3,spectre_mhd,vmec_indata_or_spectre_toml,spectre_json,,,,,,,,
VMEC2000/python/tests/circular_tokamak,vmec2000,success,,3,vmec_family,vmec_indata,wout_netcdf,172.39494071067563,0.0,3.0000000000000013,6.132188475289251,473.74101125228947,0.2499999999999999,0.0,-5113741.190371749
VMEC2000/python/tests/circular_tokamak,vmecpp,success,,3,vmec_family,vmec_indata,wout_netcdf,172.3949407106756,0.0,3.0000000000000013,6.132188475289213,473.74101125228947,0.24999999999999994,0.0,-5113741.190369046
VMEC2000/python/tests/circular_tokamak,vmex,success,,3,vmec_family,vmec_indata,wout_netcdf,172.3949407106757,0.0,2.9999999999999982,6.132188475289199,473.7410112522893,0.24999999999999994,0.0,-5113741.190368335
VMEC2000/python/tests/li383_low_res,chease,failed,Unsupported: CHEASE requires a 2-D GEQDSK input,3,grad_shafranov,vmec_indata_via_geqdsk,geqdsk,,,,,,,,
VMEC2000/python/tests/li383_low_res,desc,success,,3,vmec_family,vmec_indata,wout_netcdf,0.09605018951821888,0.04240397538267535,4.3549675967508215,1.477010842606855,2.981387270163289,0.3151708310138807,73408.0,174249.80181999365
VMEC2000/python/tests/li383_low_res,educational_vmec,success,,3,vmec_family,vmec_indata,wout_netcdf,0.09601573665862613,0.0426211377319605,4.3549675967508055,1.4760740373918826,2.9813872701632924,0.655655040342425,73686.13886756107,-177180.66296951927
VMEC2000/python/tests/li383_low_res,freegs,failed,Unsupported: FreeGS is restricted to 2-D Grad-Shafranov cases,3,grad_shafranov,vmec_indata_or_case,geqdsk,,,,,,,,
VMEC2000/python/tests/li383_low_res,gvec,failed,Run failed,3,vmec_family,vmec_indata,gvec_state,,,,,,,,
VMEC2000/python/tests/li383_low_res,jvmec,failed,Run failed,3,vmec_family,vmec_indata,wout_netcdf,,,,,,,,
VMEC2000/python/tests/li383_low_res,parvmec,success,,3,vmec_family,vmec_indata,wout_netcdf,0.09601573538802476,0.04262115259194689,4.3549675967508055,1.4760749266902895,2.9813872701632924,0.6556508142483026,73686.13886756107,-177180.66296951973
VMEC2000/python/tests/li383_low_res,spec,failed,Unsupported: SPEC requires a native .sp input,3,spec_mhd,spec_namelist,spec_hdf5,,,,,,,,
VMEC2000/python/tests/li383_low_res,spectre,failed,Run failed,3,spectre_mhd,vmec_indata_or_spectre_toml,spectre_json,,,,,,,,
VMEC2000/python/tests/li383_low_res,vmec2000,success,,3,vmec_family,vmec_indata,wout_netcdf,0.09601573538802477,0.04262115259194696,4.3549675967508055,1.4760749266903046,2.9813872701632924,0.6556508142483045,73686.13886756107,-177180.66296951988
VMEC2000/python/tests/li383_low_res,vmecpp,success,,3,vmec_family,vmec_indata,wout_netcdf,0.0960157366586259,0.04262113773196053,4.354967596750809,1.476074037391897,2.98138727016329,0.6556550403424313,73686.13886756107,-177180.66296952043
VMEC2000/python/tests/li383_low_res,vmex,success,,3,vmec_family,vmec_indata,wout_netcdf,0.09601573538802492,0.042621152591947,4.354967596750819,1.4760749266903084,2.9813872701632915,0.6556508142483276,73686.13886756107,-177180.6629695203
VMEC2000/python/tests/up_down_asymmetric_tokamak,chease,failed,Unsupported: CHEASE requires a 2-D GEQDSK input,3,grad_shafranov,vmec_indata_via_geqdsk,geqdsk,,,,,,,,
VMEC2000/python/tests/up_down_asymmetric_tokamak,desc,success,,3,vmec_family,vmec_indata,wout_netcdf,15.30143221424381,0.0,10.099999999968906,5.930288548110188,43.06305792270037,0.25,0.0,-630829.8273637958
VMEC2000/python/tests/up_down_asymmetric_tokamak,educational_vmec,success,,3,vmec_family,vmec_indata,wout_netcdf,15.300288664000133,0.0,10.100000000000003,6.039384769904101,43.063057922833096,0.2499999999999999,0.0,-836211.5546633236
VMEC2000/python/tests/up_down_asymmetric_tokamak,freegs,failed,Unsupported: FreeGS is restricted to 2-D Grad-Shafranov cases,3,grad_shafranov,vmec_indata_or_case,geqdsk,,,,,,,,
VMEC2000/python/tests/up_down_asymmetric_tokamak,gvec,success,,3,vmec_family,vmec_indata,gvec_state,,,10.1,6.0368534773032,43.0630579228331,-0.25,0.0,
VMEC2000/python/tests/up_down_asymmetric_tokamak,jvmec,success,,3,vmec_family,vmec_indata,wout_netcdf,15.300288663843528,0.0,10.099999999999952,6.039384881459499,43.063057922832776,0.2499999999999999,0.0,-836211.566567134
VMEC2000/python/tests/up_down_asymmetric_tokamak,parvmec,success,,3,vmec_family,vmec_indata,wout_netcdf,15.30028866384349,0.0,10.100000000000003,6.039384881544328,43.063057922833096,0.2499999999999999,0.0,-836211.5660860001
VMEC2000/python/tests/up_down_asymmetric_tokamak,spec,failed,Unsupported: SPEC requires a native .sp input,3,spec_mhd,spec_namelist,spec_hdf5,,,,,,,,
VMEC2000/python/tests/up_down_asymmetric_tokamak,spectre,success,,3,spectre_mhd,vmec_indata_or_spectre_toml,spectre_json,,,,,,,,
VMEC2000/python/tests/up_down_asymmetric_tokamak,vmec2000,success,,3,vmec_family,vmec_indata,wout_netcdf,15.300291354743818,0.0,10.100000000000003,6.039034412091813,43.063057922833096,0.2499999999999999,0.0,-836401.7151810884
VMEC2000/python/tests/up_down_asymmetric_tokamak,vmecpp,success,,3,vmec_family,vmec_indata,wout_netcdf,0.0,,10.100000000000003,3.4825936785264204,43.063057922833096,0.25,5.529532524014215e-304,0.0
VMEC2000/python/tests/up_down_asymmetric_tokamak,vmex,success,,3,vmec_family,vmec_indata,wout_netcdf,15.300288663843506,0.0,10.100000000000012,6.039384881615903,43.063057922833046,0.24999999999999994,0.0,-836211.5666339123
VMEX/data/DIII-D_lasym_false,chease,failed,Unsupported: CHEASE requires a 2-D GEQDSK input,3,grad_shafranov,vmec_indata_via_geqdsk,geqdsk,,,,,,,,
VMEX/data/DIII-D_lasym_false,desc,success,,3,vmec_family,vmec_indata,wout_netcdf,0.9027876466867392,0.014950603164679563,2.0784769799776455,1.7180872679115078,19.345762491071632,-0.21339629523923326,59054.641000000025,-1401725.1389919552
VMEX/data/DIII-D_lasym_false,educational_vmec,failed,Unsupported: required MGRID fixture unavailable: mgrid_d3d_ef.nc,3,vmec_family,vmec_indata,wout_netcdf,,,,,,,,
VMEX/data/DIII-D_lasym_false,freegs,failed,Unsupported: FreeGS is restricted to 2-D Grad-Shafranov cases,3,grad_shafranov,vmec_indata_or_case,geqdsk,,,,,,,,
VMEX/data/DIII-D_lasym_false,gvec,failed,Unsupported: required MGRID fixture unavailable: mgrid_d3d_ef.nc,3,vmec_family,vmec_indata,gvec_state,,,,,,,,
VMEX/data/DIII-D_lasym_false,jvmec,failed,Unsupported: required MGRID fixture unavailable: mgrid_d3d_ef.nc,3,vmec_family,vmec_indata,wout_netcdf,,,,,,,,
VMEX/data/DIII-D_lasym_false,parvmec,failed,Unsupported: required MGRID fixture unavailable: mgrid_d3d_ef.nc,3,vmec_family,vmec_indata,wout_netcdf,,,,,,,,
VMEX/data/DIII-D_lasym_false,spec,failed,Unsupported: SPEC requires a native .sp input,3,spec_mhd,spec_namelist,spec_hdf5,,,,,,,,
VMEX/data/DIII-D_lasym_false,spectre,failed,Unsupported: required MGRID fixture unavailable: mgrid_d3d_ef.nc,3,spectre_mhd,vmec_indata_or_spectre_toml,spectre_json,,,,,,,,
VMEX/data/DIII-D_lasym_false,vmec2000,failed,Unsupported: required MGRID fixture unavailable: mgrid_d3d_ef.nc,3,vmec_family,vmec_indata,wout_netcdf,,,,,,,,
VMEX/data/DIII-D_lasym_false,vmecpp,failed,Unsupported: required MGRID fixture unavailable: mgrid_d3d_ef.nc,3,vmec_family,vmec_indata,wout_netcdf,,,,,,,,
VMEX/data/DIII-D_lasym_false,vmex,failed,Unsupported: required MGRID fixture unavailable: mgrid_d3d_ef.nc,3,vmec_family,vmec_indata,wout_netcdf,,,,,,,,
VMEX/data/DSHAPE,chease,failed,Unsupported: CHEASE requires a 2-D GEQDSK input,3,grad_shafranov,vmec_indata_via_geqdsk,geqdsk,,,,,,,,
VMEX/data/DSHAPE,desc,success,,3,vmec_family,vmec_indata,wout_netcdf,0.06202588762073072,0.029161434445928846,2.927774950515224,3.712483229112473,99.45700630158474,0.32999999999999996,1600.0,-224677.60615847842
VMEX/data/DSHAPE,educational_vmec,success,,3,vmec_family,vmec_indata,wout_netcdf,0.06202590737233558,0.029160921088557376,2.927774950515221,3.712537626357383,99.4570063015846,0.3299999999999999,1599.9255998511992,-225219.92310739929
VMEX/data/DSHAPE,freegs,failed,Unsupported: FreeGS is restricted to 2-D Grad-Shafranov cases,3,grad_shafranov,vmec_indata_or_case,geqdsk,,,,,,,,
VMEX/data/DSHAPE,gvec,success,,3,vmec_family,vmec_indata,gvec_state,,,2.9277749505152175,3.71287866644948,99.4570063015846,-0.33,1600.0,
VMEX/data/DSHAPE,jvmec,success,,3,vmec_family,vmec_indata,wout_netcdf,0.06202590737233546,0.0,2.927774950515229,3.712537626359599,99.45700630158474,0.32999999999999985,0.0,-225219.92313048407
VMEX/data/DSHAPE,parvmec,success,,3,vmec_family,vmec_indata,wout_netcdf,0.06202590737277843,0.029160921095565548,2.927774950515221,3.712537443684042,99.4570063015846,0.3299999999999999,1599.9255998511992,-225220.4864513043
VMEX/data/DSHAPE,spec,failed,Unsupported: SPEC requires a native .sp input,3,spec_mhd,spec_namelist,spec_hdf5,,,,,,,,
VMEX/data/DSHAPE,spectre,success,,3,spectre_mhd,vmec_indata_or_spectre_toml,spectre_json,,,,,,,,
VMEX/data/DSHAPE,vmec2000,success,,3,vmec_family,vmec_indata,wout_netcdf,0.06202590737277843,0.029160921095565548,2.927774950515221,3.712537443684042,99.4570063015846,0.3299999999999999,1599.9255998511992,-225220.4864513043
VMEX/data/DSHAPE,vmecpp,success,,3,vmec_family,vmec_indata,wout_netcdf,0.062025907372701784,0.029160921094262646,2.927774950515221,3.712537457799513,99.4570063015846,0.3299999999999999,1599.9255998511992,-225220.53538912718
VMEX/data/DSHAPE,vmex,success,,3,vmec_family,vmec_indata,wout_netcdf,0.062025907372778404,0.029160921095565537,2.9277749505152197,3.7125374436840715,99.4570063015846,0.3299999999999999,1599.9255998511992,-225220.48645166645
VMEX/data/ITERModel,chease,failed,Unsupported: CHEASE requires a 2-D GEQDSK input,3,grad_shafranov,vmec_indata_via_geqdsk,geqdsk,,,,,,,,
VMEX/data/ITERModel,desc,success,,3,vmec_family,vmec_indata,wout_netcdf,172.39155938490737,0.0,3.0,6.131438484626747,473.74101125228947,0.25,0.0,-5075399.454140629
VMEX/data/ITERModel,educational_vmec,success,,3,vmec_family,vmec_indata,wout_netcdf,172.39190882776126,0.0,2.999999999999999,6.132091444905258,473.7410112522891,0.2499999999999999,0.0,-5091206.938586978
VMEX/data/ITERModel,freegs,failed,Unsupported: FreeGS is restricted to 2-D Grad-Shafranov cases,3,grad_shafranov,vmec_indata_or_case,geqdsk,,,,,,,,
VMEX/data/ITERModel,gvec,success,,3,vmec_family,vmec_indata,gvec_state,,,3.0,6.13209404329586,473.741011252289,-0.25,0.0,
VMEX/data/ITERModel,jvmec,success,,3,vmec_family,vmec_indata,wout_netcdf,172.3919088277614,0.0,2.9999999999999725,6.132091444905197,473.7410112522848,0.25000000000000006,0.0,-5091206.938630934
VMEX/data/ITERModel,parvmec,success,,3,vmec_family,vmec_indata,wout_netcdf,172.39190882776128,0.0,2.999999999999999,6.13209144490627,473.7410112522891,0.2499999999999999,0.0,-5091206.9385698745
VMEX/data/ITERModel,spec,failed,Unsupported: SPEC requires a native .sp input,3,spec_mhd,spec_namelist,spec_hdf5,,,,,,,,
VMEX/data/ITERModel,spectre,failed,Run failed,3,spectre_mhd,vmec_indata_or_spectre_toml,spectre_json,,,,,,,,
VMEX/data/ITERModel,vmec2000,success,,3,vmec_family,vmec_indata,wout_netcdf,172.39190882776128,0.0,2.999999999999999,6.13209144490627,473.7410112522891,0.2499999999999999,0.0,-5091206.9385698745
VMEX/data/ITERModel,vmecpp,success,,3,vmec_family,vmec_indata,wout_netcdf,172.39190882776143,0.0,2.999999999999999,6.132091444904859,473.7410112522891,0.25000000000000006,0.0,-5091206.938620534
VMEX/data/ITERModel,vmex,success,,3,vmec_family,vmec_indata,wout_netcdf,172.3919088277614,0.0,2.9999999999999987,6.132091444904821,473.7410112522892,0.25000000000000006,0.0,-5091206.938594525
VMEX/data/LandremanPaul2021_QA_beta0p5_bootstrap,chease,failed,Unsupported: CHEASE requires a 2-D GEQDSK input,3,grad_shafranov,vmec_indata_via_geqdsk,geqdsk,,,,,,,,
VMEX/data/LandremanPaul2021_QA_beta0p5_bootstrap,desc,success,,3,vmec_family,vmec_indata,wout_netcdf,0.2552443186608743,0.00514414418170994,5.99999660406747,1.0634332773345823,0.5864764932815509,0.11631115953340848,144195.897,95673.45776731936
VMEX/data/LandremanPaul2021_QA_beta0p5_bootstrap,educational_vmec,failed,Run failed,3,vmec_family,vmec_indata,wout_netcdf,,,,,,,,
VMEX/data/LandremanPaul2021_QA_beta0p5_bootstrap,freegs,failed,Unsupported: FreeGS is restricted to 2-D Grad-Shafranov cases,3,grad_shafranov,vmec_indata_or_case,geqdsk,,,,,,,,
VMEX/data/LandremanPaul2021_QA_beta0p5_bootstrap,gvec,failed,Unsupported: VMEC current profile of type cubic_spline_ip is not supported for conversion,3,vmec_family,vmec_indata,gvec_state,,,,,,,,
VMEX/data/LandremanPaul2021_QA_beta0p5_bootstrap,jvmec,failed,Run failed,3,vmec_family,vmec_indata,wout_netcdf,,,,,,,,
VMEX/data/LandremanPaul2021_QA_beta0p5_bootstrap,parvmec,success,,3,vmec_family,vmec_indata,wout_netcdf,0.25519637639841497,0.0050388454183461755,5.9999966000966385,1.0290955960480164,0.5864764923756429,0.3049731474914963,144195.91819055873,-95778.34986522877
VMEX/data/LandremanPaul2021_QA_beta0p5_bootstrap,spec,failed,Unsupported: SPEC requires a native .sp input,3,spec_mhd,spec_namelist,spec_hdf5,,,,,,,,
VMEX/data/LandremanPaul2021_QA_beta0p5_bootstrap,spectre,failed,Run failed,3,spectre_mhd,vmec_indata_or_spectre_toml,spectre_json,,,,,,,,
VMEX/data/LandremanPaul2021_QA_beta0p5_bootstrap,vmec2000,success,,3,vmec_family,vmec_indata,wout_netcdf,0.2551963763984139,0.00503884541834618,5.9999966000966385,1.029095596047897,0.5864764923756429,0.30497314749197624,144195.91819055873,-95778.34986522868
VMEX/data/LandremanPaul2021_QA_beta0p5_bootstrap,vmecpp,success,,3,vmec_family,vmec_indata,wout_netcdf,0.2551963764046008,0.0050388454605887825,5.999996600096598,1.029095605444004,0.5864764923756426,0.30497321613718376,144195.91819055873,-95778.34986522922
VMEX/data/LandremanPaul2021_QA_beta0p5_bootstrap,vmex,success,,3,vmec_family,vmec_indata,wout_netcdf,0.2551963763984141,0.005038845418346196,5.9999966000965745,1.0290955960481536,0.5864764923756421,0.30497314749182425,144195.91819055873,-95778.34986522885
VMEX/data/LandremanPaul2021_QA_beta2p5_bootstrap,chease,failed,Unsupported: CHEASE requires a 2-D GEQDSK input,3,grad_shafranov,vmec_indata_via_geqdsk,geqdsk,,,,,,,,
VMEX/data/LandremanPaul2021_QA_beta2p5_bootstrap,desc,success,,3,vmec_family,vmec_indata,wout_netcdf,0.255438049392283,0.02564298044906866,5.999996604062505,1.0455032092937602,0.5864764932810655,0.01588655248971228,720979.4849999999,272107.36354954273
VMEX/data/LandremanPaul2021_QA_beta2p5_bootstrap,educational_vmec,failed,Run failed,3,vmec_family,vmec_indata,wout_netcdf,,,,,,,,
VMEX/data/LandremanPaul2021_QA_beta2p5_bootstrap,freegs,failed,Unsupported: FreeGS is restricted to 2-D Grad-Shafranov cases,3,grad_shafranov,vmec_indata_or_case,geqdsk,,,,,,,,
VMEX/data/LandremanPaul2021_QA_beta2p5_bootstrap,gvec,failed,Unsupported: VMEC current profile of type cubic_spline_ip is not supported for conversion,3,vmec_family,vmec_indata,gvec_state,,,,,,,,
VMEX/data/LandremanPaul2021_QA_beta2p5_bootstrap,jvmec,failed,Run failed,3,vmec_family,vmec_indata,wout_netcdf,,,,,,,,
VMEX/data/LandremanPaul2021_QA_beta2p5_bootstrap,parvmec,success,,3,vmec_family,vmec_indata,wout_netcdf,0.2554710404733955,0.02546906319749342,5.9999966000966385,1.0435642218493841,0.5864764923756429,0.43470954040963145,720979.5909527938,-272398.4965221526
VMEX/data/LandremanPaul2021_QA_beta2p5_bootstrap,spec,failed,Unsupported: SPEC requires a native .sp input,3,spec_mhd,spec_namelist,spec_hdf5,,,,,,,,
VMEX/data/LandremanPaul2021_QA_beta2p5_bootstrap,spectre,failed,Run failed,3,spectre_mhd,vmec_indata_or_spectre_toml,spectre_json,,,,,,,,
VMEX/data/LandremanPaul2021_QA_beta2p5_bootstrap,vmec2000,success,,3,vmec_family,vmec_indata,wout_netcdf,0.25547104047338937,0.02546906319749502,5.9999966000966385,1.043564221848377,0.5864764923756429,0.434709540404945,720979.5909527938,-272398.49652215315
VMEX/data/LandremanPaul2021_QA_beta2p5_bootstrap,vmecpp,success,,3,vmec_family,vmec_indata,wout_netcdf,0.2554710386931028,0.025469082453414074,5.999996600096598,1.0435682684413954,0.5864764923756426,0.4347048314814934,720979.5909527938,-272398.49652215303
VMEX/data/LandremanPaul2021_QA_beta2p5_bootstrap,vmex,success,,3,vmec_family,vmec_indata,wout_netcdf,0.2554710404734043,0.02546906319749401,5.9999966000965745,1.0435642218536174,0.5864764923756421,0.43470954041615384,720979.5909527938,-272398.49652215355
VMEX/data/LandremanPaul2021_QA_lowres,chease,failed,Unsupported: CHEASE requires a 2-D GEQDSK input,3,grad_shafranov,vmec_indata_via_geqdsk,geqdsk,,,,,,,,
VMEX/data/LandremanPaul2021_QA_lowres,desc,success,,3,vmec_family,vmec_indata,wout_netcdf,0.00713791625402822,0.0,6.000007805810176,1.0039277997627531,0.5647123607586784,0.41605501867845135,0.0,-1.6917307705502746e-11
VMEX/data/LandremanPaul2021_QA_lowres,educational_vmec,success,,3,vmec_family,vmec_indata,wout_netcdf,0.0071379165339377215,0.0,6.000007793589528,1.0040840173707557,0.564712363024845,0.4157723787556401,0.0,1.1153729849444627e-10
VMEX/data/LandremanPaul2021_QA_lowres,freegs,failed,Unsupported: FreeGS is restricted to 2-D Grad-Shafranov cases,3,grad_shafranov,vmec_indata_or_case,geqdsk,,,,,,,,
VMEX/data/LandremanPaul2021_QA_lowres,gvec,success,,3,vmec_family,vmec_indata,gvec_state,,,6.00000779358955,1.00382297617376,0.564712363024842,-0.415833551471753,0.0,
VMEX/data/LandremanPaul2021_QA_lowres,jvmec,failed,Run failed,3,vmec_family,vmec_indata,wout_netcdf,,,,,,,,
VMEX/data/LandremanPaul2021_QA_lowres,parvmec,success,,3,vmec_family,vmec_indata,wout_netcdf,0.007137916595572437,0.0,6.000007793589528,1.0040646126210646,0.564712363024845,0.4157801876253753,0.0,3.8760227666356784e-11
VMEX/data/LandremanPaul2021_QA_lowres,spec,failed,Unsupported: SPEC requires a native .sp input,3,spec_mhd,spec_namelist,spec_hdf5,,,,,,,,
VMEX/data/LandremanPaul2021_QA_lowres,spectre,failed,Run failed,3,spectre_mhd,vmec_indata_or_spectre_toml,spectre_json,,,,,,,,
VMEX/data/LandremanPaul2021_QA_lowres,vmec2000,success,,3,vmec_family,vmec_indata,wout_netcdf,0.0071379165955724345,0.0,6.000007793589528,1.0040646126361057,0.564712363024845,0.41578018760939617,0.0,6.925341376751158e-11
VMEX/data/LandremanPaul2021_QA_lowres,vmecpp,success,,3,vmec_family,vmec_indata,wout_netcdf,0.007137916574462422,0.0,6.000007793589531,1.004068447970246,0.5647123630248432,0.415783360642104,0.0,1.3552527156068805e-12
VMEX/data/LandremanPaul2021_QA_lowres,vmex,failed,Run failed,3,vmec_family,vmec_indata,wout_netcdf,,,,,,,,
VMEX/data/LandremanPaul2021_QA_lowres1,chease,failed,Unsupported: CHEASE requires a 2-D GEQDSK input,3,grad_shafranov,vmec_indata_via_geqdsk,geqdsk,,,,,,,,
VMEX/data/LandremanPaul2021_QA_lowres1,desc,success,,3,vmec_family,vmec_indata,wout_netcdf,0.007137977227624258,0.0,6.000007805809669,1.0033362325346507,0.5647123607586305,0.4191523517967388,0.0,2.460699302618581e-11
VMEX/data/LandremanPaul2021_QA_lowres1,educational_vmec,success,,3,vmec_family,vmec_indata,wout_netcdf,0.0071379165488916554,0.0,6.00000779358954,1.0040243422222312,0.564712363024845,0.415766118464006,0.0,-6.179952383167375e-11
VMEX/data/LandremanPaul2021_QA_lowres1,freegs,failed,Unsupported: FreeGS is restricted to 2-D Grad-Shafranov cases,3,grad_shafranov,vmec_indata_or_case,geqdsk,,,,,,,,
VMEX/data/LandremanPaul2021_QA_lowres1,gvec,success,,3,vmec_family,vmec_indata,gvec_state,,,6.00000779358955,1.0038265434329,0.564712363024841,-0.415824372253713,0.0,
VMEX/data/LandremanPaul2021_QA_lowres1,jvmec,failed,Run failed,3,vmec_family,vmec_indata,wout_netcdf,,,,,,,,
VMEX/data/LandremanPaul2021_QA_lowres1,parvmec,success,,3,vmec_family,vmec_indata,wout_netcdf,0.007137916565216216,0.0,6.000007793589545,1.003931615469469,0.5647123630248451,0.4157121500964318,0.0,5.44811591673966e-11
VMEX/data/LandremanPaul2021_QA_lowres1,spec,failed,Unsupported: SPEC requires a native .sp input,3,spec_mhd,spec_namelist,spec_hdf5,,,,,,,,
VMEX/data/LandremanPaul2021_QA_lowres1,spectre,failed,Run failed,3,spectre_mhd,vmec_indata_or_spectre_toml,spectre_json,,,,,,,,
VMEX/data/LandremanPaul2021_QA_lowres1,vmec2000,success,,3,vmec_family,vmec_indata,wout_netcdf,0.007137916565216195,0.0,6.00000779358954,1.0039316154667588,0.564712363024845,0.4157121500962244,0.0,4.9737774662772516e-11
VMEX/data/LandremanPaul2021_QA_lowres1,vmecpp,success,,3,vmec_family,vmec_indata,wout_netcdf,0.007137916564320482,0.0,6.000007793589536,1.0039264421714194,0.5647123630248442,0.4157123655983045,0.0,5.041540102057595e-11
VMEX/data/LandremanPaul2021_QA_lowres1,vmex,success,,3,vmec_family,vmec_indata,wout_netcdf,0.007137916565216206,0.0,6.000007793589545,1.00393161547107,0.564712363024844,0.41571215009610357,0.0,1.2739375526704677e-11
VMEX/data/LandremanPaul2021_QA_reactorScale_lowres,chease,failed,Unsupported: CHEASE requires a 2-D GEQDSK input,3,grad_shafranov,vmec_indata_via_geqdsk,geqdsk,,,,,,,,
VMEX/data/LandremanPaul2021_QA_reactorScale_lowres,desc,success,,3,vmec_family,vmec_indata,wout_netcdf,255.44949882259482,0.0,6.000007791660843,10.166295804169867,586.4299990945351,0.4161130205831382,0.0,-2.2497822195369885e-10
VMEX/data/LandremanPaul2021_QA_reactorScale_lowres,educational_vmec,success,,3,vmec_family,vmec_indata,wout_netcdf,255.44950771857765,0.0,6.000007793589189,10.167764835429061,586.4300023577529,0.41579270589574635,0.0,3.989863994746656e-10
VMEX/data/LandremanPaul2021_QA_reactorScale_lowres,freegs,failed,Unsupported: FreeGS is restricted to 2-D Grad-Shafranov cases,3,grad_shafranov,vmec_indata_or_case,geqdsk,,,,,,,,
VMEX/data/LandremanPaul2021_QA_reactorScale_lowres,gvec,failed,Run failed,3,vmec_family,vmec_indata,gvec_state,,,,,,,,
VMEX/data/LandremanPaul2021_QA_reactorScale_lowres,jvmec,success,,3,vmec_family,vmec_indata,wout_netcdf,255.4495077185247,0.0,5.940872851153205,10.167764833493097,542.81748234439,0.41579270540346414,0.0,2.96637714392034e-09
VMEX/data/LandremanPaul2021_QA_reactorScale_lowres,parvmec,failed,No VMEC NetCDF output produced by PARVMEC,3,vmec_family,vmec_indata,wout_netcdf,,,,,,,,
VMEX/data/LandremanPaul2021_QA_reactorScale_lowres,spec,failed,Unsupported: SPEC requires a native .sp input,3,spec_mhd,spec_namelist,spec_hdf5,,,,,,,,
VMEX/data/LandremanPaul2021_QA_reactorScale_lowres,spectre,failed,Run failed,3,spectre_mhd,vmec_indata_or_spectre_toml,spectre_json,,,,,,,,
VMEX/data/LandremanPaul2021_QA_reactorScale_lowres,vmec2000,success,,3,vmec_family,vmec_indata,wout_netcdf,255.44951184995804,0.0,6.000007793589189,10.167748593286106,586.4300023577529,0.4157911300321824,0.0,-6.071532165918825e-11
VMEX/data/LandremanPaul2021_QA_reactorScale_lowres,vmecpp,failed,Run failed,3,vmec_family,vmec_indata,wout_netcdf,,,,,,,,
VMEX/data/LandremanPaul2021_QA_reactorScale_lowres,vmex,success,,3,vmec_family,vmec_indata,wout_netcdf,255.44951184995858,0.0,6.000007793589169,10.167748593286097,586.4300023577522,0.41579113003021767,0.0,1.040834085586084e-09
VMEX/data/LandremanPaul2021_QH_reactorScale_lowres,chease,failed,Unsupported: CHEASE requires a 2-D GEQDSK input,3,grad_shafranov,vmec_indata_via_geqdsk,geqdsk,,,,,,,,
VMEX/data/LandremanPaul2021_QH_reactorScale_lowres,desc,success,,3,vmec_family,vmec_indata,wout_netcdf,340.5993931381732,0.0,8.00001128040557,13.722079380717787,781.9067565573806,-1.2418642199471168,0.0,-9.280351655590077e-10
VMEX/data/LandremanPaul2021_QH_reactorScale_lowres,educational_vmec,success,,3,vmec_family,vmec_indata,wout_netcdf,340.5992867123367,0.0,8.000011266147073,13.722862320965815,781.9067553014665,-1.2450034710164322,0.0,-2.2551405187698492e-09
VMEX/data/LandremanPaul2021_QH_reactorScale_lowres,freegs,failed,Unsupported: FreeGS is restricted to 2-D Grad-Shafranov cases,3,grad_shafranov,vmec_indata_or_case,geqdsk,,,,,,,,
VMEX/data/LandremanPaul2021_QH_reactorScale_lowres,gvec,failed,Run failed,3,vmec_family,vmec_indata,gvec_state,,,,,,,,
VMEX/data/LandremanPaul2021_QH_reactorScale_lowres,jvmec,success,,3,vmec_family,vmec_indata,wout_netcdf,340.59928671223565,0.0,7.715814221407765,13.722862324610615,995.0535400460503,-1.245003470300884,0.0,7.806255641895632e-11
VMEX/data/LandremanPaul2021_QH_reactorScale_lowres,parvmec,failed,No VMEC NetCDF output produced by PARVMEC,3,vmec_family,vmec_indata,wout_netcdf,,,,,,,,
VMEX/data/LandremanPaul2021_QH_reactorScale_lowres,spec,failed,Unsupported: SPEC requires a native .sp input,3,spec_mhd,spec_namelist,spec_hdf5,,,,,,,,
VMEX/data/LandremanPaul2021_QH_reactorScale_lowres,spectre,failed,Run failed,3,spectre_mhd,vmec_indata_or_spectre_toml,spectre_json,,,,,,,,
VMEX/data/LandremanPaul2021_QH_reactorScale_lowres,vmec2000,success,,3,vmec_family,vmec_indata,wout_netcdf,340.59928327298735,0.0,8.000011266147073,13.722851085362745,781.9067553014665,-1.2450016835897686,0.0,3.165870343657673e-09
VMEX/data/LandremanPaul2021_QH_reactorScale_lowres,vmecpp,failed,Run failed,3,vmec_family,vmec_indata,wout_netcdf,,,,,,,,
VMEX/data/LandremanPaul2021_QH_reactorScale_lowres,vmex,success,,3,vmec_family,vmec_indata,wout_netcdf,340.599283272977,0.0,8.000011266147032,13.722851085760254,781.906755301464,-1.2450016834417004,0.0,2.810252031082427e-09
VMEX/data/LandremanSengupta2019_section5.4_B2_A80,chease,failed,Unsupported: CHEASE requires a 2-D GEQDSK input,3,grad_shafranov,vmec_indata_via_geqdsk,geqdsk,,,,,,,,
VMEX/data/LandremanSengupta2019_section5.4_B2_A80,desc,success,,3,vmec_family,vmec_indata,wout_netcdf,0.00010063198720655163,0.0,64.20105515532784,0.9998896695775599,0.004787653648384675,-0.0,0.0,0.0
VMEX/data/LandremanSengupta2019_section5.4_B2_A80,educational_vmec,success,,3,vmec_family,vmec_indata,wout_netcdf,0.00010063198756953721,0.0,64.20105526791498,0.9998812300066017,0.004787653637422089,0.0,0.0,-0.0
VMEX/data/LandremanSengupta2019_section5.4_B2_A80,freegs,failed,Unsupported: FreeGS is restricted to 2-D Grad-Shafranov cases,3,grad_shafranov,vmec_indata_or_case,geqdsk,,,,,,,,
VMEX/data/LandremanSengupta2019_section5.4_B2_A80,gvec,success,,3,vmec_family,vmec_indata,gvec_state,,,64.2010552679151,0.999999991219587,0.00478765363742207,0.0,0.0,
VMEX/data/LandremanSengupta2019_section5.4_B2_A80,jvmec,success,,3,vmec_family,vmec_indata,wout_netcdf,0.00010063198756953709,0.0,64.20105526791528,0.9998812300065328,0.0047876536374220685,0.0,0.0,-0.0
VMEX/data/LandremanSengupta2019_section5.4_B2_A80,parvmec,failed,No VMEC NetCDF output produced by PARVMEC,3,vmec_family,vmec_indata,wout_netcdf,,,,,,,,
VMEX/data/LandremanSengupta2019_section5.4_B2_A80,spec,failed,Unsupported: SPEC requires a native .sp input,3,spec_mhd,spec_namelist,spec_hdf5,,,,,,,,
VMEX/data/LandremanSengupta2019_section5.4_B2_A80,spectre,success,,3,spectre_mhd,vmec_indata_or_spectre_toml,spectre_json,,,,,,,,
VMEX/data/LandremanSengupta2019_section5.4_B2_A80,vmec2000,success,,3,vmec_family,vmec_indata,wout_netcdf,0.00010063198757153019,0.0,64.20105526791498,0.9998811231452135,0.004787653637422089,0.0,0.0,-0.0
VMEX/data/LandremanSengupta2019_section5.4_B2_A80,vmecpp,failed,Run failed,3,vmec_family,vmec_indata,wout_netcdf,,,,,,,,
VMEX/data/LandremanSengupta2019_section5.4_B2_A80,vmex,success,,3,vmec_family,vmec_indata,wout_netcdf,0.00010063198757153024,0.0,64.2010552679144,0.999881123145209,0.004787653637422085,0.0,0.0,-0.0
VMEX/data/LandremanSenguptaPlunk_section5p3_low_res,chease,failed,Unsupported: CHEASE requires a 2-D GEQDSK input,3,grad_shafranov,vmec_indata_via_geqdsk,geqdsk,,,,,,,,
VMEX/data/LandremanSenguptaPlunk_section5p3_low_res,desc,success,,3,vmec_family,vmec_indata,wout_netcdf,0.002128802331545251,0.0,9.247607488071369,1.0013069965605452,0.23081868640428957,-0.0,0.0,0.0
VMEX/data/LandremanSenguptaPlunk_section5p3_low_res,educational_vmec,success,,3,vmec_family,vmec_indata,wout_netcdf,0.00212880234633079,0.0,9.24760749741136,0.996373788619574,0.23081868593803964,0.0,0.0,-0.0
VMEX/data/LandremanSenguptaPlunk_section5p3_low_res,freegs,failed,Unsupported: FreeGS is restricted to 2-D Grad-Shafranov cases,3,grad_shafranov,vmec_indata_or_case,geqdsk,,,,,,,,
VMEX/data/LandremanSenguptaPlunk_section5p3_low_res,gvec,success,,3,vmec_family,vmec_indata,gvec_state,,,9.247607497411364,0.999990433609835,0.23081868593804,0.0,0.0,
VMEX/data/LandremanSenguptaPlunk_section5p3_low_res,jvmec,success,,3,vmec_family,vmec_indata,wout_netcdf,0.002128802346330827,0.0,9.24760749741137,0.9963737885701536,0.23081868593803967,0.0,0.0,-0.0
VMEX/data/LandremanSenguptaPlunk_section5p3_low_res,parvmec,failed,No VMEC NetCDF output produced by PARVMEC,3,vmec_family,vmec_indata,wout_netcdf,,,,,,,,
VMEX/data/LandremanSenguptaPlunk_section5p3_low_res,spec,failed,Unsupported: SPEC requires a native .sp input,3,spec_mhd,spec_namelist,spec_hdf5,,,,,,,,
VMEX/data/LandremanSenguptaPlunk_section5p3_low_res,spectre,success,,3,spectre_mhd,vmec_indata_or_spectre_toml,spectre_json,,,,,,,,
VMEX/data/LandremanSenguptaPlunk_section5p3_low_res,vmec2000,success,,3,vmec_family,vmec_indata,wout_netcdf,0.0021288023391901815,0.0,9.24760749741136,0.9962738020048906,0.23081868593803964,0.0,0.0,-0.0
VMEX/data/LandremanSenguptaPlunk_section5p3_low_res,vmecpp,failed,Run failed,3,vmec_family,vmec_indata,wout_netcdf,,,,,,,,
VMEX/data/LandremanSenguptaPlunk_section5p3_low_res,vmex,failed,Run failed,3,vmec_family,vmec_indata,wout_netcdf,,,,,,,,
VMEX/data/NuhrenbergZille_1988_QHS,chease,failed,Unsupported: CHEASE requires a 2-D GEQDSK input,3,grad_shafranov,vmec_indata_via_geqdsk,geqdsk,,,,,,,,
VMEX/data/NuhrenbergZille_1988_QHS,desc,success,,3,vmec_family,vmec_indata,wout_netcdf,0.10047779062535908,0.0,11.682013535772839,11.048511869676348,188.55238913748056,-1.486718218103493,0.0,5.492632371916475e-12
VMEX/data/NuhrenbergZille_1988_QHS,educational_vmec,success,,3,vmec_family,vmec_indata,wout_netcdf,0.10047639368156513,0.0,11.682013535772745,10.997006021063987,188.55238913747814,-1.517712471379785,0.0,1.0665838871826149e-10
VMEX/data/NuhrenbergZille_1988_QHS,freegs,failed,Unsupported: FreeGS is restricted to 2-D Grad-Shafranov cases,3,grad_shafranov,vmec_indata_or_case,geqdsk,,,,,,,,
VMEX/data/NuhrenbergZille_1988_QHS,gvec,success,,3,vmec_family,vmec_indata,gvec_state,,,11.682013535772677,10.9964122362777,188.552389137478,1.51380901300622,0.0,
VMEX/data/NuhrenbergZille_1988_QHS,jvmec,failed,Run failed,3,vmec_family,vmec_indata,wout_netcdf,,,,,,,,
VMEX/data/NuhrenbergZille_1988_QHS,parvmec,success,,3,vmec_family,vmec_indata,wout_netcdf,0.10047639328293284,0.0,11.682013535772745,10.997002673104372,188.55238913747814,-1.517792842136271,0.0,-4.518412553833339e-10
VMEX/data/NuhrenbergZille_1988_QHS,spec,failed,Unsupported: SPEC requires a native .sp input,3,spec_mhd,spec_namelist,spec_hdf5,,,,,,,,
VMEX/data/NuhrenbergZille_1988_QHS,spectre,failed,Run failed,3,spectre_mhd,vmec_indata_or_spectre_toml,spectre_json,,,,,,,,
VMEX/data/NuhrenbergZille_1988_QHS,vmec2000,success,,3,vmec_family,vmec_indata,wout_netcdf,0.10047639328293383,0.0,11.682013535772745,10.997002673078915,188.55238913747814,-1.5177928425902096,0.0,6.484884244178923e-11
VMEX/data/NuhrenbergZille_1988_QHS,vmecpp,success,,3,vmec_family,vmec_indata,wout_netcdf,0.10047639337390668,0.0,11.682013535772706,10.99699331920018,188.5523891374787,-1.5178328447607823,0.0,4.47911022508074e-11
VMEX/data/NuhrenbergZille_1988_QHS,vmex,success,,3,vmec_family,vmec_indata,wout_netcdf,0.10047639328293256,0.0,11.682013535772695,10.99700267303256,188.55238913747863,-1.5177928414693673,0.0,2.710505431213761e-11
VMEX/data/QI_nfp2_initial,chease,failed,Unsupported: CHEASE requires a 2-D GEQDSK input,3,grad_shafranov,vmec_indata_via_geqdsk,geqdsk,,,,,,,,
VMEX/data/QI_nfp2_initial,desc,success,,3,vmec_family,vmec_indata,wout_netcdf,266.09300912662394,0.0,9.997162448784373,12.133424113962192,340.9967834085771,-0.515100032848451,0.0,8.155460545821582e-10
VMEX/data/QI_nfp2_initial,educational_vmec,success,,3,vmec_family,vmec_indata,wout_netcdf,266.0904846725352,0.0,9.997162484668552,12.065089963359616,340.99678077993747,-0.5087070194459065,0.0,5.0133508455729725e-09
VMEX/data/QI_nfp2_initial,freegs,failed,Unsupported: FreeGS is restricted to 2-D Grad-Shafranov cases,3,grad_shafranov,vmec_indata_or_case,geqdsk,,,,,,,,
VMEX/data/QI_nfp2_initial,gvec,success,,3,vmec_family,vmec_indata,gvec_state,,,9.997162484668427,12.0627682259764,340.996780779937,0.508830875918217,0.0,
VMEX/data/QI_nfp2_initial,jvmec,success,,3,vmec_family,vmec_indata,wout_netcdf,266.09048467883974,0.0,8.157617636821229,12.065090021367702,524.5234712818202,-0.5087070265016091,0.0,-1.1796119636642288e-09
VMEX/data/QI_nfp2_initial,parvmec,success,,3,vmec_family,vmec_indata,wout_netcdf,266.09048467883997,0.0,9.997162484668548,12.065090021245098,340.99678077993747,-0.5087070261042204,0.0,1.6306400674181987e-09
VMEX/data/QI_nfp2_initial,spec,failed,Unsupported: SPEC requires a native .sp input,3,spec_mhd,spec_namelist,spec_hdf5,,,,,,,,
VMEX/data/QI_nfp2_initial,spectre,failed,Run failed,3,spectre_mhd,vmec_indata_or_spectre_toml,spectre_json,,,,,,,,
VMEX/data/QI_nfp2_initial,vmec2000,success,,3,vmec_family,vmec_indata,wout_netcdf,266.09048467883906,0.0,9.997162484668552,12.06509002130429,340.99678077993747,-0.508707026109237,0.0,-4.666406150377611e-09
VMEX/data/QI_nfp2_initial,vmecpp,success,,3,vmec_family,vmec_indata,wout_netcdf,266.0904846725355,0.0,9.99716248466847,12.065089963428163,340.99678077993735,-0.508707020359465,0.0,1.4224732503009816e-09
VMEX/data/QI_nfp2_initial,vmex,success,,3,vmec_family,vmec_indata,wout_netcdf,266.09048467883946,0.0,9.997162484668493,12.065090021996225,340.9967807799371,-0.5087070296428813,0.0,2.242130092700023e-09
VMEX/data/QI_stel_seed_3127,chease,failed,Unsupported: CHEASE requires a 2-D GEQDSK input,3,grad_shafranov,vmec_indata_via_geqdsk,geqdsk,,,,,,,,
VMEX/data/QI_stel_seed_3127,desc,success,,3,vmec_family,vmec_indata,wout_netcdf,0.002598025329032941,0.0,9.892363928018503,1.0013158579136698,0.2051432217199683,-0.10823799047107066,0.0,-3.1857267757115556e-12
VMEX/data/QI_stel_seed_3127,educational_vmec,success,,3,vmec_family,vmec_indata,wout_netcdf,0.0025980039165699916,0.0,9.892363909047967,1.000009323722187,0.2051432223416112,-0.11331055108696508,0.0,-3.1731971786514226e-11
VMEX/data/QI_stel_seed_3127,freegs,failed,Unsupported: FreeGS is restricted to 2-D Grad-Shafranov cases,3,grad_shafranov,vmec_indata_or_case,geqdsk,,,,,,,,
VMEX/data/QI_stel_seed_3127,gvec,success,,3,vmec_family,vmec_indata,gvec_state,,,9.89236390904791,0.999945629693014,0.205143222341611,0.11272797654488,0.0,
VMEX/data/QI_stel_seed_3127,jvmec,success,,3,vmec_family,vmec_indata,wout_netcdf,0.0024398407924688765,0.0,8.945388302441106,0.9999681348900006,0.2772542941114213,-0.030136530799267376,0.0,1.1800227746436472e-12
VMEX/data/QI_stel_seed_3127,parvmec,success,,3,vmec_family,vmec_indata,wout_netcdf,0.0025980039164758555,0.0,9.892363909047967,1.0000093215794372,0.2051432223416112,-0.1133107070792977,0.0,-2.2639073097739312e-11
VMEX/data/QI_stel_seed_3127,spec,failed,Unsupported: SPEC requires a native .sp input,3,spec_mhd,spec_namelist,spec_hdf5,,,,,,,,
VMEX/data/QI_stel_seed_3127,spectre,failed,Run failed,3,spectre_mhd,vmec_indata_or_spectre_toml,spectre_json,,,,,,,,
VMEX/data/QI_stel_seed_3127,vmec2000,success,,3,vmec_family,vmec_indata,wout_netcdf,0.002598003916475697,0.0,9.892363909047967,1.0000093215762391,0.2051432223416112,-0.11331070736201518,0.0,2.7291401560533557e-11
VMEX/data/QI_stel_seed_3127,vmecpp,success,,3,vmec_family,vmec_indata,wout_netcdf,0.0025980039165700193,0.0,9.892363909048008,1.0000093237280823,0.20514322234161042,-0.1133105510523464,0.0,7.0261382974744205e-12
VMEX/data/QI_stel_seed_3127,vmex,success,,3,vmec_family,vmec_indata,wout_netcdf,0.002598003916475788,0.0,9.892363909048012,1.0000093215716548,0.2051432223416103,-0.1133107071371814,0.0,4.065758146820641e-12
VMEX/data/basic_non_stellsym_pressure,chease,failed,Unsupported: CHEASE requires a 2-D GEQDSK input,3,grad_shafranov,vmec_indata_via_geqdsk,geqdsk,,,,,,,,
VMEX/data/basic_non_stellsym_pressure,desc,success,,3,vmec_family,vmec_indata,wout_netcdf,1689.0200765282698,1.5775201881855503e-09,4.384423044481716,5.000000000000002,167.41316465347836,-0.24773498010384645,1.0,1.3816108752715016e-09
VMEX/data/basic_non_stellsym_pressure,educational_vmec,success,,3,vmec_family,vmec_indata,wout_netcdf,,,,nan,,0.0,,
VMEX/data/basic_non_stellsym_pressure,freegs,failed,Unsupported: FreeGS is restricted to 2-D Grad-Shafranov cases,3,grad_shafranov,vmec_indata_or_case,geqdsk,,,,,,,,
VMEX/data/basic_non_stellsym_pressure,gvec,success,,3,vmec_family,vmec_indata,gvec_state,,,4.3844230444817205,5.22534680624046,167.413164653478,0.136044377354574,1.0,
VMEX/data/basic_non_stellsym_pressure,jvmec,failed,Run failed,3,vmec_family,vmec_indata,wout_netcdf,,,,,,,,
VMEX/data/basic_non_stellsym_pressure,parvmec,success,,3,vmec_family,vmec_indata,wout_netcdf,1678.107029448239,2.8438460168402206e-07,4.384423044481727,4.920639351278428,167.41316465347825,-0.13623075572970572,184.03501721950823,6.678685382510707e-09
VMEX/data/basic_non_stellsym_pressure,spec,failed,Unsupported: SPEC requires a native .sp input,3,spec_mhd,spec_namelist,spec_hdf5,,,,,,,,
VMEX/data/basic_non_stellsym_pressure,spectre,failed,Run failed,3,spectre_mhd,vmec_indata_or_spectre_toml,spectre_json,,,,,,,,
VMEX/data/basic_non_stellsym_pressure,vmec2000,success,,3,vmec_family,vmec_indata,wout_netcdf,,0.0,0.0,,0.0,,,
VMEX/data/basic_non_stellsym_pressure,vmecpp,success,,3,vmec_family,vmec_indata,wout_netcdf,0.0,,4.384423044481718,1.632615257847629,167.4131646534782,0.0,0.0,0.0
VMEX/data/basic_non_stellsym_pressure,vmex,success,,3,vmec_family,vmec_indata,wout_netcdf,1678.1070268239446,2.843841300758502e-07,4.384423044481718,4.920659059734344,167.4131646534783,-0.13623082711036294,184.03235231747053,-9.8879238130678e-10
VMEX/data/basic_non_stellsym_simsopt,chease,failed,Unsupported: CHEASE requires a 2-D GEQDSK input,3,grad_shafranov,vmec_indata_via_geqdsk,geqdsk,,,,,,,,
VMEX/data/basic_non_stellsym_simsopt,desc,success,,3,vmec_family,vmec_indata,wout_netcdf,1689.0281158309788,0.0,4.384423044481719,5.0,167.41316465347822,-0.24887113233669084,0.0,2.1711028039980742e-09
VMEX/data/basic_non_stellsym_simsopt,educational_vmec,success,,3,vmec_family,vmec_indata,wout_netcdf,6.752998160663992e-11,0.0,0.0,2.0104859658709476e+18,0.0,10.161997814348554,3.729662159763227e-304,3.26405569239796e-07
VMEX/data/basic_non_stellsym_simsopt,freegs,failed,Unsupported: FreeGS is restricted to 2-D Grad-Shafranov cases,3,grad_shafranov,vmec_indata_or_case,geqdsk,,,,,,,,
VMEX/data/basic_non_stellsym_simsopt,gvec,failed,Run failed,3,vmec_family,vmec_indata,gvec_state,,,,,,,,
VMEX/data/basic_non_stellsym_simsopt,jvmec,success,,3,vmec_family,vmec_indata,wout_netcdf,1678.107086439855,0.0,4.38442304448172,4.942623203116154,167.41316465347825,0.13643770521380089,0.0,-2.714842239903703e-09
VMEX/data/basic_non_stellsym_simsopt,parvmec,success,,3,vmec_family,vmec_indata,wout_netcdf,1678.1064468924308,0.0,4.384423044481727,4.9102999836954435,167.41316465347825,-0.13622625996436244,0.0,6.227657278756737e-09
VMEX/data/basic_non_stellsym_simsopt,spec,failed,Unsupported: SPEC requires a native .sp input,3,spec_mhd,spec_namelist,spec_hdf5,,,,,,,,
VMEX/data/basic_non_stellsym_simsopt,spectre,success,,3,spectre_mhd,vmec_indata_or_spectre_toml,spectre_json,,,,,,,,
VMEX/data/basic_non_stellsym_simsopt,vmec2000,success,,3,vmec_family,vmec_indata,wout_netcdf,1678.1089005866713,-0.0,4.384423044481717,4.95425126974304,167.41316465347822,0.13642918379660346,0.0,-1.0321604682062002e-09
VMEX/data/basic_non_stellsym_simsopt,vmecpp,success,,3,vmec_family,vmec_indata,wout_netcdf,0.0,,4.384423044481718,1.632615257847629,167.4131646534782,0.0,0.0,0.0
VMEX/data/basic_non_stellsym_simsopt,vmex,success,,3,vmec_family,vmec_indata,wout_netcdf,1678.1064371732427,0.0,4.384423044481718,4.9097098385069895,167.4131646534783,-0.13622561012222578,0.0,2.411265631607762e-09
VMEX/data/circular_tokamak,chease,failed,Unsupported: CHEASE requires a 2-D GEQDSK input,3,grad_shafranov,vmec_indata_via_geqdsk,geqdsk,,,,,,,,
VMEX/data/circular_tokamak,desc,success,,3,vmec_family,vmec_indata,wout_netcdf,172.3917031869857,0.0,3.0000000000000093,6.127228175410492,473.74101125229095,0.25,0.0,-5015041.008202302
VMEX/data/circular_tokamak,educational_vmec,success,,3,vmec_family,vmec_indata,wout_netcdf,172.39494070759557,0.0,3.0000000000000013,6.1321882628580635,473.74101125228947,0.2499999999999999,0.0,-5113728.513944055
VMEX/data/circular_tokamak,freegs,failed,Unsupported: FreeGS is restricted to 2-D Grad-Shafranov cases,3,grad_shafranov,vmec_indata_or_case,geqdsk,,,,,,,,
VMEX/data/circular_tokamak,gvec,success,,3,vmec_family,vmec_indata,gvec_state,,,3.0,6.1320942684999,473.741011252289,-0.25,0.0,
VMEX/data/circular_tokamak,jvmec,success,,3,vmec_family,vmec_indata,wout_netcdf,172.39494070759545,0.0,3.0000000000000413,6.132188262858121,473.7410112522957,0.2499999999999999,0.0,-5113728.513946743
VMEX/data/circular_tokamak,parvmec,success,,3,vmec_family,vmec_indata,wout_netcdf,172.3949407075955,0.0,3.0000000000000013,6.13218826285812,473.74101125228947,0.2499999999999999,0.0,-5113728.513946485
VMEX/data/circular_tokamak,spec,failed,Unsupported: SPEC requires a native .sp input,3,spec_mhd,spec_namelist,spec_hdf5,,,,,,,,
VMEX/data/circular_tokamak,spectre,success,,3,spectre_mhd,vmec_indata_or_spectre_toml,spectre_json,,,,,,,,
VMEX/data/circular_tokamak,vmec2000,success,,3,vmec_family,vmec_indata,wout_netcdf,172.3949407075955,0.0,3.0000000000000013,6.13218826285812,473.74101125228947,0.2499999999999999,0.0,-5113728.513946485
VMEX/data/circular_tokamak,vmecpp,success,,3,vmec_family,vmec_indata,wout_netcdf,172.3949407075954,0.0,3.0000000000000013,6.132188262858243,473.74101125228947,0.24999999999999994,0.0,-5113728.513954083
VMEX/data/circular_tokamak,vmex,success,,3,vmec_family,vmec_indata,wout_netcdf,172.39494070759548,0.0,2.9999999999999982,6.13218826285814,473.7410112522893,0.24999999999999994,0.0,-5113728.513947651
VMEX/data/circular_tokamak_aspect_100,chease,failed,Unsupported: CHEASE requires a 2-D GEQDSK input,3,grad_shafranov,vmec_indata_via_geqdsk,geqdsk,,,,,,,,
VMEX/data/circular_tokamak_aspect_100,desc,success,,3,vmec_family,vmec_indata,wout_netcdf,4999.935315632575,0.0,100.00000000000004,200.00401578622504,15791.36704174298,0.25,0.0,-125010.53965654438
VMEX/data/circular_tokamak_aspect_100,educational_vmec,success,,3,vmec_family,vmec_indata,wout_netcdf,4999.935314852455,0.0,99.99999999999821,199.99499673888678,15791.367041743026,0.24999999999999994,0.0,-125034.92780628124
VMEX/data/circular_tokamak_aspect_100,freegs,failed,Unsupported: FreeGS is restricted to 2-D Grad-Shafranov cases,3,grad_shafranov,vmec_indata_or_case,geqdsk,,,,,,,,
VMEX/data/circular_tokamak_aspect_100,gvec,success,,3,vmec_family,vmec_indata,gvec_state,,,100.0,200.000000111786,15791.367041743,-0.25,0.0,
VMEX/data/circular_tokamak_aspect_100,jvmec,success,,3,vmec_family,vmec_indata,wout_netcdf,4999.935314852454,0.0,99.99999999999983,199.99499673888678,15791.367041742893,0.24999999999999994,0.0,-125034.92780628089
VMEX/data/circular_tokamak_aspect_100,parvmec,success,,3,vmec_family,vmec_indata,wout_netcdf,4999.935313724557,0.0,99.99999999999821,199.99997891244524,15791.367041743026,0.24999999999999994,0.0,-125033.36704765551
VMEX/data/circular_tokamak_aspect_100,spec,failed,Unsupported: SPEC requires a native .sp input,3,spec_mhd,spec_namelist,spec_hdf5,,,,,,,,
VMEX/data/circular_tokamak_aspect_100,spectre,success,,3,spectre_mhd,vmec_indata_or_spectre_toml,spectre_json,,,,,,,,
VMEX/data/circular_tokamak_aspect_100,vmec2000,success,,3,vmec_family,vmec_indata,wout_netcdf,4999.935313724557,0.0,99.99999999999821,199.99997891244524,15791.367041743026,0.24999999999999994,0.0,-125033.36704765551
VMEX/data/circular_tokamak_aspect_100,vmecpp,success,,3,vmec_family,vmec_indata,wout_netcdf,4999.935313362336,0.0,99.99999999999821,200.00405654322623,15791.367041743026,0.24999999999999994,0.0,-125035.4193142046
VMEX/data/circular_tokamak_aspect_100,vmex,success,,3,vmec_family,vmec_indata,wout_netcdf,4999.935313724539,0.0,100.00000000000034,199.99997905142283,15791.367041743026,0.24999999999999994,0.0,-125033.36704239598
VMEX/data/cth_like_fixed_bdy,chease,failed,Unsupported: CHEASE requires a 2-D GEQDSK input,3,grad_shafranov,vmec_indata_via_geqdsk,geqdsk,,,,,,,,
VMEX/data/cth_like_fixed_bdy,desc,success,,3,vmec_family,vmec_indata,wout_netcdf,0.0011152362196875777,0.02846240817633584,5.307644604298972,0.7669377092559108,0.33322768486493665,-0.5877438211449735,432.290809,-43229.080860000024
VMEX/data/cth_like_fixed_bdy,educational_vmec,success,,3,vmec_family,vmec_indata,wout_netcdf,0.0011262898007085307,0.0023451920899418472,5.307644600044931,0.7857664330712385,0.3332276850190857,0.5616650540296477,432.3209489619426,43229.26499463213
VMEX/data/cth_like_fixed_bdy,freegs,failed,Unsupported: FreeGS is restricted to 2-D Grad-Shafranov cases,3,grad_shafranov,vmec_indata_or_case,geqdsk,,,,,,,,
VMEX/data/cth_like_fixed_bdy,gvec,failed,Unsupported: VMEC pressure profile of type two_power is not supported for conversion,3,vmec_family,vmec_indata,gvec_state,,,,,,,,
VMEX/data/cth_like_fixed_bdy,jvmec,success,,3,vmec_family,vmec_indata,wout_netcdf,0.0011262898007085471,0.0,5.307644600044908,0.7857664330712386,0.3332276850190883,0.5616650540295827,0.0,43229.26499463137
VMEX/data/cth_like_fixed_bdy,parvmec,success,,3,vmec_family,vmec_indata,wout_netcdf,0.0011262898007667788,0.002345192087670361,5.307644600044931,0.7857664316915718,0.3332276850190857,0.5616653253194412,432.3209489619426,43229.26499463149
VMEX/data/cth_like_fixed_bdy,spec,failed,Unsupported: SPEC requires a native .sp input,3,spec_mhd,spec_namelist,spec_hdf5,,,,,,,,
VMEX/data/cth_like_fixed_bdy,spectre,failed,Run failed,3,spectre_mhd,vmec_indata_or_spectre_toml,spectre_json,,,,,,,,
VMEX/data/cth_like_fixed_bdy,vmec2000,success,,3,vmec_family,vmec_indata,wout_netcdf,0.0011262898001713718,0.0023451920891676206,5.307644600044931,0.785766431681628,0.3332276850190857,0.5616653273111936,432.3209489619426,43229.26502586172
VMEX/data/cth_like_fixed_bdy,vmecpp,success,,3,vmec_family,vmec_indata,wout_netcdf,0.0,,5.962004153435853,0.78298904738635,0.0,0.0,0.0,0.0
VMEX/data/cth_like_fixed_bdy,vmex,success,,3,vmec_family,vmec_indata,wout_netcdf,0.0011262898007667684,0.002345192087670319,5.307644600044913,0.7857664316915642,0.3332276850190889,0.5616653253197048,432.3209489619426,43229.264994631456
VMEX/data/cth_like_free_bdy,chease,failed,Unsupported: CHEASE requires a 2-D GEQDSK input,3,grad_shafranov,vmec_indata_via_geqdsk,geqdsk,,,,,,,,
VMEX/data/cth_like_free_bdy,desc,success,,3,vmec_family,vmec_indata,wout_netcdf,0.0012731062679220786,0.0227398635245009,5.485829957848705,0.8076147117674333,0.31539670994943586,-0.14499208017226325,432.290809,-43229.080859999995
VMEX/data/cth_like_free_bdy,educational_vmec,success,,3,vmec_family,vmec_indata,wout_netcdf,0.0012835850702399652,0.0018737584676555856,5.434974481410779,0.7737288974733806,0.30727296264131154,0.8642129844218112,432.3209489619426,43229.26499463159
VMEX/data/cth_like_free_bdy,freegs,failed,Unsupported: FreeGS is restricted to 2-D Grad-Shafranov cases,3,grad_shafranov,vmec_indata_or_case,geqdsk,,,,,,,,
VMEX/data/cth_like_free_bdy,gvec,failed,Unsupported: VMEC pressure profile of type two_power is not supported for conversion,3,vmec_family,vmec_indata,gvec_state,,,,,,,,
VMEX/data/cth_like_free_bdy,jvmec,success,,3,vmec_family,vmec_indata,wout_netcdf,0.001283585166147553,0.0,5.427362725185297,0.7737289667975351,0.3065688852635029,0.8642128827246731,0.0,43229.26499463131
VMEX/data/cth_like_free_bdy,parvmec,success,,3,vmec_family,vmec_indata,wout_netcdf,0.0012836282142128033,0.0018721156781027577,5.433266223129844,0.773342026879444,0.30699830710431036,0.8648641990771786,432.3209489619426,43229.26499463139
VMEX/data/cth_like_free_bdy,spec,failed,Unsupported: SPEC requires a native .sp input,3,spec_mhd,spec_namelist,spec_hdf5,,,,,,,,
VMEX/data/cth_like_free_bdy,spectre,failed,Run failed,3,spectre_mhd,vmec_indata_or_spectre_toml,spectre_json,,,,,,,,
VMEX/data/cth_like_free_bdy,vmec2000,success,,3,vmec_family,vmec_indata,wout_netcdf,0.0012836282135936263,0.0018721156748653415,5.433266222663794,0.7733420264100608,0.30699830633673014,0.8648641991130603,432.3209489619426,43229.26502586149
VMEX/data/cth_like_free_bdy,vmecpp,success,,3,vmec_family,vmec_indata,wout_netcdf,0.0012835850702399617,0.001873758467655737,5.434974481410793,0.7737288974734103,0.30727296264132803,0.8642129844218638,432.3209489619426,43229.26499463137
VMEX/data/cth_like_free_bdy,vmex,success,,3,vmec_family,vmec_indata,wout_netcdf,0.0012836284652539749,0.0018721225704573245,5.433268198627111,0.7733415572197538,0.3070012776016167,0.8648823217871802,432.3209489619426,43229.264994631456
VMEX/data/cth_like_free_bdy_lasym_small,chease,failed,Unsupported: CHEASE requires a 2-D GEQDSK input,3,grad_shafranov,vmec_indata_via_geqdsk,geqdsk,,,,,,,,
VMEX/data/cth_like_free_bdy_lasym_small,desc,success,,3,vmec_family,vmec_indata,wout_netcdf,0.0012738336778914839,0.0236677698343514,5.485811963436569,0.776278202607308,0.31540449013142413,-0.18366832569500907,432.290809,-43229.08086
VMEX/data/cth_like_free_bdy_lasym_small,educational_vmec,success,,3,vmec_family,vmec_indata,wout_netcdf,0.001649447243150692,0.0009252826618556868,5.959524147479906,0.7053897315898863,0.19142264285103874,0.5227623442369669,432.3209489619426,43229.26499463153
VMEX/data/cth_like_free_bdy_lasym_small,freegs,failed,Unsupported: FreeGS is restricted to 2-D Grad-Shafranov cases,3,grad_shafranov,vmec_indata_or_case,geqdsk,,,,,,,,
VMEX/data/cth_like_free_bdy_lasym_small,gvec,failed,Unsupported: VMEC pressure profile of type two_power is not supported for conversion,3,vmec_family,vmec_indata,gvec_state,,,,,,,,
VMEX/data/cth_like_free_bdy_lasym_small,jvmec,failed,Run failed,3,vmec_family,vmec_indata,wout_netcdf,,,,,,,,
VMEX/data/cth_like_free_bdy_lasym_small,parvmec,success,,3,vmec_family,vmec_indata,wout_netcdf,0.002264834950019388,0.0005395862275525074,7.094441196233928,0.7413177892572481,0.15703989764931864,0.7781195647007794,432.3209489619426,43229.26499463169
VMEX/data/cth_like_free_bdy_lasym_small,spec,failed,Unsupported: SPEC requires a native .sp input,3,spec_mhd,spec_namelist,spec_hdf5,,,,,,,,
VMEX/data/cth_like_free_bdy_lasym_small,spectre,failed,Run failed,3,spectre_mhd,vmec_indata_or_spectre_toml,spectre_json,,,,,,,,
VMEX/data/cth_like_free_bdy_lasym_small,vmec2000,success,,3,vmec_family,vmec_indata,wout_netcdf,0.0017762568254512203,0.0008442951371093164,6.285287404273993,0.7276661697574732,0.19095011168551573,0.6977714496707137,432.3209489619426,43229.26502586165
VMEX/data/cth_like_free_bdy_lasym_small,vmecpp,failed,Run failed,3,vmec_family,vmec_indata,wout_netcdf,,,,,,,,
VMEX/data/cth_like_free_bdy_lasym_small,vmex,failed,Run failed,3,vmec_family,vmec_indata,wout_netcdf,,,,,,,,
VMEX/data/li383_low_res,chease,failed,Unsupported: CHEASE requires a 2-D GEQDSK input,3,grad_shafranov,vmec_indata_via_geqdsk,geqdsk,,,,,,,,
VMEX/data/li383_low_res,desc,success,,3,vmec_family,vmec_indata,wout_netcdf,0.09605018951821888,0.04240397538267535,4.3549675967508215,1.477010842606855,2.981387270163289,0.3151708310138807,73408.0,174249.80181999365
VMEX/data/li383_low_res,educational_vmec,success,,3,vmec_family,vmec_indata,wout_netcdf,0.09601573665862613,0.0426211377319605,4.3549675967508055,1.4760740373918826,2.9813872701632924,0.655655040342425,73686.13886756107,-177180.66296951927
VMEX/data/li383_low_res,freegs,failed,Unsupported: FreeGS is restricted to 2-D Grad-Shafranov cases,3,grad_shafranov,vmec_indata_or_case,geqdsk,,,,,,,,
VMEX/data/li383_low_res,gvec,failed,Run failed,3,vmec_family,vmec_indata,gvec_state,,,,,,,,
VMEX/data/li383_low_res,jvmec,failed,Run failed,3,vmec_family,vmec_indata,wout_netcdf,,,,,,,,
VMEX/data/li383_low_res,parvmec,success,,3,vmec_family,vmec_indata,wout_netcdf,0.09601573538802476,0.04262115259194689,4.3549675967508055,1.4760749266902895,2.9813872701632924,0.6556508142483026,73686.13886756107,-177180.66296951973
VMEX/data/li383_low_res,spec,failed,Unsupported: SPEC requires a native .sp input,3,spec_mhd,spec_namelist,spec_hdf5,,,,,,,,
VMEX/data/li383_low_res,spectre,failed,Run failed,3,spectre_mhd,vmec_indata_or_spectre_toml,spectre_json,,,,,,,,
VMEX/data/li383_low_res,vmec2000,success,,3,vmec_family,vmec_indata,wout_netcdf,0.09601573538802477,0.04262115259194696,4.3549675967508055,1.4760749266903046,2.9813872701632924,0.6556508142483045,73686.13886756107,-177180.66296951988
VMEX/data/li383_low_res,vmecpp,success,,3,vmec_family,vmec_indata,wout_netcdf,0.0960157366586259,0.04262113773196053,4.354967596750809,1.476074037391897,2.98138727016329,0.6556550403424313,73686.13886756107,-177180.66296952043
VMEX/data/li383_low_res,vmex,success,,3,vmec_family,vmec_indata,wout_netcdf,0.09601573538802492,0.042621152591947,4.354967596750819,1.4760749266903084,2.9813872701632915,0.6556508142483276,73686.13886756107,-177180.6629695203
VMEX/data/minimal_seed_nfp1,chease,failed,Unsupported: CHEASE requires a 2-D GEQDSK input,3,grad_shafranov,vmec_indata_via_geqdsk,geqdsk,,,,,,,,
VMEX/data/minimal_seed_nfp1,desc,success,,3,vmec_family,vmec_indata,wout_netcdf,0.0027446443944700843,0.0,9.999500037496874,0.9973280414989579,0.19741182723058914,-3.123062579636822e-13,0.0,-7.546335125234367e-15
VMEX/data/minimal_seed_nfp1,educational_vmec,success,,3,vmec_family,vmec_indata,wout_netcdf,0.0027446444264089434,0.0,9.999500037496878,0.9975122704153995,0.19741182723059014,4.8028803397605146e-11,0.0,2.6900172014165883e-15
VMEX/data/minimal_seed_nfp1,freegs,failed,Unsupported: FreeGS is restricted to 2-D Grad-Shafranov cases,3,grad_shafranov,vmec_indata_or_case,geqdsk,,,,,,,,
VMEX/data/minimal_seed_nfp1,gvec,success,,3,vmec_family,vmec_indata,gvec_state,,,9.999500037496901,0.999996520579973,0.19741182723059,1.54907847523038e-13,0.0,
VMEX/data/minimal_seed_nfp1,jvmec,success,,3,vmec_family,vmec_indata,wout_netcdf,0.0027446444264089443,0.0,9.999500037496896,0.9975122704154007,0.1974118272305898,4.802879580421855e-11,0.0,-4.022036481568386e-15
VMEX/data/minimal_seed_nfp1,parvmec,success,,3,vmec_family,vmec_indata,wout_netcdf,0.0027446444264089395,0.0,9.999500037496878,0.9975122704154014,0.19741182723059014,4.802881266804458e-11,0.0,3.836373208141444e-15
VMEX/data/minimal_seed_nfp1,spec,failed,Unsupported: SPEC requires a native .sp input,3,spec_mhd,spec_namelist,spec_hdf5,,,,,,,,
VMEX/data/minimal_seed_nfp1,spectre,failed,Run failed,3,spectre_mhd,vmec_indata_or_spectre_toml,spectre_json,,,,,,,,
VMEX/data/minimal_seed_nfp1,vmec2000,success,,3,vmec_family,vmec_indata,wout_netcdf,0.002744644426408944,0.0,9.999500037496878,0.997512270415401,0.19741182723059014,4.8028803909732684e-11,0.0,-9.732296894569216e-17
VMEX/data/minimal_seed_nfp1,vmecpp,success,,3,vmec_family,vmec_indata,wout_netcdf,0.002744644426408939,0.0,9.999500037496858,0.9975122704153991,0.1974118272305894,4.802879820047008e-11,0.0,-1.116758450431943e-14
VMEX/data/minimal_seed_nfp1,vmex,success,,3,vmec_family,vmec_indata,wout_netcdf,0.0027446444264089417,0.0,9.999500037496881,0.9975122704154,0.19741182723058948,4.8028784874769105e-11,0.0,-7.279189390466643e-16
VMEX/data/minimal_seed_nfp2,chease,failed,Unsupported: CHEASE requires a 2-D GEQDSK input,3,grad_shafranov,vmec_indata_via_geqdsk,geqdsk,,,,,,,,
VMEX/data/minimal_seed_nfp2,desc,success,,3,vmec_family,vmec_indata,wout_netcdf,0.002744646494948279,0.0,9.999500037496881,0.997212492136289,0.19741182723058917,-1.063843839827788e-13,0.0,-1.3349403140241336e-14
VMEX/data/minimal_seed_nfp2,educational_vmec,success,,3,vmec_family,vmec_indata,wout_netcdf,0.002744646527000727,0.0,9.999500037496878,0.9975119200132758,0.19741182723059014,1.6111257437913223e-12,0.0,-7.408694855119477e-15
VMEX/data/minimal_seed_nfp2,freegs,failed,Unsupported: FreeGS is restricted to 2-D Grad-Shafranov cases,3,grad_shafranov,vmec_indata_or_case,geqdsk,,,,,,,,
VMEX/data/minimal_seed_nfp2,gvec,success,,3,vmec_family,vmec_indata,gvec_state,,,9.999500037496901,0.999996531624065,0.197411827230589,1.65203834655829e-13,0.0,
VMEX/data/minimal_seed_nfp2,jvmec,success,,3,vmec_family,vmec_indata,wout_netcdf,0.0027446465270007303,0.0,9.999500037496896,0.9975119200132793,0.1974118272305898,1.6111490535084037e-12,0.0,-2.553726270801406e-15
VMEX/data/minimal_seed_nfp2,parvmec,success,,3,vmec_family,vmec_indata,wout_netcdf,0.0027446465270007272,0.0,9.999500037496878,0.9975119200132794,0.19741182723059014,1.6111361920157809e-12,0.0,3.3455578368648623e-15
VMEX/data/minimal_seed_nfp2,spec,failed,Unsupported: SPEC requires a native .sp input,3,spec_mhd,spec_namelist,spec_hdf5,,,,,,,,
VMEX/data/minimal_seed_nfp2,spectre,failed,Run failed,3,spectre_mhd,vmec_indata_or_spectre_toml,spectre_json,,,,,,,,
VMEX/data/minimal_seed_nfp2,vmec2000,success,,3,vmec_family,vmec_indata,wout_netcdf,0.0027446465270007294,0.0,9.999500037496878,0.9975119200132793,0.19741182723059014,1.611121873596526e-12,0.0,1.682472441235787e-14
VMEX/data/minimal_seed_nfp2,vmecpp,success,,3,vmec_family,vmec_indata,wout_netcdf,0.0027446465270007277,0.0,9.999500037496858,0.9975119200132753,0.1974118272305894,1.6111240826052876e-12,0.0,3.031022408941574e-14
VMEX/data/minimal_seed_nfp2,vmex,success,,3,vmec_family,vmec_indata,wout_netcdf,0.0027446465270007294,0.0,9.999500037496881,0.997511920013279,0.19741182723058948,1.6111570921519997e-12,0.0,-2.3822801641527197e-15
VMEX/data/minimal_seed_nfp2_target_helicity,chease,failed,Unsupported: CHEASE requires a 2-D GEQDSK input,3,grad_shafranov,vmec_indata_via_geqdsk,geqdsk,,,,,,,,
VMEX/data/minimal_seed_nfp2_target_helicity,desc,success,,3,vmec_family,vmec_indata,wout_netcdf,0.004318391398307207,0.0,4.999949646232968,0.9799644822547511,0.7895605219338929,-3.483300341127557e-08,0.0,-2.413754460314858e-15
VMEX/data/minimal_seed_nfp2_target_helicity,educational_vmec,success,,3,vmec_family,vmec_indata,wout_netcdf,0.004318391753852561,0.0,4.999949646232962,0.9906027835317327,0.7895605219338941,-3.535182781736714e-08,0.0,1.3565762045869652e-15
VMEX/data/minimal_seed_nfp2_target_helicity,freegs,failed,Unsupported: FreeGS is restricted to 2-D Grad-Shafranov cases,3,grad_shafranov,vmec_indata_or_case,geqdsk,,,,,,,,
VMEX/data/minimal_seed_nfp2_target_helicity,gvec,success,,3,vmec_family,vmec_indata,gvec_state,,,4.9999496462329605,0.999933052072422,0.789560521933893,3.55039659923135e-08,0.0,
VMEX/data/minimal_seed_nfp2_target_helicity,jvmec,success,,3,vmec_family,vmec_indata,wout_netcdf,0.004318391753852543,0.0,4.9999496987383365,0.9906027835309997,0.789560512460099,-3.535182780532034e-08,0.0,1.917404659897918e-14
VMEX/data/minimal_seed_nfp2_target_helicity,parvmec,success,,3,vmec_family,vmec_indata,wout_netcdf,0.004318391753852547,0.0,4.999949646232962,0.9906027835277229,0.7895605219338941,-3.535182781115994e-08,0.0,2.0844951436336297e-15
VMEX/data/minimal_seed_nfp2_target_helicity,spec,failed,Unsupported: SPEC requires a native .sp input,3,spec_mhd,spec_namelist,spec_hdf5,,,,,,,,
VMEX/data/minimal_seed_nfp2_target_helicity,spectre,failed,Run failed,3,spectre_mhd,vmec_indata_or_spectre_toml,spectre_json,,,,,,,,
VMEX/data/minimal_seed_nfp2_target_helicity,vmec2000,success,,3,vmec_family,vmec_indata,wout_netcdf,0.004318391753852555,0.0,4.999949646232962,0.9906027835342031,0.7895605219338941,-3.535182778537594e-08,0.0,5.327043144841498e-15
VMEX/data/minimal_seed_nfp2_target_helicity,vmecpp,success,,3,vmec_family,vmec_indata,wout_netcdf,0.004318391753852564,0.0,4.999949646232971,0.9906027835299339,0.7895605219338929,-3.5351827807985144e-08,0.0,-1.0025429024142694e-14
VMEX/data/minimal_seed_nfp2_target_helicity,vmex,success,,3,vmec_family,vmec_indata,wout_netcdf,0.004318391753852557,0.0,4.999949646232974,0.990602783529345,0.7895605219338929,-3.535182775755332e-08,0.0,-1.9587636905255695e-14
VMEX/data/minimal_seed_nfp3,chease,failed,Unsupported: CHEASE requires a 2-D GEQDSK input,3,grad_shafranov,vmec_indata_via_geqdsk,geqdsk,,,,,,,,
VMEX/data/minimal_seed_nfp3,desc,success,,3,vmec_family,vmec_indata,wout_netcdf,0.0043184399106066685,0.0,5.000000000000004,0.992534949700723,0.7895683520871484,-1.0666065106979865e-21,0.0,5.729262024673123e-21
VMEX/data/minimal_seed_nfp3,educational_vmec,success,,3,vmec_family,vmec_indata,wout_netcdf,0.004318440245010734,0.0,5.000000000000071,0.9906467076464017,0.789568352087151,5.278451544011796e-28,0.0,2.5085237525643747e-25
VMEX/data/minimal_seed_nfp3,freegs,failed,Unsupported: FreeGS is restricted to 2-D Grad-Shafranov cases,3,grad_shafranov,vmec_indata_or_case,geqdsk,,,,,,,,
VMEX/data/minimal_seed_nfp3,gvec,success,,3,vmec_family,vmec_indata,gvec_state,,,5.0,0.999942776237866,0.789568352087148,-2.87326827054656e-18,0.0,
VMEX/data/minimal_seed_nfp3,jvmec,success,,3,vmec_family,vmec_indata,wout_netcdf,0.004318440245010726,0.0,4.999999999999986,0.9906467076304636,0.7895683520871475,4.6691986539985455e-27,0.0,-7.76149767588056e-25
VMEX/data/minimal_seed_nfp3,parvmec,success,,3,vmec_family,vmec_indata,wout_netcdf,0.004318440245010718,0.0,5.000000000000071,0.9906467076258342,0.789568352087151,-2.6399292277719872e-27,0.0,3.8518598887744717e-26
VMEX/data/minimal_seed_nfp3,spec,failed,Unsupported: SPEC requires a native .sp input,3,spec_mhd,spec_namelist,spec_hdf5,,,,,,,,
VMEX/data/minimal_seed_nfp3,spectre,failed,Run failed,3,spectre_mhd,vmec_indata_or_spectre_toml,spectre_json,,,,,,,,
VMEX/data/minimal_seed_nfp3,vmec2000,success,,3,vmec_family,vmec_indata,wout_netcdf,0.004318440245010753,0.0,5.000000000000071,0.9906467076229383,0.789568352087151,2.5683154288824314e-29,0.0,4.718528363748727e-26
VMEX/data/minimal_seed_nfp3,vmecpp,success,,3,vmec_family,vmec_indata,wout_netcdf,0.0043184402450107545,0.0,4.999999999999993,0.9906467076320936,0.7895683520871487,5.836928657655823e-28,0.0,-7.674830828383135e-25
VMEX/data/minimal_seed_nfp3,vmex,success,,3,vmec_family,vmec_indata,wout_netcdf,0.004318440245010742,0.0,4.9999999999999964,0.9906467076284562,0.7895683520871488,1.6685264737297413e-28,0.0,8.628166150854817e-25
VMEX/data/minimal_seed_nfp4,chease,failed,Unsupported: CHEASE requires a 2-D GEQDSK input,3,grad_shafranov,vmec_indata_via_geqdsk,geqdsk,,,,,,,,
VMEX/data/minimal_seed_nfp4,desc,success,,3,vmec_family,vmec_indata,wout_netcdf,0.004318439910606669,0.0,5.000000000000006,0.9925349581397136,0.7895683520871483,2.1934639974729236e-21,0.0,3.478480514980111e-21
VMEX/data/minimal_seed_nfp4,educational_vmec,success,,3,vmec_family,vmec_indata,wout_netcdf,0.004318440245010732,0.0,5.000000000000071,0.9906467076357282,0.789568352087151,-4.4082182869361875e-27,0.0,9.629649721936179e-27
VMEX/data/minimal_seed_nfp4,freegs,failed,Unsupported: FreeGS is restricted to 2-D Grad-Shafranov cases,3,grad_shafranov,vmec_indata_or_case,geqdsk,,,,,,,,
VMEX/data/minimal_seed_nfp4,gvec,success,,3,vmec_family,vmec_indata,gvec_state,,,5.0,0.999942776237865,0.789568352087148,7.06009722945751e-18,0.0,
VMEX/data/minimal_seed_nfp4,jvmec,success,,3,vmec_family,vmec_indata,wout_netcdf,0.0043184402450107354,0.0,5.000000000000008,0.9906467076492893,0.7895683520871509,-2.8468493263299204e-27,0.0,1.8633372211946507e-25
VMEX/data/minimal_seed_nfp4,parvmec,success,,3,vmec_family,vmec_indata,wout_netcdf,0.004318440245010749,0.0,5.000000000000071,0.9906467076230813,0.789568352087151,-1.052469914700311e-27,0.0,-2.7733391199176196e-25
VMEX/data/minimal_seed_nfp4,spec,failed,Unsupported: SPEC requires a native .sp input,3,spec_mhd,spec_namelist,spec_hdf5,,,,,,,,
VMEX/data/minimal_seed_nfp4,spectre,failed,Run failed,3,spectre_mhd,vmec_indata_or_spectre_toml,spectre_json,,,,,,,,
VMEX/data/minimal_seed_nfp4,vmec2000,success,,3,vmec_family,vmec_indata,wout_netcdf,0.004318440245010739,0.0,5.000000000000071,0.9906467076388459,0.789568352087151,-1.5754636867996862e-27,0.0,-1.9644485432749806e-25
VMEX/data/minimal_seed_nfp4,vmecpp,success,,3,vmec_family,vmec_indata,wout_netcdf,0.004318440245010735,0.0,4.999999999999993,0.9906467076369834,0.7895683520871487,1.726976640230398e-27,0.0,-2.268745474488164e-24
VMEX/data/minimal_seed_nfp4,vmex,success,,3,vmec_family,vmec_indata,wout_netcdf,0.0043184402450107415,0.0,4.9999999999999964,0.9906467076335799,0.7895683520871488,6.4252102372508075e-27,0.0,-7.395570986446986e-25
VMEX/data/ncsx_c09r00_free_lowres,chease,failed,Unsupported: CHEASE requires a 2-D GEQDSK input,3,grad_shafranov,vmec_indata_via_geqdsk,geqdsk,,,,,,,,
VMEX/data/ncsx_c09r00_free_lowres,desc,success,,3,vmec_family,vmec_indata,wout_netcdf,0.09297571286419362,0.041037120400327615,4.469486194337388,1.5166914714133417,2.9627600385802766,0.2766095102198838,68551.76489999998,178606.17228999268
VMEX/data/ncsx_c09r00_free_lowres,educational_vmec,failed,Unsupported: required MGRID fixture unavailable: mgrid_ncsx_c09r00_small.nc,3,vmec_family,vmec_indata,wout_netcdf,,,,,,,,
VMEX/data/ncsx_c09r00_free_lowres,freegs,failed,Unsupported: FreeGS is restricted to 2-D Grad-Shafranov cases,3,grad_shafranov,vmec_indata_or_case,geqdsk,,,,,,,,
VMEX/data/ncsx_c09r00_free_lowres,gvec,failed,Unsupported: required MGRID fixture unavailable: mgrid_ncsx_c09r00_small.nc,3,vmec_family,vmec_indata,gvec_state,,,,,,,,
VMEX/data/ncsx_c09r00_free_lowres,jvmec,failed,Unsupported: required MGRID fixture unavailable: mgrid_ncsx_c09r00_small.nc,3,vmec_family,vmec_indata,wout_netcdf,,,,,,,,
VMEX/data/ncsx_c09r00_free_lowres,parvmec,failed,Unsupported: required MGRID fixture unavailable: mgrid_ncsx_c09r00_small.nc,3,vmec_family,vmec_indata,wout_netcdf,,,,,,,,
VMEX/data/ncsx_c09r00_free_lowres,spec,failed,Unsupported: SPEC requires a native .sp input,3,spec_mhd,spec_namelist,spec_hdf5,,,,,,,,
VMEX/data/ncsx_c09r00_free_lowres,spectre,failed,Unsupported: required MGRID fixture unavailable: mgrid_ncsx_c09r00_small.nc,3,spectre_mhd,vmec_indata_or_spectre_toml,spectre_json,,,,,,,,
VMEX/data/ncsx_c09r00_free_lowres,vmec2000,failed,Unsupported: required MGRID fixture unavailable: mgrid_ncsx_c09r00_small.nc,3,vmec_family,vmec_indata,wout_netcdf,,,,,,,,
VMEX/data/ncsx_c09r00_free_lowres,vmecpp,failed,Unsupported: required MGRID fixture unavailable: mgrid_ncsx_c09r00_small.nc,3,vmec_family,vmec_indata,wout_netcdf,,,,,,,,
VMEX/data/ncsx_c09r00_free_lowres,vmex,failed,Unsupported: required MGRID fixture unavailable: mgrid_ncsx_c09r00_small.nc,3,vmec_family,vmec_indata,wout_netcdf,,,,,,,,
VMEX/data/near_degenerate_vacuum_nfp3,chease,failed,Unsupported: CHEASE requires a 2-D GEQDSK input,3,grad_shafranov,vmec_indata_via_geqdsk,geqdsk,,,,,,,,
VMEX/data/near_degenerate_vacuum_nfp3,desc,success,,3,vmec_family,vmec_indata,wout_netcdf,0.00024234883757585232,0.0,3.0268037271658157,0.9370101600353882,2.1545730458911923,-1.1220678711849199e-08,0.0,-1.3409747001749207e-16
VMEX/data/near_degenerate_vacuum_nfp3,educational_vmec,success,,3,vmec_family,vmec_indata,wout_netcdf,0.00024234561576806142,0.0,3.0268037269843306,0.9866171809624852,2.154573046149519,-1.1636911032465936e-08,0.0,3.019209235818551e-16
VMEX/data/near_degenerate_vacuum_nfp3,freegs,failed,Unsupported: FreeGS is restricted to 2-D Grad-Shafranov cases,3,grad_shafranov,vmec_indata_or_case,geqdsk,,,,,,,,
VMEX/data/near_degenerate_vacuum_nfp3,gvec,success,,3,vmec_family,vmec_indata,gvec_state,,,3.0268037269843244,0.999144834169338,2.15457304614952,1.15372811408428e-08,0.0,
VMEX/data/near_degenerate_vacuum_nfp3,jvmec,success,,3,vmec_family,vmec_indata,wout_netcdf,0.00024234595074251243,0.0,3.0268037220610675,0.9824783809989105,2.1545730542904944,-1.1629507935366907e-08,0.0,-2.6759292816090445e-15
VMEX/data/near_degenerate_vacuum_nfp3,parvmec,success,,3,vmec_family,vmec_indata,wout_netcdf,0.00024234565574829582,0.0,3.0268037269843306,0.9848767179735654,2.154573046149519,-1.1631776768918172e-08,0.0,5.459392042849983e-16
VMEX/data/near_degenerate_vacuum_nfp3,spec,failed,Unsupported: SPEC requires a native .sp input,3,spec_mhd,spec_namelist,spec_hdf5,,,,,,,,
VMEX/data/near_degenerate_vacuum_nfp3,spectre,failed,Run failed,3,spectre_mhd,vmec_indata_or_spectre_toml,spectre_json,,,,,,,,
VMEX/data/near_degenerate_vacuum_nfp3,vmec2000,success,,3,vmec_family,vmec_indata,wout_netcdf,0.00024234565574829896,0.0,3.0268037269843306,0.9848767179593568,2.154573046149519,-1.1631776764053716e-08,0.0,-5.872982349126496e-16
VMEX/data/near_degenerate_vacuum_nfp3,vmecpp,success,,3,vmec_family,vmec_indata,wout_netcdf,0.00024234562186649475,0.0,3.026803726984331,0.9865795105709662,2.1545730461495167,-1.163698698311713e-08,0.0,1.9397385364368495e-15
VMEX/data/near_degenerate_vacuum_nfp3,vmex,success,,3,vmec_family,vmec_indata,wout_netcdf,0.00024234565574829603,0.0,3.0268037269843298,0.9848767179675901,2.1545730461495167,-1.1631776767442816e-08,0.0,-4.1359030627651384e-17
VMEX/data/nfp1_QI,chease,failed,Unsupported: CHEASE requires a 2-D GEQDSK input,3,grad_shafranov,vmec_indata_via_geqdsk,geqdsk,,,,,,,,
VMEX/data/nfp1_QI,desc,success,,3,vmec_family,vmec_indata,wout_netcdf,0.003160901529739994,0.0,7.001286044881157,0.9945643653744649,0.3654258293853908,0.45250956805603193,0.0,-4.174400602656521e-12
VMEX/data/nfp1_QI,educational_vmec,success,,3,vmec_family,vmec_indata,wout_netcdf,0.0031603247876655976,0.0,7.001286050721071,1.0008785428917002,0.36542582841253624,0.4862440911836212,0.0,-1.7279472123987727e-12
VMEX/data/nfp1_QI,freegs,failed,Unsupported: FreeGS is restricted to 2-D Grad-Shafranov cases,3,grad_shafranov,vmec_indata_or_case,geqdsk,,,,,,,,
VMEX/data/nfp1_QI,gvec,success,,3,vmec_family,vmec_indata,gvec_state,,,7.001286050721104,1.00089839716487,0.365425828412536,-0.486030654224248,0.0,
VMEX/data/nfp1_QI,jvmec,success,,3,vmec_family,vmec_indata,wout_netcdf,0.0031603247876215742,0.0,7.681181382765382,1.0008785477564448,0.33262915357168893,0.486244062861552,0.0,3.8226596909586574e-11
VMEX/data/nfp1_QI,parvmec,success,,3,vmec_family,vmec_indata,wout_netcdf,0.0031603247876215526,0.0,7.001286050721071,1.000878547762063,0.36542582841253624,0.48624406283355703,0.0,-4.1191212224976625e-11
VMEX/data/nfp1_QI,spec,failed,Unsupported: SPEC requires a native .sp input,3,spec_mhd,spec_namelist,spec_hdf5,,,,,,,,
VMEX/data/nfp1_QI,spectre,failed,Run failed,3,spectre_mhd,vmec_indata_or_spectre_toml,spectre_json,,,,,,,,
VMEX/data/nfp1_QI,vmec2000,success,,3,vmec_family,vmec_indata,wout_netcdf,0.0031603247876215747,0.0,7.001286050721071,1.0008785477549513,0.36542582841253624,0.48624406286930033,0.0,2.796055758886445e-11
VMEX/data/nfp1_QI,vmecpp,success,,3,vmec_family,vmec_indata,wout_netcdf,0.003160324787665554,0.0,7.001286050721094,1.0008785429037999,0.36542582841253574,0.4862440911237328,0.0,3.217878166619087e-11
VMEX/data/nfp1_QI,vmex,success,,3,vmec_family,vmec_indata,wout_netcdf,0.00316032478762158,0.0,7.0012860507211,1.0008785477547109,0.365425828412536,0.48624406287005817,0.0,-2.0057740190981832e-11
VMEX/data/nfp2_QA,chease,failed,Unsupported: CHEASE requires a 2-D GEQDSK input,3,grad_shafranov,vmec_indata_via_geqdsk,geqdsk,,,,,,,,
VMEX/data/nfp2_QA,desc,success,,3,vmec_family,vmec_indata,wout_netcdf,0.0043184399745824255,0.0,4.999999992499998,0.9882244665429261,0.7895683568245577,-1.9394260852215464e-10,0.0,-1.3409747001749207e-16
VMEX/data/nfp2_QA,educational_vmec,success,,3,vmec_family,vmec_indata,wout_netcdf,0.004318440308982746,0.0,4.999999992500022,0.9906467134676574,0.7895683568245584,-1.9431454676331653e-10,0.0,4.094544032137487e-16
VMEX/data/nfp2_QA,freegs,failed,Unsupported: FreeGS is restricted to 2-D Grad-Shafranov cases,3,grad_shafranov,vmec_indata_or_case,geqdsk,,,,,,,,
VMEX/data/nfp2_QA,gvec,success,,3,vmec_family,vmec_indata,gvec_state,,,4.9999999925,0.999942780108891,0.789568356824559,1.84523036230399e-10,0.0,
VMEX/data/nfp2_QA,jvmec,success,,3,vmec_family,vmec_indata,wout_netcdf,0.0043184403089827446,0.0,4.999999996249995,0.9906467134734792,0.7895683544558533,-1.9431455453273203e-10,0.0,-6.038418471637102e-16
VMEX/data/nfp2_QA,parvmec,success,,3,vmec_family,vmec_indata,wout_netcdf,0.004318440308982753,0.0,4.999999992500022,0.9906467134666906,0.7895683568245584,-1.9431456026640295e-10,0.0,-5.914341379754148e-16
VMEX/data/nfp2_QA,spec,failed,Unsupported: SPEC requires a native .sp input,3,spec_mhd,spec_namelist,spec_hdf5,,,,,,,,
VMEX/data/nfp2_QA,spectre,failed,Run failed,3,spectre_mhd,vmec_indata_or_spectre_toml,spectre_json,,,,,,,,
VMEX/data/nfp2_QA,vmec2000,success,,3,vmec_family,vmec_indata,wout_netcdf,0.0043184403089827446,0.0,4.999999992500022,0.9906467134714536,0.7895683568245584,-1.9431455307467565e-10,0.0,-2.812414082680294e-16
VMEX/data/nfp2_QA,vmecpp,success,,3,vmec_family,vmec_indata,wout_netcdf,0.0043184403089827385,0.0,4.999999992499999,0.990646713471244,0.7895683568245596,-1.9431455216417626e-10,0.0,1.4475660719677982e-15
VMEX/data/nfp2_QA,vmex,success,,3,vmec_family,vmec_indata,wout_netcdf,0.004318440308982748,0.0,4.999999992499996,0.9906467134612045,0.7895683568245588,-1.9431455545351394e-10,0.0,1.3234889800848443e-16
VMEX/data/nfp2_QA_finite_beta,chease,failed,Unsupported: CHEASE requires a 2-D GEQDSK input,3,grad_shafranov,vmec_indata_via_geqdsk,geqdsk,,,,,,,,
VMEX/data/nfp2_QA_finite_beta,desc,success,,3,vmec_family,vmec_indata,wout_netcdf,465.5615415494867,0.02700288316913442,5.001606223090529,11.931467079901285,1069.5583231405717,-0.26152626632335935,720979.485,6133679.387707631
VMEX/data/nfp2_QA_finite_beta,educational_vmec,failed,Run failed,3,vmec_family,vmec_indata,wout_netcdf,,,,,,,,
VMEX/data/nfp2_QA_finite_beta,freegs,failed,Unsupported: FreeGS is restricted to 2-D Grad-Shafranov cases,3,grad_shafranov,vmec_indata_or_case,geqdsk,,,,,,,,
VMEX/data/nfp2_QA_finite_beta,gvec,failed,Unsupported: VMEC current profile of type cubic_spline_ip is not supported for conversion,3,vmec_family,vmec_indata,gvec_state,,,,,,,,
VMEX/data/nfp2_QA_finite_beta,jvmec,failed,Run failed,3,vmec_family,vmec_indata,wout_netcdf,,,,,,,,
VMEX/data/nfp2_QA_finite_beta,parvmec,success,,3,vmec_family,vmec_indata,wout_netcdf,465.70526976723113,0.02699366844905059,5.001606209166848,12.105532736729012,1069.5583204374836,0.3097814698091491,720979.5009779432,-6140246.079307112
VMEX/data/nfp2_QA_finite_beta,spec,failed,Unsupported: SPEC requires a native .sp input,3,spec_mhd,spec_namelist,spec_hdf5,,,,,,,,
VMEX/data/nfp2_QA_finite_beta,spectre,failed,Run failed,3,spectre_mhd,vmec_indata_or_spectre_toml,spectre_json,,,,,,,,
VMEX/data/nfp2_QA_finite_beta,vmec2000,success,,3,vmec_family,vmec_indata,wout_netcdf,465.70526976722886,0.026993668449049938,5.001606209166848,12.105532736727843,1069.5583204374836,0.30978146980916765,720979.5009779432,-6140246.079307091
VMEX/data/nfp2_QA_finite_beta,vmecpp,success,,3,vmec_family,vmec_indata,wout_netcdf,465.70526976491203,0.026993668454494576,5.00160620916685,12.105532756081173,1069.5583204374836,0.30978147088206853,720979.5009779432,-6140246.07930711
VMEX/data/nfp2_QA_finite_beta,vmex,success,,3,vmec_family,vmec_indata,wout_netcdf,465.705269767229,0.026993668449050857,5.001606209166846,12.105532736731298,1069.5583204374832,0.30978146980913873,720979.5009779432,-6140246.0793071035
VMEX/data/nfp2_QA_highres,chease,failed,Unsupported: CHEASE requires a 2-D GEQDSK input,3,grad_shafranov,vmec_indata_via_geqdsk,geqdsk,,,,,,,,
VMEX/data/nfp2_QA_highres,desc,success,,3,vmec_family,vmec_indata,wout_netcdf,0.006755508969800836,0.0,6.002437763405106,0.9929188675401497,0.5471141343994631,0.4001564701757395,0.0,1.581878123111945e-11
VMEX/data/nfp2_QA_highres,educational_vmec,success,,3,vmec_family,vmec_indata,wout_netcdf,0.006755456059366805,0.0,6.002437766594497,0.998096066015631,0.5471141341636567,0.41426220717533896,0.0,-2.8731357570865868e-11
VMEX/data/nfp2_QA_highres,freegs,failed,Unsupported: FreeGS is restricted to 2-D Grad-Shafranov cases,3,grad_shafranov,vmec_indata_or_case,geqdsk,,,,,,,,
VMEX/data/nfp2_QA_highres,gvec,success,,3,vmec_family,vmec_indata,gvec_state,,,6.002437766594488,0.998070098698796,0.547114134163655,-0.414273127326206,0.0,
VMEX/data/nfp2_QA_highres,jvmec,success,,3,vmec_family,vmec_indata,wout_netcdf,0.006755456059366787,0.0,5.958068374840404,0.9980960657664535,0.5332970372923999,0.41426220710473827,0.0,4.187730891225261e-11
VMEX/data/nfp2_QA_highres,parvmec,success,,3,vmec_family,vmec_indata,wout_netcdf,0.006755456057055383,0.0,6.002437766594499,0.9980997971008793,0.5471141341636567,0.41426435430166497,0.0,-4.0657581468206416e-11
VMEX/data/nfp2_QA_highres,spec,failed,Unsupported: SPEC requires a native .sp input,3,spec_mhd,spec_namelist,spec_hdf5,,,,,,,,
VMEX/data/nfp2_QA_highres,spectre,failed,Run failed,3,spectre_mhd,vmec_indata_or_spectre_toml,spectre_json,,,,,,,,
VMEX/data/nfp2_QA_highres,vmec2000,success,,3,vmec_family,vmec_indata,wout_netcdf,0.006755456057055399,0.0,6.002437766594497,0.9980997971086809,0.5471141341636567,0.4142643543020338,0.0,-8.131516293641283e-13
VMEX/data/nfp2_QA_highres,vmecpp,success,,3,vmec_family,vmec_indata,wout_netcdf,0.0067554560570609575,0.0,6.002437766594492,0.9980981420325191,0.5471141341636572,0.4142640516267959,0.0,1.1357017756785658e-10
VMEX/data/nfp2_QA_highres,vmex,success,,3,vmec_family,vmec_indata,wout_netcdf,0.006755456057055375,0.0,6.002437766594486,0.9980997971100056,0.5471141341636572,0.41426435430183506,0.0,7.318364664277155e-12
VMEX/data/nfp2_QA_omnigenity,chease,failed,Unsupported: CHEASE requires a 2-D GEQDSK input,3,grad_shafranov,vmec_indata_via_geqdsk,geqdsk,,,,,,,,
VMEX/data/nfp2_QA_omnigenity,desc,success,,3,vmec_family,vmec_indata,wout_netcdf,0.013674962243861492,0.0,8.828952843309182,0.9922892518405919,0.25374730950844665,0.0012342997537486758,0.0,3.089605709203018e-13
VMEX/data/nfp2_QA_omnigenity,educational_vmec,success,,3,vmec_family,vmec_indata,wout_netcdf,0.013674962465188858,0.0,8.828952834609934,0.9966761495669364,0.2537473100073753,0.0012425715561993908,0.0,-1.1943164556285633e-12
VMEX/data/nfp2_QA_omnigenity,freegs,failed,Unsupported: FreeGS is restricted to 2-D Grad-Shafranov cases,3,grad_shafranov,vmec_indata_or_case,geqdsk,,,,,,,,
VMEX/data/nfp2_QA_omnigenity,gvec,success,,3,vmec_family,vmec_indata,gvec_state,,,8.828952834610014,0.999995793258204,0.253747310007374,-0.00124469201525235,0.0,
VMEX/data/nfp2_QA_omnigenity,jvmec,success,,3,vmec_family,vmec_indata,wout_netcdf,0.013674962465192153,0.0,8.849477981145455,0.996676150399076,0.25201095463909856,0.0012425715526567884,0.0,1.8592373192231892e-12
VMEX/data/nfp2_QA_omnigenity,parvmec,success,,3,vmec_family,vmec_indata,wout_netcdf,0.013674962465192099,0.0,8.828952834609934,0.996676150399076,0.2537473100073753,0.0012425715526561299,0.0,-1.3976043629695956e-13
VMEX/data/nfp2_QA_omnigenity,spec,failed,Unsupported: SPEC requires a native .sp input,3,spec_mhd,spec_namelist,spec_hdf5,,,,,,,,
VMEX/data/nfp2_QA_omnigenity,spectre,failed,Run failed,3,spectre_mhd,vmec_indata_or_spectre_toml,spectre_json,,,,,,,,
VMEX/data/nfp2_QA_omnigenity,vmec2000,success,,3,vmec_family,vmec_indata,wout_netcdf,0.013674962465192158,0.0,8.828952834609934,0.9966761503990753,0.2537473100073753,0.0012425715526571863,0.0,-1.1011428314305904e-13
VMEX/data/nfp2_QA_omnigenity,vmecpp,success,,3,vmec_family,vmec_indata,wout_netcdf,0.01367496246518887,0.0,8.828952834610003,0.9966761495669361,0.2537473100073759,0.0012425715561983782,0.0,2.837560373301906e-13
VMEX/data/nfp2_QA_omnigenity,vmex,success,,3,vmec_family,vmec_indata,wout_netcdf,0.013674962465192123,0.0,8.828952834609998,0.9966761503990752,0.25374731000737577,0.001242571552657421,0.0,7.453889935837842e-13
VMEX/data/nfp2_QI,chease,failed,Unsupported: CHEASE requires a 2-D GEQDSK input,3,grad_shafranov,vmec_indata_via_geqdsk,geqdsk,,,,,,,,
VMEX/data/nfp2_QI,desc,success,,3,vmec_family,vmec_indata,wout_netcdf,0.002276323897806989,0.0,8.00194136983807,1.000347224536816,0.2904457594226507,-0.4345201863877302,0.0,-5.712337666793134e-12
VMEX/data/nfp2_QI,educational_vmec,success,,3,vmec_family,vmec_indata,wout_netcdf,0.002276209896397113,0.0,8.001941358966242,0.9846074605554046,0.29044576022878776,-0.4417329412571043,0.0,-1.8566962203814263e-11
VMEX/data/nfp2_QI,freegs,failed,Unsupported: FreeGS is restricted to 2-D Grad-Shafranov cases,3,grad_shafranov,vmec_indata_or_case,geqdsk,,,,,,,,
VMEX/data/nfp2_QI,gvec,success,,3,vmec_family,vmec_indata,gvec_state,,,8.001941358966272,0.984512728445731,0.290445760228788,0.441768103894662,0.0,
VMEX/data/nfp2_QI,jvmec,success,,3,vmec_family,vmec_indata,wout_netcdf,0.002276209896385468,0.0,7.007418745155848,0.9846074617477033,0.39062892676713257,-0.4417329370516879,0.0,-1.4230153513872246e-11
VMEX/data/nfp2_QI,parvmec,success,,3,vmec_family,vmec_indata,wout_netcdf,0.002276209909350418,0.0,8.001941358966242,0.984607127812114,0.29044576022878776,-0.44174037959608986,0.0,-2.5749801596530726e-12
VMEX/data/nfp2_QI,spec,failed,Unsupported: SPEC requires a native .sp input,3,spec_mhd,spec_namelist,spec_hdf5,,,,,,,,
VMEX/data/nfp2_QI,spectre,failed,Run failed,3,spectre_mhd,vmec_indata_or_spectre_toml,spectre_json,,,,,,,,
VMEX/data/nfp2_QI,vmec2000,success,,3,vmec_family,vmec_indata,wout_netcdf,0.0022762099093504035,0.0,8.001941358966242,0.9846071278671288,0.29044576022878776,-0.4417403794000917,0.0,9.893344823930228e-12
VMEX/data/nfp2_QI,vmecpp,success,,3,vmec_family,vmec_indata,wout_netcdf,0.0022762098963971,0.0,8.001941358966251,0.9846074605635597,0.2904457602287873,-0.4417329411418138,0.0,9.0801931945661e-12
VMEX/data/nfp2_QI,vmex,success,,3,vmec_family,vmec_indata,wout_netcdf,0.0022762099093503884,0.0,8.00194135896626,0.9846071279554103,0.29044576022878754,-0.44174037905771457,0.0,1.4009924947586128e-11
VMEX/data/nfp3_QI_fixed_resolution_final,chease,failed,Unsupported: CHEASE requires a 2-D GEQDSK input,3,grad_shafranov,vmec_indata_via_geqdsk,geqdsk,,,,,,,,
VMEX/data/nfp3_QI_fixed_resolution_final,desc,success,,3,vmec_family,vmec_indata,wout_netcdf,0.000783908626918389,0.0,3.5283135661918044,1.062742756478617,1.384403105538725,-1.0354601773899523,0.0,2.460699302618581e-11
VMEX/data/nfp3_QI_fixed_resolution_final,educational_vmec,success,,3,vmec_family,vmec_indata,wout_netcdf,0.0007836008202575737,0.0,3.528313566617267,1.033260990215017,1.3844031050386176,-1.0127676319122947,0.0,2.0111950299606107e-10
VMEX/data/nfp3_QI_fixed_resolution_final,freegs,failed,Unsupported: FreeGS is restricted to 2-D Grad-Shafranov cases,3,grad_shafranov,vmec_indata_or_case,geqdsk,,,,,,,,
VMEX/data/nfp3_QI_fixed_resolution_final,gvec,failed,Run failed,3,vmec_family,vmec_indata,gvec_state,,,,,,,,
VMEX/data/nfp3_QI_fixed_resolution_final,jvmec,success,,3,vmec_family,vmec_indata,wout_netcdf,0.0007836008206720195,0.0,3.1539290923263903,1.0332609086278344,2.259942933446301,-1.0127675512179353,0.0,-3.279711571768651e-11
VMEX/data/nfp3_QI_fixed_resolution_final,parvmec,success,,3,vmec_family,vmec_indata,wout_netcdf,0.0007835998891755289,0.0,3.528313566617267,1.0333355145788505,1.3844031050386176,-1.0130291218176835,0.0,-2.8324781756183803e-11
VMEX/data/nfp3_QI_fixed_resolution_final,spec,failed,Unsupported: SPEC requires a native .sp input,3,spec_mhd,spec_namelist,spec_hdf5,,,,,,,,
VMEX/data/nfp3_QI_fixed_resolution_final,spectre,failed,Run failed,3,spectre_mhd,vmec_indata_or_spectre_toml,spectre_json,,,,,,,,
VMEX/data/nfp3_QI_fixed_resolution_final,vmec2000,success,,3,vmec_family,vmec_indata,wout_netcdf,0.000783599889175522,0.0,3.528313566617267,1.0333355145808627,1.3844031050386176,-1.013029121816097,0.0,-1.4243706041028315e-10
VMEX/data/nfp3_QI_fixed_resolution_final,vmecpp,success,,3,vmec_family,vmec_indata,wout_netcdf,0.0007835998764223405,0.0,3.528313566617265,1.0333519323137645,1.384403105038618,-1.0130891116019765,0.0,-2.6847556296172304e-10
VMEX/data/nfp3_QI_fixed_resolution_final,vmex,success,,3,vmec_family,vmec_indata,wout_netcdf,0.000783599889175529,0.0,3.528313566617268,1.0333355145790264,1.3844031050386179,-1.0130291218169936,0.0,8.538092108323347e-11
VMEX/data/nfp4_QH_finite_beta,chease,failed,Unsupported: CHEASE requires a 2-D GEQDSK input,3,grad_shafranov,vmec_indata_via_geqdsk,geqdsk,,,,,,,,
VMEX/data/nfp4_QH_finite_beta,desc,success,,3,vmec_family,vmec_indata,wout_netcdf,581.5718680122657,0.025160636298277406,4.701061053123987,11.979590958228561,1321.3678031720665,-1.2542106632865855,720979.4850000001,1412826.2827999985
VMEX/data/nfp4_QH_finite_beta,educational_vmec,failed,Run failed,3,vmec_family,vmec_indata,wout_netcdf,,,,,,,,
VMEX/data/nfp4_QH_finite_beta,freegs,failed,Unsupported: FreeGS is restricted to 2-D Grad-Shafranov cases,3,grad_shafranov,vmec_indata_or_case,geqdsk,,,,,,,,
VMEX/data/nfp4_QH_finite_beta,gvec,failed,Unsupported: VMEC current profile of type cubic_spline_ip is not supported for conversion,3,vmec_family,vmec_indata,gvec_state,,,,,,,,
VMEX/data/nfp4_QH_finite_beta,jvmec,failed,Run failed,3,vmec_family,vmec_indata,wout_netcdf,,,,,,,,
VMEX/data/nfp4_QH_finite_beta,parvmec,success,,3,vmec_family,vmec_indata,wout_netcdf,581.1743833304589,0.025299503427307062,4.701061064007832,11.764495328400683,1321.367804005008,-1.107690241883089,720979.4936087296,-1415408.6378306663
VMEX/data/nfp4_QH_finite_beta,spec,failed,Unsupported: SPEC requires a native .sp input,3,spec_mhd,spec_namelist,spec_hdf5,,,,,,,,
VMEX/data/nfp4_QH_finite_beta,spectre,failed,Run failed,3,spectre_mhd,vmec_indata_or_spectre_toml,spectre_json,,,,,,,,
VMEX/data/nfp4_QH_finite_beta,vmec2000,success,,3,vmec_family,vmec_indata,wout_netcdf,581.1743833304589,0.025299503427306812,4.701061064007832,11.76449532840104,1321.367804005008,-1.10769024190373,720979.4936087296,-1415408.6378306246
VMEX/data/nfp4_QH_finite_beta,vmecpp,success,,3,vmec_family,vmec_indata,wout_netcdf,581.1743133679171,0.0252995008912706,4.701061064007835,11.764439932785796,1321.3678040050067,-1.1076840259486995,720979.4936087296,-1415408.6378306285
VMEX/data/nfp4_QH_finite_beta,vmex,success,,3,vmec_family,vmec_indata,wout_netcdf,581.1743833304572,0.025299503427305865,4.701061064007834,11.76449532840069,1321.3678040050072,-1.1076902420680856,720979.4936087296,-1415408.6378306434
VMEX/data/nfp4_QH_warm_start,chease,failed,Unsupported: CHEASE requires a 2-D GEQDSK input,3,grad_shafranov,vmec_indata_via_geqdsk,geqdsk,,,,,,,,
VMEX/data/nfp4_QH_warm_start,desc,success,,3,vmec_family,vmec_indata,wout_netcdf,0.003807059576764405,0.0,7.000345969214922,1.0,0.3988921145081445,-1.1184750041513023,0.0,-7.030569436053089e-12
VMEX/data/nfp4_QH_warm_start,educational_vmec,success,,3,vmec_family,vmec_indata,wout_netcdf,0.0037851930088977316,0.0,7.000345969477078,1.0025662573556604,0.3988921143574702,-1.1159274691908245,0.0,1.0028870095490916e-11
VMEX/data/nfp4_QH_warm_start,freegs,failed,Unsupported: FreeGS is restricted to 2-D Grad-Shafranov cases,3,grad_shafranov,vmec_indata_or_case,geqdsk,,,,,,,,
VMEX/data/nfp4_QH_warm_start,gvec,success,,3,vmec_family,vmec_indata,gvec_state,,,7.0003459694770624,1.00543763740586,0.398892114357469,1.15070439849522,0.0,
VMEX/data/nfp4_QH_warm_start,jvmec,success,,3,vmec_family,vmec_indata,wout_netcdf,0.0037851930088981965,0.0,5.901164351606021,1.0025662550450756,0.5459861956450147,-1.115927468811845,0.0,-1.2983321015513916e-10
VMEX/data/nfp4_QH_warm_start,parvmec,success,,3,vmec_family,vmec_indata,wout_netcdf,0.0037851930088982043,0.0,7.000345969477078,1.002566255043826,0.3988921143574702,-1.1159274688121177,0.0,5.963111948670274e-11
VMEX/data/nfp4_QH_warm_start,spec,failed,Unsupported: SPEC requires a native .sp input,3,spec_mhd,spec_namelist,spec_hdf5,,,,,,,,
VMEX/data/nfp4_QH_warm_start,spectre,failed,Run failed,3,spectre_mhd,vmec_indata_or_spectre_toml,spectre_json,,,,,,,,
VMEX/data/nfp4_QH_warm_start,vmec2000,success,,3,vmec_family,vmec_indata,wout_netcdf,0.0037851930088982086,0.0,7.000345969477078,1.002566255044149,0.3988921143574702,-1.1159274688128331,0.0,-1.168227840853131e-10
VMEX/data/nfp4_QH_warm_start,vmecpp,success,,3,vmec_family,vmec_indata,wout_netcdf,0.0037851930088977376,0.0,7.00034596947707,1.0025662573550997,0.3988921143574703,-1.1159274691911611,0.0,3.225501463144376e-11
VMEX/data/nfp4_QH_warm_start,vmex,success,,3,vmec_family,vmec_indata,wout_netcdf,0.0037851930088982043,0.0,7.000345969477064,1.002566255045261,0.3988921143574703,-1.1159274688120928,0.0,-2.168404344971009e-11
VMEX/data/nfp4_QI_finite_beta,chease,failed,Unsupported: CHEASE requires a 2-D GEQDSK input,3,grad_shafranov,vmec_indata_via_geqdsk,geqdsk,,,,,,,,
VMEX/data/nfp4_QI_finite_beta,desc,success,,3,vmec_family,vmec_indata,wout_netcdf,315.03105101026125,0.025478734242484577,6.011359625445863,11.871664117423466,721.6073553446647,-1.2770992154556473,720979.485,2.3060267750254134e-09
VMEX/data/nfp4_QI_finite_beta,educational_vmec,failed,Run failed,3,vmec_family,vmec_indata,wout_netcdf,,,,,,,,
VMEX/data/nfp4_QI_finite_beta,freegs,failed,Unsupported: FreeGS is restricted to 2-D Grad-Shafranov cases,3,grad_shafranov,vmec_indata_or_case,geqdsk,,,,,,,,
VMEX/data/nfp4_QI_finite_beta,gvec,failed,Unsupported: VMEC current profile of type cubic_spline_ip is not supported for conversion,3,vmec_family,vmec_indata,gvec_state,,,,,,,,
VMEX/data/nfp4_QI_finite_beta,jvmec,failed,Run failed,3,vmec_family,vmec_indata,wout_netcdf,,,,,,,,
VMEX/data/nfp4_QI_finite_beta,parvmec,success,,3,vmec_family,vmec_indata,wout_netcdf,314.2891856122076,0.02531686758308505,6.0113596245007335,11.321063462535042,721.6073553707652,-1.2573570089687123,720979.4936087296,-1.1102230246251565e-09
VMEX/data/nfp4_QI_finite_beta,spec,failed,Unsupported: SPEC requires a native .sp input,3,spec_mhd,spec_namelist,spec_hdf5,,,,,,,,
VMEX/data/nfp4_QI_finite_beta,spectre,failed,Run failed,3,spectre_mhd,vmec_indata_or_spectre_toml,spectre_json,,,,,,,,
VMEX/data/nfp4_QI_finite_beta,vmec2000,success,,3,vmec_family,vmec_indata,wout_netcdf,314.2891856122103,0.02531686758308477,6.0113596245007335,11.321063462495262,721.6073553707652,-1.2573570089680626,720979.4936087296,-1.304512053934559e-08
VMEX/data/nfp4_QI_finite_beta,vmecpp,failed,Run failed,3,vmec_family,vmec_indata,wout_netcdf,,,,,,,,
VMEX/data/nfp4_QI_finite_beta,vmex,success,,3,vmec_family,vmec_indata,wout_netcdf,314.2891856122091,0.025316867583085264,6.011359624500742,11.321063462488256,721.6073553707649,-1.2573570089647395,720979.4936087296,-5.6898930012039264e-09
VMEX/data/profile_splines,chease,failed,Unsupported: CHEASE requires a 2-D GEQDSK input,3,grad_shafranov,vmec_indata_via_geqdsk,geqdsk,,,,,,,,
VMEX/data/profile_splines,desc,success,,3,vmec_family,vmec_indata,wout_netcdf,129.91261840040295,0.0,2.642740733452253,6.325737519797522,633.7993467060785,-0.0,0.0,0.0
VMEX/data/profile_splines,educational_vmec,success,,3,vmec_family,vmec_indata,wout_netcdf,137.42608039723603,0.0009254834642619641,2.6427407334522464,6.23054209279768,633.7993467060767,0.7000523158482141,10033.3984375,-15205519.671136132
VMEX/data/profile_splines,freegs,failed,Unsupported: FreeGS is restricted to 2-D Grad-Shafranov cases,3,grad_shafranov,vmec_indata_or_case,geqdsk,,,,,,,,
VMEX/data/profile_splines,gvec,failed,Unsupported: VMEC pressure profile of type cubic_spline is not supported for conversion,3,vmec_family,vmec_indata,gvec_state,,,,,,,,
VMEX/data/profile_splines,jvmec,success,,3,vmec_family,vmec_indata,wout_netcdf,137.42505822644662,0.0,2.642740733452234,6.23051158000181,633.7993467060729,0.699970703125,0.0,-15203902.97635072
VMEX/data/profile_splines,parvmec,success,,3,vmec_family,vmec_indata,wout_netcdf,137.4260793503184,0.0009254829548632621,2.642740733452244,6.230527135379822,633.799346706074,0.7000523158482141,10033.3984375,-15205732.270085549
VMEX/data/profile_splines,spec,failed,Unsupported: SPEC requires a native .sp input,3,spec_mhd,spec_namelist,spec_hdf5,,,,,,,,
VMEX/data/profile_splines,spectre,failed,Run failed,3,spectre_mhd,vmec_indata_or_spectre_toml,spectre_json,,,,,,,,
VMEX/data/profile_splines,vmec2000,success,,3,vmec_family,vmec_indata,wout_netcdf,137.4260793503184,0.0009254829548632621,2.642740733452244,6.230527135379822,633.799346706074,0.7000523158482141,10033.3984375,-15205732.270085549
VMEX/data/profile_splines,vmecpp,failed,Run failed,3,vmec_family,vmec_indata,wout_netcdf,,,,,,,,
VMEX/data/profile_splines,vmex,success,,3,vmec_family,vmec_indata,wout_netcdf,137.42607935031825,0.0009254829548632574,2.6427407334522472,6.2305271353798215,633.7993467060758,0.7000523158482144,10033.3984375,-15205732.270085871
VMEX/data/purely_toroidal_field,chease,failed,Unsupported: CHEASE requires a 2-D GEQDSK input,3,grad_shafranov,vmec_indata_via_geqdsk,geqdsk,,,,,,,,
VMEX/data/purely_toroidal_field,desc,success,,3,vmec_family,vmec_indata,wout_netcdf,1.5160601125631918,0.0,2.9277749505152197,3.5570325037802046,99.45700630158467,1e-06,0.0,-2.8291651099001762
VMEX/data/purely_toroidal_field,educational_vmec,success,,3,vmec_family,vmec_indata,wout_netcdf,1.5160601709685861,0.0,2.9277749505152215,3.444226653511726,99.45700630158464,1.0000000000000002e-06,0.0,-2.9385876363475325
VMEX/data/purely_toroidal_field,freegs,failed,Unsupported: FreeGS is restricted to 2-D Grad-Shafranov cases,3,grad_shafranov,vmec_indata_or_case,geqdsk,,,,,,,,
VMEX/data/purely_toroidal_field,gvec,success,,3,vmec_family,vmec_indata,gvec_state,,,2.9277749505152175,3.50871145274805,99.4570063015846,-1e-06,0.0,
VMEX/data/purely_toroidal_field,jvmec,success,,3,vmec_family,vmec_indata,wout_netcdf,1.5160601709685773,0.0,2.927774950515231,3.4442266543513034,99.45700630158485,1.0000000000000002e-06,0.0,-2.9385876366823696
VMEX/data/purely_toroidal_field,parvmec,success,,3,vmec_family,vmec_indata,wout_netcdf,1.5160599788009708,0.0,2.9277749505152215,3.4760968862555837,99.45700630158464,1.0000000000000002e-06,0.0,-2.907830921363113
VMEX/data/purely_toroidal_field,spec,failed,Unsupported: SPEC requires a native .sp input,3,spec_mhd,spec_namelist,spec_hdf5,,,,,,,,
VMEX/data/purely_toroidal_field,spectre,success,,3,spectre_mhd,vmec_indata_or_spectre_toml,spectre_json,,,,,,,,
VMEX/data/purely_toroidal_field,vmec2000,success,,3,vmec_family,vmec_indata,wout_netcdf,1.5160599788009708,0.0,2.9277749505152215,3.4760968862555837,99.45700630158464,1.0000000000000002e-06,0.0,-2.907830921363113
VMEX/data/purely_toroidal_field,vmecpp,success,,3,vmec_family,vmec_indata,wout_netcdf,1.5160599755371322,0.0,2.9277749505152215,3.4761931165336932,99.45700630158464,1.0000000000000002e-06,0.0,-2.9080170773645007
VMEX/data/purely_toroidal_field,vmex,success,,3,vmec_family,vmec_indata,wout_netcdf,1.516059978801007,0.0,2.927774950515222,3.476096879969705,99.45700630158461,1.0000000000000002e-06,0.0,-2.907830927171889
VMEX/data/serial2500170_surface_points_mpol12_ntor12,chease,failed,Unsupported: CHEASE requires a 2-D GEQDSK input,3,grad_shafranov,vmec_indata_via_geqdsk,geqdsk,,,,,,,,
VMEX/data/serial2500170_surface_points_mpol12_ntor12,desc,failed,Run failed,3,vmec_family,vmec_indata,wout_netcdf,,,,,,,,
VMEX/data/serial2500170_surface_points_mpol12_ntor12,educational_vmec,success,,3,vmec_family,vmec_indata,wout_netcdf,0.03472057740621712,0.0,0.0,0.0,0.0,-2.724511177715283,0.0,2.47198095326695e-10
VMEX/data/serial2500170_surface_points_mpol12_ntor12,freegs,failed,Unsupported: FreeGS is restricted to 2-D Grad-Shafranov cases,3,grad_shafranov,vmec_indata_or_case,geqdsk,,,,,,,,
VMEX/data/serial2500170_surface_points_mpol12_ntor12,gvec,failed,Run failed,3,vmec_family,vmec_indata,gvec_state,,,,,,,,
VMEX/data/serial2500170_surface_points_mpol12_ntor12,jvmec,success,,3,vmec_family,vmec_indata,wout_netcdf,0.033525044800319787,0.0,7.991251908909823,0.9990359871985561,0.34358242602292816,-1.6917689893209298,0.0,6.223320470066795e-10
VMEX/data/serial2500170_surface_points_mpol12_ntor12,parvmec,success,,3,vmec_family,vmec_indata,wout_netcdf,0.033525038797422545,0.0,7.99969205239114,0.9990953435827336,0.3084517914569592,-1.6914744484238553,0.0,-9.97465998686664e-11
VMEX/data/serial2500170_surface_points_mpol12_ntor12,spec,failed,Unsupported: SPEC requires a native .sp input,3,spec_mhd,spec_namelist,spec_hdf5,,,,,,,,
VMEX/data/serial2500170_surface_points_mpol12_ntor12,spectre,failed,Run failed,3,spectre_mhd,vmec_indata_or_spectre_toml,spectre_json,,,,,,,,
VMEX/data/serial2500170_surface_points_mpol12_ntor12,vmec2000,success,,3,vmec_family,vmec_indata,wout_netcdf,0.033525038797421386,0.0,7.99969205239114,0.9990953435971265,0.3084517914569592,-1.6914744483196233,0.0,4.781331580661075e-10
VMEX/data/serial2500170_surface_points_mpol12_ntor12,vmecpp,success,,3,vmec_family,vmec_indata,wout_netcdf,0.03472057740621683,0.0,7.9996920523911434,0.9910813996210788,0.3084517914569587,-2.7245111777101148,0.0,-2.6259376617598917e-09
VMEX/data/serial2500170_surface_points_mpol12_ntor12,vmex,success,,3,vmec_family,vmec_indata,wout_netcdf,0.03352503879742259,0.0,7.999692052391145,0.999095343581268,0.3084517914569588,-1.6914744483242403,0.0,5.204170427930421e-11
VMEX/data/shaped_tokamak_pressure,chease,failed,Unsupported: CHEASE requires a 2-D GEQDSK input,3,grad_shafranov,vmec_indata_via_geqdsk,geqdsk,,,,,,,,
VMEX/data/shaped_tokamak_pressure,desc,success,,3,vmec_family,vmec_indata,wout_netcdf,137.1767649148386,0.0007429217303622969,2.6427407334522464,6.2309107371710555,633.7993467060761,0.7000000000000001,10000.0,-15152578.614348557
VMEX/data/shaped_tokamak_pressure,educational_vmec,success,,3,vmec_family,vmec_indata,wout_netcdf,137.17723177350175,0.0007429164248004854,2.6427407334522477,6.230969236206863,633.7993467060758,0.7,10000.000000000002,-15153781.689155567
VMEX/data/shaped_tokamak_pressure,freegs,failed,Unsupported: FreeGS is restricted to 2-D Grad-Shafranov cases,3,grad_shafranov,vmec_indata_or_case,geqdsk,,,,,,,,
VMEX/data/shaped_tokamak_pressure,gvec,success,,3,vmec_family,vmec_indata,gvec_state,,,2.6427407334522477,6.23092196359847,633.799346706076,-0.7,10000.0,
VMEX/data/shaped_tokamak_pressure,jvmec,success,,3,vmec_family,vmec_indata,wout_netcdf,137.1772317735018,0.0,2.642740733452223,6.230969236206822,633.7993467060697,0.7000000000000002,0.0,-15153781.689159008
VMEX/data/shaped_tokamak_pressure,parvmec,success,,3,vmec_family,vmec_indata,wout_netcdf,137.17723177350172,0.0007429164248004847,2.6427407334522477,6.230969236207051,633.7993467060758,0.7,10000.000000000002,-15153781.689107697
VMEX/data/shaped_tokamak_pressure,spec,failed,Unsupported: SPEC requires a native .sp input,3,spec_mhd,spec_namelist,spec_hdf5,,,,,,,,
VMEX/data/shaped_tokamak_pressure,spectre,success,,3,spectre_mhd,vmec_indata_or_spectre_toml,spectre_json,,,,,,,,
VMEX/data/shaped_tokamak_pressure,vmec2000,success,,3,vmec_family,vmec_indata,wout_netcdf,137.17723177350172,0.0007429164248004847,2.6427407334522477,6.230969236207051,633.7993467060758,0.7,10000.000000000002,-15153781.689107697
VMEX/data/shaped_tokamak_pressure,vmecpp,success,,3,vmec_family,vmec_indata,wout_netcdf,137.17723177350183,0.0007429164248004856,2.6427407334522477,6.230969236206852,633.7993467060758,0.7,10000.000000000002,-15153781.689131156
VMEX/data/shaped_tokamak_pressure,vmex,success,,3,vmec_family,vmec_indata,wout_netcdf,137.17723177350172,0.000742916424800485,2.6427407334522477,6.230969236206908,633.7993467060758,0.7,10000.000000000002,-15153781.689117072
VMEX/data/solovev,chease,failed,Unsupported: CHEASE requires a 2-D GEQDSK input,3,grad_shafranov,vmec_indata_via_geqdsk,geqdsk,,,,,,,,
VMEX/data/solovev,desc,success,,3,vmec_family,vmec_indata,wout_netcdf,0.06455073287636415,3.872259897307029e-06,3.117998343734315,3.989210433524772,126.87192764523266,1.0,0.125,-440632.8318948016
VMEX/data/solovev,educational_vmec,success,,3,vmec_family,vmec_indata,wout_netcdf,0.06455127016284609,3.872785802107486e-06,3.117998343734321,3.9909230466747236,126.87192764523259,1.0,0.125,-440680.6645594018
VMEX/data/solovev,freegs,failed,Unsupported: FreeGS is restricted to 2-D Grad-Shafranov cases,3,grad_shafranov,vmec_indata_or_case,geqdsk,,,,,,,,
VMEX/data/solovev,gvec,success,,3,vmec_family,vmec_indata,gvec_state,,,3.1179983437343104,3.98916669057617,126.871927645233,-1.0,0.125,
VMEX/data/solovev,jvmec,success,,3,vmec_family,vmec_indata,wout_netcdf,0.06455127016284612,0.0,3.1179983437343375,3.9909230466747205,126.87192764523354,1.0,0.0,-440680.66455940483
VMEX/data/solovev,parvmec,success,,3,vmec_family,vmec_indata,wout_netcdf,0.0645512701628461,3.8727858021074855e-06,3.117998343734321,3.990923046674722,126.87192764523259,1.0,0.125,-440680.6645594035
VMEX/data/solovev,spec,failed,Unsupported: SPEC requires a native .sp input,3,spec_mhd,spec_namelist,spec_hdf5,,,,,,,,
VMEX/data/solovev,spectre,success,,3,spectre_mhd,vmec_indata_or_spectre_toml,spectre_json,,,,,,,,
VMEX/data/solovev,vmec2000,success,,3,vmec_family,vmec_indata,wout_netcdf,0.0645512701628461,3.8727858021074855e-06,3.117998343734321,3.990923046674722,126.87192764523259,1.0,0.125,-440680.6645594035
VMEX/data/solovev,vmecpp,success,,3,vmec_family,vmec_indata,wout_netcdf,0.06455127016284613,3.872785802107485e-06,3.117998343734321,3.99092304667472,126.87192764523259,1.0,0.125,-440680.6645594023
VMEX/data/solovev,vmex,success,,3,vmec_family,vmec_indata,wout_netcdf,0.0645512701628461,3.8727858021074855e-06,3.117998343734316,3.990923046674722,126.87192764523255,1.0,0.125,-440680.6645594038
VMEX/data/up_down_asymmetric_tokamak,chease,failed,Unsupported: CHEASE requires a 2-D GEQDSK input,3,grad_shafranov,vmec_indata_via_geqdsk,geqdsk,,,,,,,,
VMEX/data/up_down_asymmetric_tokamak,desc,success,,3,vmec_family,vmec_indata,wout_netcdf,15.30143221424381,0.0,10.099999999968906,5.930288548110188,43.06305792270037,0.25,0.0,-630829.8273637958
VMEX/data/up_down_asymmetric_tokamak,educational_vmec,success,,3,vmec_family,vmec_indata,wout_netcdf,15.300288767704057,0.0,10.100000000000003,6.040147388410709,43.063057922833096,0.2499999999999999,0.0,-835972.6781838061
VMEX/data/up_down_asymmetric_tokamak,freegs,failed,Unsupported: FreeGS is restricted to 2-D Grad-Shafranov cases,3,grad_shafranov,vmec_indata_or_case,geqdsk,,,,,,,,
VMEX/data/up_down_asymmetric_tokamak,gvec,success,,3,vmec_family,vmec_indata,gvec_state,,,10.1,6.0368534773032,43.0630579228331,-0.25,0.0,
VMEX/data/up_down_asymmetric_tokamak,jvmec,failed,Run failed,3,vmec_family,vmec_indata,wout_netcdf,,,,,,,,
VMEX/data/up_down_asymmetric_tokamak,parvmec,success,,3,vmec_family,vmec_indata,wout_netcdf,15.300288767577026,0.0,10.100000000000003,6.040147412601182,43.063057922833096,0.2499999999999999,0.0,-835972.7572335525
VMEX/data/up_down_asymmetric_tokamak,spec,failed,Unsupported: SPEC requires a native .sp input,3,spec_mhd,spec_namelist,spec_hdf5,,,,,,,,
VMEX/data/up_down_asymmetric_tokamak,spectre,success,,3,spectre_mhd,vmec_indata_or_spectre_toml,spectre_json,,,,,,,,
VMEX/data/up_down_asymmetric_tokamak,vmec2000,success,,3,vmec_family,vmec_indata,wout_netcdf,15.30029108961425,0.0,10.100000000000003,6.040143942805753,43.063057922833096,0.2499999999999999,0.0,-835305.2368481677
VMEX/data/up_down_asymmetric_tokamak,vmecpp,success,,3,vmec_family,vmec_indata,wout_netcdf,0.0,,10.100000000000003,3.4825936785264204,43.063057922833096,0.25,5.501571025879001e-304,0.0
VMEX/data/up_down_asymmetric_tokamak,vmex,failed,Run failed,3,vmec_family,vmec_indata,wout_netcdf,,,,,,,,
benchmark_vmec/cases/analytic/1d_cylindrical/analytic_1d,chease,failed,Unsupported: CHEASE requires a 2-D GEQDSK input,1,grad_shafranov,vmec_indata_via_geqdsk,geqdsk,,,,,,,,
benchmark_vmec/cases/analytic/1d_cylindrical/analytic_1d,desc,success,,1,vmec_family,vmec_indata,wout_netcdf,0.1165860733840387,5.142316334622802e-07,3.749999999999997,2.9453404252971565,37.89928090018312,-0.0,0.1,0.0
benchmark_vmec/cases/analytic/1d_cylindrical/analytic_1d,educational_vmec,success,,1,vmec_family,vmec_indata,wout_netcdf,0.11658615547327762,5.150252361763973e-07,3.75,2.9535320856639986,37.899280900183136,0.0,0.09999999999999999,-0.0
benchmark_vmec/cases/analytic/1d_cylindrical/analytic_1d,freegs,failed,Unsupported: FreeGS is restricted to 2-D Grad-Shafranov cases,1,grad_shafranov,vmec_indata_or_case,geqdsk,,,,,,,,
benchmark_vmec/cases/analytic/1d_cylindrical/analytic_1d,gvec,failed,Unsupported: GVEC requires a 2-D or 3-D VMEC case,1,vmec_family,vmec_indata,gvec_state,,,,,,,,
benchmark_vmec/cases/analytic/1d_cylindrical/analytic_1d,jvmec,success,,1,vmec_family,vmec_indata,wout_netcdf,0.11658615547327762,0.0,3.74999999999999,2.9535320856640137,37.899280900183065,0.0,0.0,-0.0
benchmark_vmec/cases/analytic/1d_cylindrical/analytic_1d,parvmec,success,,1,vmec_family,vmec_indata,wout_netcdf,0.11658615547327764,5.150252361763967e-07,3.75,2.9535320856639964,37.899280900183136,0.0,0.09999999999999999,-0.0
benchmark_vmec/cases/analytic/1d_cylindrical/analytic_1d,spec,failed,Unsupported: SPEC requires a native .sp input,1,spec_mhd,spec_namelist,spec_hdf5,,,,,,,,
benchmark_vmec/cases/analytic/1d_cylindrical/analytic_1d,spectre,failed,Run failed,1,spectre_mhd,vmec_indata_or_spectre_toml,spectre_json,,,,,,,,
benchmark_vmec/cases/analytic/1d_cylindrical/analytic_1d,vmec2000,success,,1,vmec_family,vmec_indata,wout_netcdf,0.11658615547327764,5.150252361763967e-07,3.75,2.9535320856639964,37.899280900183136,0.0,0.09999999999999999,-0.0
benchmark_vmec/cases/analytic/1d_cylindrical/analytic_1d,vmecpp,success,,1,vmec_family,vmec_indata,wout_netcdf,0.11658615547327765,5.150252361763991e-07,3.75,2.953532085664016,37.899280900183136,0.0,0.09999999999999999,-0.0
benchmark_vmec/cases/analytic/1d_cylindrical/analytic_1d,vmex,success,,1,vmec_family,vmec_indata,wout_netcdf,0.11658615547327764,5.150252361763978e-07,3.75,2.9535320856640026,37.899280900183136,0.0,0.09999999999999999,-0.0
benchmark_vmec/cases/analytic/2d_solovev/solovev,chease,failed,Unsupported: CHEASE requires a 2-D GEQDSK input,2,grad_shafranov,vmec_indata_via_geqdsk,geqdsk,,,,,,,,
benchmark_vmec/cases/analytic/2d_solovev/solovev,desc,success,,2,vmec_family,vmec_indata,wout_netcdf,0.08585412341155649,2.1732429441217548e-06,3.6286619434717267,3.9989110056376473,94.15602598639231,1.0,0.125,-413417.46013629314
benchmark_vmec/cases/analytic/2d_solovev/solovev,educational_vmec,success,,2,vmec_family,vmec_indata,wout_netcdf,0.08585427319323921,2.1756989860342897e-06,3.628661943471729,4.004867151480925,94.15602598639252,1.0,0.12499999999999997,-413231.3271784931
benchmark_vmec/cases/analytic/2d_solovev/solovev,freegs,success,,2,grad_shafranov,vmec_indata_or_case,geqdsk,,,,,,,999.9999999999998,100000.0
benchmark_vmec/cases/analytic/2d_solovev/solovev,gvec,success,,2,vmec_family,vmec_indata,gvec_state,,,3.6286619434717333,4.00335460088461,94.1560259863925,-1.0,0.125,
benchmark_vmec/cases/analytic/2d_solovev/solovev,jvmec,success,,2,vmec_family,vmec_indata,wout_netcdf,0.08585427319323925,0.0,3.6286619434717315,4.004867151480908,94.15602598639249,1.0,0.0,-413231.32717849687
benchmark_vmec/cases/analytic/2d_solovev/solovev,parvmec,success,,2,vmec_family,vmec_indata,wout_netcdf,0.08585427319323921,2.1756989860342893e-06,3.628661943471729,4.004867151480953,94.15602598639252,1.0,0.12499999999999997,-413231.3271784938
benchmark_vmec/cases/analytic/2d_solovev/solovev,spec,failed,Unsupported: SPEC requires a native .sp input,2,spec_mhd,spec_namelist,spec_hdf5,,,,,,,,
benchmark_vmec/cases/analytic/2d_solovev/solovev,spectre,success,,2,spectre_mhd,vmec_indata_or_spectre_toml,spectre_json,,,,,,,,
benchmark_vmec/cases/analytic/2d_solovev/solovev,vmec2000,success,,2,vmec_family,vmec_indata,wout_netcdf,0.08585427319323921,2.1756989860342893e-06,3.628661943471729,4.004867151480953,94.15602598639252,1.0,0.12499999999999997,-413231.3271784938
benchmark_vmec/cases/analytic/2d_solovev/solovev,vmecpp,success,,2,vmec_family,vmec_indata,wout_netcdf,0.08585427319323918,2.1756989860342893e-06,3.628661943471729,4.0048671514809575,94.15602598639252,1.0,0.12499999999999997,-413231.32717848965
benchmark_vmec/cases/analytic/2d_solovev/solovev,vmex,success,,2,vmec_family,vmec_indata,wout_netcdf,0.08585427319323921,2.1756989860342897e-06,3.628661943471725,4.004867151480923,94.15602598639248,1.0,0.12499999999999997,-413231.32717849617
benchmark_vmec/cases/analytic/3d_quasisymmetric/qh_analytic,chease,failed,Unsupported: CHEASE requires a 2-D GEQDSK input,3,grad_shafranov,vmec_indata_via_geqdsk,geqdsk,,,,,,,,
benchmark_vmec/cases/analytic/3d_quasisymmetric/qh_analytic,desc,success,,3,vmec_family,vmec_indata,wout_netcdf,0.15391957950890658,2.9972036441079026e-07,4.309363961617193,2.9721253925229005,29.132111310695436,-0.0,0.1,1956.0165422114248
benchmark_vmec/cases/analytic/3d_quasisymmetric/qh_analytic,educational_vmec,success,,3,vmec_family,vmec_indata,wout_netcdf,0.15391948736751915,3.00025122674021e-07,4.309363961617192,2.9765296169695867,29.132111310695432,0.0,0.09999999999999999,2013.9028242078018
benchmark_vmec/cases/analytic/3d_quasisymmetric/qh_analytic,freegs,failed,Unsupported: FreeGS is restricted to 2-D Grad-Shafranov cases,3,grad_shafranov,vmec_indata_or_case,geqdsk,,,,,,,,
benchmark_vmec/cases/analytic/3d_quasisymmetric/qh_analytic,gvec,success,,3,vmec_family,vmec_indata,gvec_state,,,4.30936396161719,3.0001872750585,29.1321113106954,0.0,0.1,
benchmark_vmec/cases/analytic/3d_quasisymmetric/qh_analytic,jvmec,success,,3,vmec_family,vmec_indata,wout_netcdf,0.1539194873690201,0.0,4.309363961617198,2.9765296442532048,29.132111310695464,0.0,0.0,2013.9028231799912
benchmark_vmec/cases/analytic/3d_quasisymmetric/qh_analytic,parvmec,success,,3,vmec_family,vmec_indata,wout_netcdf,0.15391948736902,3.000251245370155e-07,4.309363961617192,2.976529644253205,29.132111310695432,0.0,0.09999999999999999,2013.9028231799466
benchmark_vmec/cases/analytic/3d_quasisymmetric/qh_analytic,spec,failed,Unsupported: SPEC requires a native .sp input,3,spec_mhd,spec_namelist,spec_hdf5,,,,,,,,
benchmark_vmec/cases/analytic/3d_quasisymmetric/qh_analytic,spectre,failed,Run failed,3,spectre_mhd,vmec_indata_or_spectre_toml,spectre_json,,,,,,,,
benchmark_vmec/cases/analytic/3d_quasisymmetric/qh_analytic,vmec2000,success,,3,vmec_family,vmec_indata,wout_netcdf,0.15391948736901992,3.0002512453701504e-07,4.309363961617192,2.976529644253204,29.132111310695432,0.0,0.09999999999999999,2013.9028231797367
benchmark_vmec/cases/analytic/3d_quasisymmetric/qh_analytic,vmecpp,success,,3,vmec_family,vmec_indata,wout_netcdf,0.15391948736751934,3.000251226740207e-07,4.309363961617191,2.9765296169695894,29.132111310695457,0.0,0.09999999999999999,2013.9028242077304
benchmark_vmec/cases/analytic/3d_quasisymmetric/qh_analytic,vmex,success,,3,vmec_family,vmec_indata,wout_netcdf,0.15391948736902006,3.0002512453701514e-07,4.309363961617196,2.976529644253203,29.13211131069546,0.0,0.09999999999999999,2013.9028231798752
benchmark_vmec/cases/generated/2d_chease/geqdsk,chease,success,,2,grad_shafranov,vmec_indata_via_geqdsk,geqdsk,,,,,,,,
benchmark_vmec/cases/generated/2d_chease/geqdsk,desc,failed,Unsupported: native GEQDSK fixture is reserved for CHEASE,2,vmec_family,vmec_indata,wout_netcdf,,,,,,,,
benchmark_vmec/cases/generated/2d_chease/geqdsk,educational_vmec,failed,Unsupported: native GEQDSK fixture is reserved for CHEASE,2,vmec_family,vmec_indata,wout_netcdf,,,,,,,,
benchmark_vmec/cases/generated/2d_chease/geqdsk,freegs,failed,Unsupported: native GEQDSK fixture is reserved for CHEASE,2,grad_shafranov,vmec_indata_or_case,geqdsk,,,,,,,,
benchmark_vmec/cases/generated/2d_chease/geqdsk,gvec,failed,Unsupported: native GEQDSK fixture is reserved for CHEASE,2,vmec_family,vmec_indata,gvec_state,,,,,,,,
benchmark_vmec/cases/generated/2d_chease/geqdsk,jvmec,failed,Unsupported: native GEQDSK fixture is reserved for CHEASE,2,vmec_family,vmec_indata,wout_netcdf,,,,,,,,
benchmark_vmec/cases/generated/2d_chease/geqdsk,parvmec,failed,Unsupported: native GEQDSK fixture is reserved for CHEASE,2,vmec_family,vmec_indata,wout_netcdf,,,,,,,,
benchmark_vmec/cases/generated/2d_chease/geqdsk,spec,failed,Unsupported: native GEQDSK fixture is reserved for CHEASE,2,spec_mhd,spec_namelist,spec_hdf5,,,,,,,,
benchmark_vmec/cases/generated/2d_chease/geqdsk,spectre,failed,Unsupported: native GEQDSK fixture is reserved for CHEASE,2,spectre_mhd,vmec_indata_or_spectre_toml,spectre_json,,,,,,,,
benchmark_vmec/cases/generated/2d_chease/geqdsk,vmec2000,failed,Unsupported: native GEQDSK fixture is reserved for CHEASE,2,vmec_family,vmec_indata,wout_netcdf,,,,,,,,
benchmark_vmec/cases/generated/2d_chease/geqdsk,vmecpp,failed,Unsupported: native GEQDSK fixture is reserved for CHEASE,2,vmec_family,vmec_indata,wout_netcdf,,,,,,,,
benchmark_vmec/cases/generated/2d_chease/geqdsk,vmex,failed,Unsupported: native GEQDSK fixture is reserved for CHEASE,2,vmec_family,vmec_indata,wout_netcdf,,,,,,,,
benchmark_vmec/cases/numerical/1d_profile/profile_1d,chease,failed,Unsupported: CHEASE requires a 2-D GEQDSK input,1,grad_shafranov,vmec_indata_via_geqdsk,geqdsk,,,,,,,,
benchmark_vmec/cases/numerical/1d_profile/profile_1d,desc,success,,1,vmec_family,vmec_indata,wout_netcdf,0.10363206586897501,1.3016425783257238e-06,3.5355339059327373,2.9452975705509514,42.63669101270602,3.495209705347082e-08,0.2,-0.020000000000000004
benchmark_vmec/cases/numerical/1d_profile/profile_1d,educational_vmec,success,,1,vmec_family,vmec_indata,wout_netcdf,0.1036321494828531,1.303223071601554e-06,3.535533905932736,2.9524626153309566,42.636691012706024,-3.500257380917068e-08,0.19999999999999998,0.020234375
benchmark_vmec/cases/numerical/1d_profile/profile_1d,freegs,failed,Unsupported: FreeGS is restricted to 2-D Grad-Shafranov cases,1,grad_shafranov,vmec_indata_or_case,geqdsk,,,,,,,,
benchmark_vmec/cases/numerical/1d_profile/profile_1d,gvec,failed,Unsupported: GVEC requires a 2-D or 3-D VMEC case,1,vmec_family,vmec_indata,gvec_state,,,,,,,,
benchmark_vmec/cases/numerical/1d_profile/profile_1d,jvmec,success,,1,vmec_family,vmec_indata,wout_netcdf,0.10363214948285308,0.0,3.535533905932719,2.9524626153309774,42.63669101270583,0.0,0.0,-0.0
benchmark_vmec/cases/numerical/1d_profile/profile_1d,parvmec,success,,1,vmec_family,vmec_indata,wout_netcdf,0.10363214948285308,1.3032230716015628e-06,3.535533905932736,2.952462615330982,42.636691012706024,-3.5002573809171e-08,0.19999999999999998,0.020234375
benchmark_vmec/cases/numerical/1d_profile/profile_1d,spec,failed,Unsupported: SPEC requires a native .sp input,1,spec_mhd,spec_namelist,spec_hdf5,,,,,,,,
benchmark_vmec/cases/numerical/1d_profile/profile_1d,spectre,success,,1,spectre_mhd,vmec_indata_or_spectre_toml,spectre_json,,,,,,,,
benchmark_vmec/cases/numerical/1d_profile/profile_1d,vmec2000,success,,1,vmec_family,vmec_indata,wout_netcdf,0.10363214948285308,1.3032230716015628e-06,3.535533905932736,2.952462615330982,42.636691012706024,-3.5002573809171e-08,0.19999999999999998,0.020234375
benchmark_vmec/cases/numerical/1d_profile/profile_1d,vmecpp,success,,1,vmec_family,vmec_indata,wout_netcdf,0.1036321494828531,1.3032230716015598e-06,3.535533905932736,2.9524626153309734,42.636691012706024,-3.500257380917146e-08,0.19999999999999998,0.020234375000000013
benchmark_vmec/cases/numerical/1d_profile/profile_1d,vmex,success,,1,vmec_family,vmec_indata,wout_netcdf,0.10363214948285307,1.3032230716015622e-06,3.535533905932736,2.95246261533098,42.636691012706024,-3.500257380917123e-08,0.19999999999999998,0.020234375
benchmark_vmec/cases/numerical/2d_tokamak/tokamak_2d,chease,failed,Unsupported: CHEASE requires a 2-D GEQDSK input,2,grad_shafranov,vmec_indata_via_geqdsk,geqdsk,,,,,,,,
benchmark_vmec/cases/numerical/2d_tokamak/tokamak_2d,desc,success,,2,vmec_family,vmec_indata,wout_netcdf,0.07066097393535206,2.0056822345391422e-06,2.9212856857541136,2.814768941342517,61.03462057677655,1.5804995010151104e-08,0.15000000000000002,-0.010000000000000002
benchmark_vmec/cases/numerical/2d_tokamak/tokamak_2d,educational_vmec,success,,2,vmec_family,vmec_indata,wout_netcdf,0.0706611669231312,2.0496843975770514e-06,2.9212856857541105,2.912820565402965,61.03462057677668,-1.6506123762833265e-08,0.15,0.0101171875
benchmark_vmec/cases/numerical/2d_tokamak/tokamak_2d,freegs,success,,2,grad_shafranov,vmec_indata_or_case,geqdsk,,,,,,,1499.9999999999998,119999.99999999999
benchmark_vmec/cases/numerical/2d_tokamak/tokamak_2d,gvec,success,,2,vmec_family,vmec_indata,gvec_state,,,2.9212856857541114,2.99382847377801,61.0346205767767,1.66950712775791e-08,0.15,
benchmark_vmec/cases/numerical/2d_tokamak/tokamak_2d,jvmec,success,,2,vmec_family,vmec_indata,wout_netcdf,0.0706611669231312,0.0,2.9212856857541056,2.9128205654028654,61.034620576776575,0.0,0.0,-0.0
benchmark_vmec/cases/numerical/2d_tokamak/tokamak_2d,parvmec,success,,2,vmec_family,vmec_indata,wout_netcdf,0.07066116692313118,2.0496843975770112e-06,2.9212856857541105,2.9128205654028743,61.03462057677668,-1.6506123762833192e-08,0.15,0.0101171875
benchmark_vmec/cases/numerical/2d_tokamak/tokamak_2d,spec,failed,Unsupported: SPEC requires a native .sp input,2,spec_mhd,spec_namelist,spec_hdf5,,,,,,,,
benchmark_vmec/cases/numerical/2d_tokamak/tokamak_2d,spectre,failed,Run failed,2,spectre_mhd,vmec_indata_or_spectre_toml,spectre_json,,,,,,,,
benchmark_vmec/cases/numerical/2d_tokamak/tokamak_2d,vmec2000,success,,2,vmec_family,vmec_indata,wout_netcdf,0.07066116692313118,2.0496843975770112e-06,2.9212856857541105,2.9128205654028743,61.03462057677668,-1.6506123762833192e-08,0.15,0.0101171875
benchmark_vmec/cases/numerical/2d_tokamak/tokamak_2d,vmecpp,success,,2,vmec_family,vmec_indata,wout_netcdf,0.07066116692313115,2.0496843975770125e-06,2.9212856857541105,2.912820565402875,61.03462057677668,-1.6506123762833215e-08,0.15,0.01011718750000001
benchmark_vmec/cases/numerical/2d_tokamak/tokamak_2d,vmex,success,,2,vmec_family,vmec_indata,wout_netcdf,0.07066116692313118,2.049684397577052e-06,2.921285685754112,2.9128205654029617,61.034620576776696,-1.6506123762832928e-08,0.15,0.010117187500000003
benchmark_vmec/cases/numerical/3d_w7x/w7x,chease,failed,Unsupported: CHEASE requires a 2-D GEQDSK input,3,grad_shafranov,vmec_indata_via_geqdsk,geqdsk,,,,,,,,
benchmark_vmec/cases/numerical/3d_w7x/w7x,desc,success,,3,vmec_family,vmec_indata,wout_netcdf,0.2851896087995089,4.455720165600389e-07,7.899366643991998,5.496985853663244,53.35212051096874,0.02163941110766376,0.15,-0.010000000000350723
benchmark_vmec/cases/numerical/3d_w7x/w7x,educational_vmec,success,,3,vmec_family,vmec_indata,wout_netcdf,0.2851897499417586,4.4592282690854506e-07,7.899366643991996,5.503258347635876,53.35212051096872,0.021728387402935832,0.15,0.010117187508566099
benchmark_vmec/cases/numerical/3d_w7x/w7x,freegs,failed,Unsupported: FreeGS is restricted to 2-D Grad-Shafranov cases,3,grad_shafranov,vmec_indata_or_case,geqdsk,,,,,,,,
benchmark_vmec/cases/numerical/3d_w7x/w7x,gvec,success,,3,vmec_family,vmec_indata,gvec_state,,,7.8993666439920105,5.50378092529043,53.3521205109688,-0.0217179163728811,0.15,
benchmark_vmec/cases/numerical/3d_w7x/w7x,jvmec,success,,3,vmec_family,vmec_indata,wout_netcdf,0.28518974994177904,0.0,7.899366643992023,5.503258346120489,53.35212051096885,0.0217283535447415,0.0,6.57297567069337e-12
benchmark_vmec/cases/numerical/3d_w7x/w7x,parvmec,success,,3,vmec_family,vmec_indata,wout_netcdf,0.28518974994177276,4.4592282681964916e-07,7.899366643991996,5.503258346188378,53.35212051096872,0.02172838739640661,0.15,0.010117187492099779
benchmark_vmec/cases/numerical/3d_w7x/w7x,spec,failed,Unsupported: SPEC requires a native .sp input,3,spec_mhd,spec_namelist,spec_hdf5,,,,,,,,
benchmark_vmec/cases/numerical/3d_w7x/w7x,spectre,failed,Run failed,3,spectre_mhd,vmec_indata_or_spectre_toml,spectre_json,,,,,,,,
benchmark_vmec/cases/numerical/3d_w7x/w7x,vmec2000,success,,3,vmec_family,vmec_indata,wout_netcdf,0.28518974994177265,4.4592282681964926e-07,7.899366643991996,5.503258346188377,53.35212051096872,0.021728387396405736,0.15,0.010117187483595568
benchmark_vmec/cases/numerical/3d_w7x/w7x,vmecpp,success,,3,vmec_family,vmec_indata,wout_netcdf,0.28518974994175883,4.459228269085455e-07,7.899366643991994,5.503258347635877,53.35212051096873,0.021728387402932967,0.15,0.010117187502806275
benchmark_vmec/cases/numerical/3d_w7x/w7x,vmex,success,,3,vmec_family,vmec_indata,wout_netcdf,0.2851897499417727,4.4592282681964916e-07,7.899366643991995,5.503258346188379,53.35212051096875,0.02172838739640886,0.15,0.010117187498537229
educational_VMEC/Ns_2048.M_32,chease,failed,Unsupported: CHEASE requires a 2-D GEQDSK input,3,grad_shafranov,vmec_indata_via_geqdsk,geqdsk,,,,,,,,
educational_VMEC/Ns_2048.M_32,desc,success,,3,vmec_family,vmec_indata,wout_netcdf,0.06230143646643759,4.182292580274328e-06,3.1663670351835105,4.09632651212218,128.84005862072465,0.19,0.125,-94270.84728091133
educational_VMEC/Ns_2048.M_32,educational_vmec,success,,3,vmec_family,vmec_indata,wout_netcdf,0.06223839564298897,4.431755917947178e-06,3.209330545514134,4.209659403533179,136.49177282583068,0.18999999999999997,0.12499999999999997,-91263.2567301725
educational_VMEC/Ns_2048.M_32,freegs,failed,Unsupported: FreeGS is restricted to 2-D Grad-Shafranov cases,3,grad_shafranov,vmec_indata_or_case,geqdsk,,,,,,,,
educational_VMEC/Ns_2048.M_32,gvec,success,,3,vmec_family,vmec_indata,gvec_state,,,3.166367035183497,4.09654616672491,128.840058620725,-0.19,0.125,
educational_VMEC/Ns_2048.M_32,jvmec,success,,3,vmec_family,vmec_indata,wout_netcdf,0.06223839477945659,0.0,3.2093315808533474,4.209661571270492,136.49195026082583,0.19000000000000009,0.0,-91263.04735643255
educational_VMEC/Ns_2048.M_32,parvmec,success,,3,vmec_family,vmec_indata,wout_netcdf,0.062238395378539875,4.431755674384124e-06,3.2093305825863028,4.20965923196629,136.49177643376146,0.18999999999999997,0.12499999999999997,-91263.16383892964
educational_VMEC/Ns_2048.M_32,spec,failed,Unsupported: SPEC requires a native .sp input,3,spec_mhd,spec_namelist,spec_hdf5,,,,,,,,
educational_VMEC/Ns_2048.M_32,spectre,success,,3,spectre_mhd,vmec_indata_or_spectre_toml,spectre_json,,,,,,,,
educational_VMEC/Ns_2048.M_32,vmec2000,success,,3,vmec_family,vmec_indata,wout_netcdf,0.062238389211300066,4.431789240760832e-06,3.209336930170749,4.209634995326658,136.49274476489666,0.18999999999999997,0.12499999999999997,-91263.50379082606
educational_VMEC/Ns_2048.M_32,vmecpp,success,,3,vmec_family,vmec_indata,wout_netcdf,0.0622383954056595,4.431755436221914e-06,3.209330534595836,4.209659136973512,136.49176825794024,0.18999999999999997,0.12499999999999997,-91263.17985555645
educational_VMEC/Ns_2048.M_32,vmex,success,,3,vmec_family,vmec_indata,wout_netcdf,0.06223839557723979,4.431756466060386e-06,3.2093306596412665,4.209659630750736,136.49179210298925,0.18999999999999997,0.12499999999999997,-91263.23500991146
educational_VMEC/coverage/HELIOTRON,chease,failed,Unsupported: CHEASE requires a 2-D GEQDSK input,3,grad_shafranov,vmec_indata_via_geqdsk,geqdsk,,,,,,,,
educational_VMEC/coverage/HELIOTRON,desc,success,,3,vmec_family,vmec_indata,wout_netcdf,0.3276706680915414,0.0985683992608806,10.482848367409495,9.872404703632771,179.6268001030876,-2.5,18000.0,745075.9347742244
educational_VMEC/coverage/HELIOTRON,educational_vmec,success,,3,vmec_family,vmec_indata,wout_netcdf,0.327211818589797,0.10132058073815045,10.482848367219209,10.287051115549263,179.62680009982674,-2.5,17625.000000000004,773299.2727839098
educational_VMEC/coverage/HELIOTRON,freegs,failed,Unsupported: FreeGS is restricted to 2-D Grad-Shafranov cases,3,grad_shafranov,vmec_indata_or_case,geqdsk,,,,,,,,
educational_VMEC/coverage/HELIOTRON,gvec,success,,3,vmec_family,vmec_indata,gvec_state,,,10.482848367219178,10.431004857484,179.626800099826,2.5,18000.0,
educational_VMEC/coverage/HELIOTRON,jvmec,success,,3,vmec_family,vmec_indata,wout_netcdf,0.32721181859506265,0.0,10.482848367219203,10.287051103814644,179.6268000998266,-2.5,0.0,773299.2731293375
educational_VMEC/coverage/HELIOTRON,parvmec,success,,3,vmec_family,vmec_indata,wout_netcdf,0.32721181859506254,0.10132058071946773,10.482848367219209,10.287051103814045,179.62680009982674,-2.5,17625.000000000004,773299.2731293199
educational_VMEC/coverage/HELIOTRON,spec,failed,Unsupported: SPEC requires a native .sp input,3,spec_mhd,spec_namelist,spec_hdf5,,,,,,,,
educational_VMEC/coverage/HELIOTRON,spectre,failed,Run failed,3,spectre_mhd,vmec_indata_or_spectre_toml,spectre_json,,,,,,,,
educational_VMEC/coverage/HELIOTRON,vmec2000,success,,3,vmec_family,vmec_indata,wout_netcdf,0.32721181859506265,0.1013205807194679,10.482848367219209,10.287051103814052,179.62680009982674,-2.5,17625.000000000004,773299.2731293216
educational_VMEC/coverage/HELIOTRON,vmecpp,success,,3,vmec_family,vmec_indata,wout_netcdf,0.3272118185897975,0.10132058073815242,10.482848367219178,10.287051115549673,179.62680009982637,-2.5,17625.000000000004,773299.2727839221
educational_VMEC/coverage/HELIOTRON,vmex,success,,3,vmec_family,vmec_indata,wout_netcdf,0.3272118185950637,0.10132058071947267,10.482848367219185,10.287051103815076,179.62680009982634,-2.5,17625.0,773299.2731294016
educational_VMEC/coverage/Ns_2048.M_32,chease,failed,Unsupported: CHEASE requires a 2-D GEQDSK input,3,grad_shafranov,vmec_indata_via_geqdsk,geqdsk,,,,,,,,
educational_VMEC/coverage/Ns_2048.M_32,desc,success,,3,vmec_family,vmec_indata,wout_netcdf,0.06230143652534311,4.182283013075204e-06,3.16636703518351,4.09632397036092,128.84005862072468,0.19,0.125,-94177.14076228777
educational_VMEC/coverage/Ns_2048.M_32,educational_vmec,success,,3,vmec_family,vmec_indata,wout_netcdf,0.06223728912142495,4.431645127564282e-06,3.2092761800387457,4.210300283081509,136.47581360203955,0.18999999999999997,0.125,-91120.80774673545
educational_VMEC/coverage/Ns_2048.M_32,freegs,failed,Unsupported: FreeGS is restricted to 2-D Grad-Shafranov cases,3,grad_shafranov,vmec_indata_or_case,geqdsk,,,,,,,,
educational_VMEC/coverage/Ns_2048.M_32,gvec,success,,3,vmec_family,vmec_indata,gvec_state,,,3.166367035183497,4.09654616672491,128.840058620725,-0.19,0.125,
educational_VMEC/coverage/Ns_2048.M_32,jvmec,success,,3,vmec_family,vmec_indata,wout_netcdf,0.06223728912158754,0.0,3.209276180155345,4.210300283445612,136.4758136231687,0.19000000000000003,0.0,-91120.80780523989
educational_VMEC/coverage/Ns_2048.M_32,parvmec,success,,3,vmec_family,vmec_indata,wout_netcdf,0.06223729087045358,4.431625105909256e-06,3.209272505099559,4.210291276304652,136.47518022139462,0.18999999999999997,0.125,-91121.18248916681
educational_VMEC/coverage/Ns_2048.M_32,spec,failed,Unsupported: SPEC requires a native .sp input,3,spec_mhd,spec_namelist,spec_hdf5,,,,,,,,
educational_VMEC/coverage/Ns_2048.M_32,spectre,success,,3,spectre_mhd,vmec_indata_or_spectre_toml,spectre_json,,,,,,,,
educational_VMEC/coverage/Ns_2048.M_32,vmec2000,success,,3,vmec_family,vmec_indata,wout_netcdf,0.06223729016034352,4.431625584561874e-06,3.209272632734878,4.210291346501217,136.4751990377307,0.18999999999999997,0.125,-91120.96046032631
educational_VMEC/coverage/Ns_2048.M_32,vmecpp,success,,3,vmec_family,vmec_indata,wout_netcdf,0.06223729075912923,4.431625924599686e-06,3.2092726568308465,4.210291624041738,136.47520653586406,0.19,0.125,-91121.1537244035
educational_VMEC/coverage/Ns_2048.M_32,vmex,success,,3,vmec_family,vmec_indata,wout_netcdf,0.062237291003079426,4.431623832470565e-06,3.209272268569924,4.210290673882713,136.47513975914293,0.19,0.125,-91121.21283758589
educational_VMEC/coverage/SOLOVEV,chease,failed,Unsupported: CHEASE requires a 2-D GEQDSK input,3,grad_shafranov,vmec_indata_via_geqdsk,geqdsk,,,,,,,,
educational_VMEC/coverage/SOLOVEV,desc,success,,3,vmec_family,vmec_indata,wout_netcdf,0.06455073287636415,3.872259897307029e-06,3.117998343734315,3.989210433524772,126.87192764523266,1.0,0.125,-440632.8318948016
educational_VMEC/coverage/SOLOVEV,educational_vmec,success,,3,vmec_family,vmec_indata,wout_netcdf,0.06455127016292543,3.8727857756994995e-06,3.117998343734321,3.990923026720891,126.87192764523259,1.0,0.125,-440680.6519051326
educational_VMEC/coverage/SOLOVEV,freegs,failed,Unsupported: FreeGS is restricted to 2-D Grad-Shafranov cases,3,grad_shafranov,vmec_indata_or_case,geqdsk,,,,,,,,
educational_VMEC/coverage/SOLOVEV,gvec,success,,3,vmec_family,vmec_indata,gvec_state,,,3.1179983437343104,3.98916669057617,126.871927645233,-1.0,0.125,
educational_VMEC/coverage/SOLOVEV,jvmec,success,,3,vmec_family,vmec_indata,wout_netcdf,0.06455127016292543,0.0,3.1179983437343375,3.990923026720924,126.87192764523354,1.0,0.0,-440680.65190513025
educational_VMEC/coverage/SOLOVEV,parvmec,success,,3,vmec_family,vmec_indata,wout_netcdf,0.06455127016292542,3.872785775699496e-06,3.117998343734321,3.990923026720855,126.87192764523259,1.0,0.125,-440680.6519051369
educational_VMEC/coverage/SOLOVEV,spec,failed,Unsupported: SPEC requires a native .sp input,3,spec_mhd,spec_namelist,spec_hdf5,,,,,,,,
educational_VMEC/coverage/SOLOVEV,spectre,success,,3,spectre_mhd,vmec_indata_or_spectre_toml,spectre_json,,,,,,,,
educational_VMEC/coverage/SOLOVEV,vmec2000,success,,3,vmec_family,vmec_indata,wout_netcdf,0.06455127016292542,3.872785775699496e-06,3.117998343734321,3.990923026720855,126.87192764523259,1.0,0.125,-440680.6519051369
educational_VMEC/coverage/SOLOVEV,vmecpp,success,,3,vmec_family,vmec_indata,wout_netcdf,0.06455127016292543,3.872785775699499e-06,3.117998343734321,3.9909230267208544,126.87192764523259,1.0,0.125,-440680.6519051329
educational_VMEC/coverage/SOLOVEV,vmex,success,,3,vmec_family,vmec_indata,wout_netcdf,0.06455127016292543,3.872785775699498e-06,3.117998343734316,3.9909230267208904,126.87192764523255,1.0,0.125,-440680.6519051323
educational_VMEC/coverage/W7X,chease,failed,Unsupported: CHEASE requires a 2-D GEQDSK input,3,grad_shafranov,vmec_indata_via_geqdsk,geqdsk,,,,,,,,
educational_VMEC/coverage/W7X,desc,success,,3,vmec_family,vmec_indata,wout_netcdf,2.750871897507849,0.02018329415067648,10.899425540661186,5.583599061735354,27.841424360588242,0.9631769885999999,185596.929,-15300.192851643367
educational_VMEC/coverage/W7X,educational_vmec,success,,3,vmec_family,vmec_indata,wout_netcdf,2.750839312360916,0.020071977331020528,10.899425570579801,5.601642942880927,27.841424464183568,0.9625959600731337,181730.32631249996,17270.027254941855
educational_VMEC/coverage/W7X,freegs,failed,Unsupported: FreeGS is restricted to 2-D Grad-Shafranov cases,3,grad_shafranov,vmec_indata_or_case,geqdsk,,,,,,,,
educational_VMEC/coverage/W7X,gvec,success,,3,vmec_family,vmec_indata,gvec_state,,,10.899425535672144,5.60916242923432,27.8414243750154,-0.9631769886,185596.929,
educational_VMEC/coverage/W7X,jvmec,success,,3,vmec_family,vmec_indata,wout_netcdf,2.7508392526192473,0.0,10.889701833985482,5.60163928427701,27.693263951006745,0.9625959600731337,0.0,17267.1117613191
educational_VMEC/coverage/W7X,parvmec,success,,3,vmec_family,vmec_indata,wout_netcdf,2.750839252619241,0.02007197374214965,10.899425570579801,5.601639284277267,27.841424464183568,0.9625959600731337,181730.32631249996,17267.111757111456
educational_VMEC/coverage/W7X,spec,failed,Unsupported: SPEC requires a native .sp input,3,spec_mhd,spec_namelist,spec_hdf5,,,,,,,,
educational_VMEC/coverage/W7X,spectre,failed,Run failed,3,spectre_mhd,vmec_indata_or_spectre_toml,spectre_json,,,,,,,,
educational_VMEC/coverage/W7X,vmec2000,success,,3,vmec_family,vmec_indata,wout_netcdf,2.7508392526192456,0.02007197374214934,10.899425570579801,5.601639284275101,27.841424464183568,0.9625959600731337,181730.32631249996,17267.111760285956
educational_VMEC/coverage/W7X,vmecpp,success,,3,vmec_family,vmec_indata,wout_netcdf,2.7508393123609194,0.02007197733102042,10.899425570579853,5.6016429428802,27.84142446418355,0.9625959600731337,181730.32631249996,17270.027255771496
educational_VMEC/coverage/W7X,vmex,success,,3,vmec_family,vmec_indata,wout_netcdf,2.7508392526192424,0.02007197374214601,10.899425570579885,5.60163928427143,27.841424464183582,0.9625959600731337,181730.32631250002,17267.111759874213
educational_VMEC/coverage/vmec,chease,failed,Unsupported: CHEASE requires a 2-D GEQDSK input,3,grad_shafranov,vmec_indata_via_geqdsk,geqdsk,,,,,,,,
educational_VMEC/coverage/vmec,desc,success,,3,vmec_family,vmec_indata,wout_netcdf,1.4073596111698938,0.10328621390244555,9.987049599929971,5.613972511322862,33.30493335309873,0.11693991073495968,50000.00000000001,-5000.000002000024
educational_VMEC/coverage/vmec,educational_vmec,failed,Unsupported: required MGRID fixture unavailable: mgrid_w7x_v2_10mm_grid.nc,3,vmec_family,vmec_indata,wout_netcdf,,,,,,,,
educational_VMEC/coverage/vmec,freegs,failed,Unsupported: FreeGS is restricted to 2-D Grad-Shafranov cases,3,grad_shafranov,vmec_indata_or_case,geqdsk,,,,,,,,
educational_VMEC/coverage/vmec,gvec,failed,Unsupported: required MGRID fixture unavailable: mgrid_w7x_v2_10mm_grid.nc,3,vmec_family,vmec_indata,gvec_state,,,,,,,,
educational_VMEC/coverage/vmec,jvmec,failed,Unsupported: required MGRID fixture unavailable: mgrid_w7x_v2_10mm_grid.nc,3,vmec_family,vmec_indata,wout_netcdf,,,,,,,,
educational_VMEC/coverage/vmec,parvmec,failed,Unsupported: required MGRID fixture unavailable: mgrid_w7x_v2_10mm_grid.nc,3,vmec_family,vmec_indata,wout_netcdf,,,,,,,,
educational_VMEC/coverage/vmec,spec,failed,Unsupported: SPEC requires a native .sp input,3,spec_mhd,spec_namelist,spec_hdf5,,,,,,,,
educational_VMEC/coverage/vmec,spectre,failed,Unsupported: required MGRID fixture unavailable: mgrid_w7x_v2_10mm_grid.nc,3,spectre_mhd,vmec_indata_or_spectre_toml,spectre_json,,,,,,,,
educational_VMEC/coverage/vmec,vmec2000,failed,Unsupported: required MGRID fixture unavailable: mgrid_w7x_v2_10mm_grid.nc,3,vmec_family,vmec_indata,wout_netcdf,,,,,,,,
educational_VMEC/coverage/vmec,vmecpp,failed,Unsupported: required MGRID fixture unavailable: mgrid_w7x_v2_10mm_grid.nc,3,vmec_family,vmec_indata,wout_netcdf,,,,,,,,
educational_VMEC/coverage/vmec,vmex,failed,Unsupported: required MGRID fixture unavailable: mgrid_w7x_v2_10mm_grid.nc,3,vmec_family,vmec_indata,wout_netcdf,,,,,,,,
educational_VMEC/from_DESC/ARIES-CS,chease,failed,Unsupported: CHEASE requires a 2-D GEQDSK input,3,grad_shafranov,vmec_indata_via_geqdsk,geqdsk,,,,,,,,
educational_VMEC/from_DESC/ARIES-CS,desc,success,,3,vmec_family,vmec_indata,wout_netcdf,0.0937069645607982,0.04054434100086008,4.546696074360859,1.531454637674707,3.0449391119936666,0.6639188640000001,66698.3109,-166184.7596625893
educational_VMEC/from_DESC/ARIES-CS,educational_vmec,success,,3,vmec_family,vmec_indata,wout_netcdf,0.09371168651589312,0.04058255943451555,4.546696071545352,1.5316910895526175,3.0449391172989304,0.6644238504555157,66715.26504541517,-170226.234332847
educational_VMEC/from_DESC/ARIES-CS,freegs,failed,Unsupported: FreeGS is restricted to 2-D Grad-Shafranov cases,3,grad_shafranov,vmec_indata_or_case,geqdsk,,,,,,,,
educational_VMEC/from_DESC/ARIES-CS,gvec,failed,Run failed,3,vmec_family,vmec_indata,gvec_state,,,,,,,,
educational_VMEC/from_DESC/ARIES-CS,jvmec,success,,3,vmec_family,vmec_indata,wout_netcdf,0.0937085979224991,0.0,4.5515625959448185,1.5262624504386615,3.0151928575515483,0.6644238504555157,0.0,-174042.58964939794
educational_VMEC/from_DESC/ARIES-CS,parvmec,success,,3,vmec_family,vmec_indata,wout_netcdf,0.09370855176909892,0.04057870012575922,4.546696071545352,1.5262574330231844,3.0449391172989304,0.6644238504555157,66715.26504541517,-173995.02936522994
educational_VMEC/from_DESC/ARIES-CS,spec,failed,Unsupported: SPEC requires a native .sp input,3,spec_mhd,spec_namelist,spec_hdf5,,,,,,,,
educational_VMEC/from_DESC/ARIES-CS,spectre,failed,Run failed,3,spectre_mhd,vmec_indata_or_spectre_toml,spectre_json,,,,,,,,
educational_VMEC/from_DESC/ARIES-CS,vmec2000,success,,3,vmec_family,vmec_indata,wout_netcdf,0.09370855176909872,0.04057870012575952,4.546696071545352,1.5262574330224585,3.0449391172989304,0.6644238504555157,66715.26504541517,-173995.02936156924
educational_VMEC/from_DESC/ARIES-CS,vmecpp,success,,3,vmec_family,vmec_indata,wout_netcdf,0.09370851360860946,0.04057849657384865,4.546696071545333,1.5262487153669169,3.0449391172989295,0.6644238504555154,66715.26504541517,-173879.18978056623
educational_VMEC/from_DESC/ARIES-CS,vmex,success,,3,vmec_family,vmec_indata,wout_netcdf,0.09370855176909883,0.04057870012575975,4.546696071545331,1.5262574330222751,3.044939117298929,0.6644238504555157,66715.26504541517,-173995.02936207296
educational_VMEC/from_DESC/ATF,chease,failed,Unsupported: CHEASE requires a 2-D GEQDSK input,3,grad_shafranov,vmec_indata_via_geqdsk,geqdsk,,,,,,,,
educational_VMEC/from_DESC/ATF,desc,success,,3,vmec_family,vmec_indata,wout_netcdf,0.7695299840659031,0.08254984902809895,7.474507825058809,2.042957891135024,3.132513987600545,1.0,2000000.0,-1962741.4568074918
educational_VMEC/from_DESC/ATF,educational_vmec,success,,3,vmec_family,vmec_indata,wout_netcdf,0.7735893066834116,0.09386738476895277,7.474507825061962,2.2875107699372297,3.1325139876018637,0.9999999999999999,1999906.9998139995,-2157490.0121705662
educational_VMEC/from_DESC/ATF,freegs,failed,Unsupported: FreeGS is restricted to 2-D Grad-Shafranov cases,3,grad_shafranov,vmec_indata_or_case,geqdsk,,,,,,,,
educational_VMEC/from_DESC/ATF,gvec,success,,3,vmec_family,vmec_indata,gvec_state,,,7.474507825061936,2.28805966757432,3.13251398760186,-1.0,2000000.0,
educational_VMEC/from_DESC/ATF,jvmec,success,,3,vmec_family,vmec_indata,wout_netcdf,0.7735893068969172,0.0,7.109237408034114,2.28751076466483,3.443148929561287,1.0,0.0,-2157490.0261720177
educational_VMEC/from_DESC/ATF,parvmec,success,,3,vmec_family,vmec_indata,wout_netcdf,0.7735819541097915,0.0938591125972927,7.474507825061962,2.288062883743092,3.1325139876018637,0.9999999999999999,1999906.9998139995,-2157377.459156813
educational_VMEC/from_DESC/ATF,spec,failed,Unsupported: SPEC requires a native .sp input,3,spec_mhd,spec_namelist,spec_hdf5,,,,,,,,
educational_VMEC/from_DESC/ATF,spectre,failed,Run failed,3,spectre_mhd,vmec_indata_or_spectre_toml,spectre_json,,,,,,,,
educational_VMEC/from_DESC/ATF,vmec2000,success,,3,vmec_family,vmec_indata,wout_netcdf,0.7735819541097769,0.09385911259726906,7.474507825061962,2.288062883746762,3.1325139876018637,0.9999999999999999,1999906.9998139995,-2157377.4591634762
educational_VMEC/from_DESC/ATF,vmecpp,success,,3,vmec_family,vmec_indata,wout_netcdf,0.7735861637732427,0.09386580932706069,7.474507825061948,2.2881805544636116,3.1325139876018615,1.0,1999906.9998139995,-2157432.178179697
educational_VMEC/from_DESC/ATF,vmex,success,,3,vmec_family,vmec_indata,wout_netcdf,0.7735819541097776,0.09385911259727912,7.474507825061952,2.2880628837378576,3.1325139876018615,1.0,1999906.9998139995,-2157377.459154635
educational_VMEC/from_DESC/AXISYM,chease,failed,Unsupported: CHEASE requires a 2-D GEQDSK input,3,grad_shafranov,vmec_indata_via_geqdsk,geqdsk,,,,,,,,
educational_VMEC/from_DESC/AXISYM,desc,success,,3,vmec_family,vmec_indata,wout_netcdf,0.06608856986274551,0.009953482421913502,3.076860561901915,3.7545885222510313,98.45917350526761,0.28,600.0,-169174.08804624778
educational_VMEC/from_DESC/AXISYM,educational_vmec,success,,3,vmec_family,vmec_indata,wout_netcdf,0.0660885887763364,0.009953392665123956,3.076860561901909,3.754768369003519,98.45917350526746,0.2800000000000001,599.9720999442,-169987.9826261243
educational_VMEC/from_DESC/AXISYM,freegs,failed,Unsupported: FreeGS is restricted to 2-D Grad-Shafranov cases,3,grad_shafranov,vmec_indata_or_case,geqdsk,,,,,,,,
educational_VMEC/from_DESC/AXISYM,gvec,success,,3,vmec_family,vmec_indata,gvec_state,,,3.076860561901921,3.75495576996618,98.4591735052674,-0.28,600.0,
educational_VMEC/from_DESC/AXISYM,jvmec,success,,3,vmec_family,vmec_indata,wout_netcdf,0.06608858877633624,0.0,3.076860561901926,3.754768369002874,98.4591735052678,0.28,0.0,-169987.9826249064
educational_VMEC/from_DESC/AXISYM,parvmec,success,,3,vmec_family,vmec_indata,wout_netcdf,0.06608858877767805,0.00995339268577942,3.076860561901909,3.754768169720467,98.45917350526746,0.2800000000000001,599.9720999442,-169988.97445854888
educational_VMEC/from_DESC/AXISYM,spec,failed,Unsupported: SPEC requires a native .sp input,3,spec_mhd,spec_namelist,spec_hdf5,,,,,,,,
educational_VMEC/from_DESC/AXISYM,spectre,success,,3,spectre_mhd,vmec_indata_or_spectre_toml,spectre_json,,,,,,,,
educational_VMEC/from_DESC/AXISYM,vmec2000,success,,3,vmec_family,vmec_indata,wout_netcdf,0.06608858877767805,0.00995339268577942,3.076860561901909,3.754768169720467,98.45917350526746,0.2800000000000001,599.9720999442,-169988.97445854888
educational_VMEC/from_DESC/AXISYM,vmecpp,success,,3,vmec_family,vmec_indata,wout_netcdf,0.06608858877763027,0.009953392685082996,3.076860561901909,3.7547681747777686,98.45917350526746,0.2800000000000001,599.9720999442,-169988.9784218607
educational_VMEC/from_DESC/AXISYM,vmex,success,,3,vmec_family,vmec_indata,wout_netcdf,0.06608858877767819,0.009953392685779418,3.0768605619019107,3.754768169720528,98.45917350526747,0.2800000000000001,599.9720999442,-169988.97445915142
educational_VMEC/from_DESC/CFQS,chease,failed,Unsupported: CHEASE requires a 2-D GEQDSK input,3,grad_shafranov,vmec_indata_via_geqdsk,geqdsk,,,,,,,,
educational_VMEC/from_DESC/CFQS,desc,success,,3,vmec_family,vmec_indata,wout_netcdf,0.0115686701688079,0.0,4.326344971437572,1.0232642468750832,1.0364122057116878,0.3578901618000006,0.0,-2363.160244979859
educational_VMEC/from_DESC/CFQS,educational_vmec,success,,3,vmec_family,vmec_indata,wout_netcdf,0.011569239307219948,0.0,4.326344971446982,1.0091994487701315,1.0364122056994587,0.3578483179881021,0.0,-2195.473582480813
educational_VMEC/from_DESC/CFQS,freegs,failed,Unsupported: FreeGS is restricted to 2-D Grad-Shafranov cases,3,grad_shafranov,vmec_indata_or_case,geqdsk,,,,,,,,
educational_VMEC/from_DESC/CFQS,gvec,failed,Run failed,3,vmec_family,vmec_indata,gvec_state,,,,,,,,
educational_VMEC/from_DESC/CFQS,jvmec,success,,3,vmec_family,vmec_indata,wout_netcdf,0.011568361978139563,0.0,4.268128268647999,1.0075090927587653,0.9854539646973213,0.3578483179881021,0.0,-4.409350772276126
educational_VMEC/from_DESC/CFQS,parvmec,success,,3,vmec_family,vmec_indata,wout_netcdf,0.01156836197813959,0.0,4.326344971446982,1.0075090927565407,1.0364122056994587,0.3578483179881021,0.0,-4.409352315843577
educational_VMEC/from_DESC/CFQS,spec,failed,Unsupported: SPEC requires a native .sp input,3,spec_mhd,spec_namelist,spec_hdf5,,,,,,,,
educational_VMEC/from_DESC/CFQS,spectre,failed,Run failed,3,spectre_mhd,vmec_indata_or_spectre_toml,spectre_json,,,,,,,,
educational_VMEC/from_DESC/CFQS,vmec2000,success,,3,vmec_family,vmec_indata,wout_netcdf,0.011568361978139544,0.0,4.326344971446982,1.0075090927599613,1.0364122056994587,0.3578483179881021,0.0,-4.409352971923789
educational_VMEC/from_DESC/CFQS,vmecpp,success,,3,vmec_family,vmec_indata,wout_netcdf,0.011568361978200832,0.0,4.326344971447008,1.0075090868933492,1.0364122056994611,0.3578483179881019,0.0,-4.412142823533204
educational_VMEC/from_DESC/CFQS,vmex,success,,3,vmec_family,vmec_indata,wout_netcdf,0.011568361978139614,0.0,4.326344971447021,1.0075090927641848,1.0364122056994618,0.3578483179881021,0.0,-4.409352881355367
educational_VMEC/from_DESC/DSHAPE,chease,failed,Unsupported: CHEASE requires a 2-D GEQDSK input,3,grad_shafranov,vmec_indata_via_geqdsk,geqdsk,,,,,,,,
educational_VMEC/from_DESC/DSHAPE,desc,success,,3,vmec_family,vmec_indata,wout_netcdf,0.06202589749341067,0.02916160493774562,2.92777495051522,3.712918177260912,99.45700630158461,-0.32999999999999996,1600.0,225103.66152472846
educational_VMEC/from_DESC/DSHAPE,educational_vmec,success,,3,vmec_family,vmec_indata,wout_netcdf,0.06202589713851849,0.02916139229608428,2.927774950515221,3.7127083529083467,99.4570063015846,-0.32999999999999996,1599.9815455594005,225217.28795384013
educational_VMEC/from_DESC/DSHAPE,freegs,failed,Unsupported: FreeGS is restricted to 2-D Grad-Shafranov cases,3,grad_shafranov,vmec_indata_or_case,geqdsk,,,,,,,,
educational_VMEC/from_DESC/DSHAPE,gvec,success,,3,vmec_family,vmec_indata,gvec_state,,,2.9277749505152175,3.71287680852683,99.4570063015846,0.33,1600.0,
educational_VMEC/from_DESC/DSHAPE,jvmec,success,,3,vmec_family,vmec_indata,wout_netcdf,0.062025897138518644,0.0,2.927774950515211,3.7127083529083404,99.45700630158423,-0.3300000000000001,0.0,225217.28795287453
educational_VMEC/from_DESC/DSHAPE,parvmec,success,,3,vmec_family,vmec_indata,wout_netcdf,0.062025897138381365,0.029161392293773847,2.927774950515221,3.712708437982522,99.4570063015846,-0.32999999999999996,1599.9815455594005,225217.84902886662
educational_VMEC/from_DESC/DSHAPE,spec,failed,Unsupported: SPEC requires a native .sp input,3,spec_mhd,spec_namelist,spec_hdf5,,,,,,,,
educational_VMEC/from_DESC/DSHAPE,spectre,success,,3,spectre_mhd,vmec_indata_or_spectre_toml,spectre_json,,,,,,,,
educational_VMEC/from_DESC/DSHAPE,vmec2000,success,,3,vmec_family,vmec_indata,wout_netcdf,0.062025897138381365,0.029161392293773847,2.927774950515221,3.712708437982522,99.4570063015846,-0.32999999999999996,1599.9815455594005,225217.84902886662
educational_VMEC/from_DESC/DSHAPE,vmecpp,success,,3,vmec_family,vmec_indata,wout_netcdf,0.06202589713825861,0.02916139229178139,2.927774950515221,3.712708501864152,99.4570063015846,-0.3299999999999999,1599.9815455594005,225217.526572315
educational_VMEC/from_DESC/DSHAPE,vmex,success,,3,vmec_family,vmec_indata,wout_netcdf,0.06202589713838126,0.02916139229377396,2.9277749505152206,3.712708437981921,99.45700630158458,-0.3299999999999999,1599.9815455594005,225217.8490367405
educational_VMEC/from_DESC/ESTELL,chease,failed,Unsupported: CHEASE requires a 2-D GEQDSK input,3,grad_shafranov,vmec_indata_via_geqdsk,geqdsk,,,,,,,,
educational_VMEC/from_DESC/ESTELL,desc,success,,3,vmec_family,vmec_indata,wout_netcdf,0.024203977014643174,0.0,5.292771089479772,1.4317135391257296,1.912887136103198,0.23881711950000004,0.0,-6665.899868661173
educational_VMEC/from_DESC/ESTELL,educational_vmec,success,,3,vmec_family,vmec_indata,wout_netcdf,0.02420412781441353,0.0,5.29277108947987,1.3998037935125225,1.9128871361032083,0.23881017229150175,0.0,-3573.450187045655
educational_VMEC/from_DESC/ESTELL,freegs,failed,Unsupported: FreeGS is restricted to 2-D Grad-Shafranov cases,3,grad_shafranov,vmec_indata_or_case,geqdsk,,,,,,,,
educational_VMEC/from_DESC/ESTELL,gvec,success,,3,vmec_family,vmec_indata,gvec_state,,,5.292771089479817,1.39349862937337,1.91288713610321,-0.2388171195,0.0,
educational_VMEC/from_DESC/ESTELL,jvmec,success,,3,vmec_family,vmec_indata,wout_netcdf,0.024203137092264168,0.0,5.287926936149692,1.3949673038761703,1.9053619255550291,0.23881017229150175,0.0,24.865118252566862
educational_VMEC/from_DESC/ESTELL,parvmec,success,,3,vmec_family,vmec_indata,wout_netcdf,0.024203137092263946,0.0,5.29277108947987,1.3949673038867092,1.9128871361032083,0.23881017229150175,0.0,24.8651183683027
educational_VMEC/from_DESC/ESTELL,spec,failed,Unsupported: SPEC requires a native .sp input,3,spec_mhd,spec_namelist,spec_hdf5,,,,,,,,
educational_VMEC/from_DESC/ESTELL,spectre,failed,Run failed,3,spectre_mhd,vmec_indata_or_spectre_toml,spectre_json,,,,,,,,
educational_VMEC/from_DESC/ESTELL,vmec2000,success,,3,vmec_family,vmec_indata,wout_netcdf,0.024203137092264102,0.0,5.29277108947987,1.3949673038972057,1.9128871361032083,0.23881017229150175,0.0,24.865118369863346
educational_VMEC/from_DESC/ESTELL,vmecpp,success,,3,vmec_family,vmec_indata,wout_netcdf,0.024203137092518943,0.0,5.2927710894798,1.3949673073965894,1.912887136103207,0.23881017229150175,0.0,24.862617457347085
educational_VMEC/from_DESC/ESTELL,vmex,success,,3,vmec_family,vmec_indata,wout_netcdf,0.024203137092264182,0.0,5.292771089479798,1.3949673038874704,1.912887136103208,0.23881017229150175,0.0,24.86511828450997
educational_VMEC/from_DESC/HELIOTRON,chease,failed,Unsupported: CHEASE requires a 2-D GEQDSK input,3,grad_shafranov,vmec_indata_via_geqdsk,geqdsk,,,,,,,,
educational_VMEC/from_DESC/HELIOTRON,desc,success,,3,vmec_family,vmec_indata,wout_netcdf,0.32667619250603586,0.09932867861476143,10.482848366846387,9.993903326931013,179.62680009343865,-2.5,18000.0,763940.3124876434
educational_VMEC/from_DESC/HELIOTRON,educational_vmec,success,,3,vmec_family,vmec_indata,wout_netcdf,0.3271203348885946,0.10261956448881661,10.48284836721912,10.436032219588807,179.62680009982665,-2.5,17999.792387543257,787939.227141754
educational_VMEC/from_DESC/HELIOTRON,freegs,failed,Unsupported: FreeGS is restricted to 2-D Grad-Shafranov cases,3,grad_shafranov,vmec_indata_or_case,geqdsk,,,,,,,,
educational_VMEC/from_DESC/HELIOTRON,gvec,success,,3,vmec_family,vmec_indata,gvec_state,,,10.48284836721919,10.4323786353887,179.626800099826,2.5,18000.0,
educational_VMEC/from_DESC/HELIOTRON,jvmec,success,,3,vmec_family,vmec_indata,wout_netcdf,0.32712033488859116,0.0,10.482848367219203,10.436032219585028,179.6268000998266,-2.5,0.0,787939.2271393285
educational_VMEC/from_DESC/HELIOTRON,parvmec,success,,3,vmec_family,vmec_indata,wout_netcdf,0.32712033868362433,0.10261959298322312,10.48284836721912,10.436059367942276,179.62680009982665,-2.5,17999.792387543257,787939.3104165405
educational_VMEC/from_DESC/HELIOTRON,spec,failed,Unsupported: SPEC requires a native .sp input,3,spec_mhd,spec_namelist,spec_hdf5,,,,,,,,
educational_VMEC/from_DESC/HELIOTRON,spectre,failed,Run failed,3,spectre_mhd,vmec_indata_or_spectre_toml,spectre_json,,,,,,,,
educational_VMEC/from_DESC/HELIOTRON,vmec2000,success,,3,vmec_family,vmec_indata,wout_netcdf,0.32712033868362356,0.10261959298322249,10.48284836721912,10.436059367934314,179.62680009982665,-2.5,17999.792387543257,787939.3104153137
educational_VMEC/from_DESC/HELIOTRON,vmecpp,success,,3,vmec_family,vmec_indata,wout_netcdf,0.32712033669173485,0.1026195880621371,10.482848367219175,10.43602504590682,179.62680009982637,-2.5,17999.792387543257,787939.2999559165
educational_VMEC/from_DESC/HELIOTRON,vmex,success,,3,vmec_family,vmec_indata,wout_netcdf,0.32712033868362383,0.10261959298322172,10.482848367219175,10.436059367930495,179.62680009982648,-2.5,17999.79238754325,787939.3104146931
educational_VMEC/from_DESC/HSX_QHS,chease,failed,Unsupported: CHEASE requires a 2-D GEQDSK input,3,grad_shafranov,vmec_indata_via_geqdsk,geqdsk,,,,,,,,
educational_VMEC/from_DESC/HSX_QHS,desc,failed,Run failed,3,vmec_family,vmec_indata,wout_netcdf,,,,,,,,
educational_VMEC/from_DESC/HSX_QHS,educational_vmec,success,,3,vmec_family,vmec_indata,wout_netcdf,0.004674248322244851,0.0,9.97015245818643,1.2195346099861104,0.3529797734183344,1.2077771811884228,0.0,6.826492631806583e-10
educational_VMEC/from_DESC/HSX_QHS,freegs,failed,Unsupported: FreeGS is restricted to 2-D Grad-Shafranov cases,3,grad_shafranov,vmec_indata_or_case,geqdsk,,,,,,,,
educational_VMEC/from_DESC/HSX_QHS,gvec,success,,3,vmec_family,vmec_indata,gvec_state,,,9.97015245809474,1.22035354614115,0.352979773415084,-1.09891380449125,0.0,
educational_VMEC/from_DESC/HSX_QHS,jvmec,failed,Run failed,3,vmec_family,vmec_indata,wout_netcdf,,,,,,,,
educational_VMEC/from_DESC/HSX_QHS,parvmec,success,,3,vmec_family,vmec_indata,wout_netcdf,0.004520107947504488,0.0,9.97015245818643,1.2203007087774809,0.3529797734183344,1.0987839271792685,0.0,-2.2010151134402992e-10
educational_VMEC/from_DESC/HSX_QHS,spec,failed,Unsupported: SPEC requires a native .sp input,3,spec_mhd,spec_namelist,spec_hdf5,,,,,,,,
educational_VMEC/from_DESC/HSX_QHS,spectre,failed,Run failed,3,spectre_mhd,vmec_indata_or_spectre_toml,spectre_json,,,,,,,,
educational_VMEC/from_DESC/HSX_QHS,vmec2000,success,,3,vmec_family,vmec_indata,wout_netcdf,0.00452010794750441,0.0,9.97015245818643,1.2203007087790738,0.3529797734183344,1.0987839271910784,0.0,2.6611234103888354e-10
educational_VMEC/from_DESC/HSX_QHS,vmecpp,success,,3,vmec_family,vmec_indata,wout_netcdf,0.004520107927647207,0.0,9.9701524581865,1.2203044927368565,0.35297977341833303,1.098817871886151,0.0,2.6368982680973624e-10
educational_VMEC/from_DESC/HSX_QHS,vmex,failed,Run failed,3,vmec_family,vmec_indata,wout_netcdf,,,,,,,,
educational_VMEC/from_DESC/HSX_truncated,chease,failed,Unsupported: CHEASE requires a 2-D GEQDSK input,3,grad_shafranov,vmec_indata_via_geqdsk,geqdsk,,,,,,,,
educational_VMEC/from_DESC/HSX_truncated,desc,success,,3,vmec_family,vmec_indata,wout_netcdf,0.0045192107753079126,0.0,9.969435875633856,1.2248605810116011,0.3530426973568665,1.0624748307194265,0.0,-1.625819182087277e-11
educational_VMEC/from_DESC/HSX_truncated,educational_vmec,success,,3,vmec_family,vmec_indata,wout_netcdf,0.004519214930023646,0.0,9.969435875661599,1.2160266177740748,0.3530426973578372,1.100328286888356,0.0,2.474352645519262e-10
educational_VMEC/from_DESC/HSX_truncated,freegs,failed,Unsupported: FreeGS is restricted to 2-D Grad-Shafranov cases,3,grad_shafranov,vmec_indata_or_case,geqdsk,,,,,,,,
educational_VMEC/from_DESC/HSX_truncated,gvec,success,,3,vmec_family,vmec_indata,gvec_state,,,9.969435875661203,1.22043453887672,0.353042697357835,-1.10026438362439,0.0,
educational_VMEC/from_DESC/HSX_truncated,jvmec,success,,3,vmec_family,vmec_indata,wout_netcdf,0.004519116085291221,0.0,9.890993921000737,1.2200239258637848,0.34905713961350426,1.0991652733354074,0.0,1.5439716562551387e-10
educational_VMEC/from_DESC/HSX_truncated,parvmec,success,,3,vmec_family,vmec_indata,wout_netcdf,0.004519115445344665,0.0,9.9694358756616,1.2201417689914156,0.3530426973578372,1.0989897402289022,0.0,-1.446732273910345e-10
educational_VMEC/from_DESC/HSX_truncated,spec,failed,Unsupported: SPEC requires a native .sp input,3,spec_mhd,spec_namelist,spec_hdf5,,,,,,,,
educational_VMEC/from_DESC/HSX_truncated,spectre,failed,Run failed,3,spectre_mhd,vmec_indata_or_spectre_toml,spectre_json,,,,,,,,
educational_VMEC/from_DESC/HSX_truncated,vmec2000,success,,3,vmec_family,vmec_indata,wout_netcdf,0.004519115445344661,0.0,9.969435875661599,1.2201417689914658,0.3530426973578372,1.0989897402344322,0.0,-6.1663998560113065e-12
educational_VMEC/from_DESC/HSX_truncated,vmecpp,success,,3,vmec_family,vmec_indata,wout_netcdf,0.004519115363720955,0.0,9.969435875661322,1.2201844624820295,0.3530426973578353,1.0988950080689466,0.0,7.785926851161529e-11
educational_VMEC/from_DESC/HSX_truncated,vmex,success,,3,vmec_family,vmec_indata,wout_netcdf,0.004519115445344702,0.0,9.969435875661295,1.2201417689903766,0.3530426973578353,1.098989740238035,0.0,-6.410345344820545e-11
educational_VMEC/from_DESC/NCSX,chease,failed,Unsupported: CHEASE requires a 2-D GEQDSK input,3,grad_shafranov,vmec_indata_via_geqdsk,geqdsk,,,,,,,,
educational_VMEC/from_DESC/NCSX,desc,success,,3,vmec_family,vmec_indata,wout_netcdf,0.09295003072369537,0.040856178672341606,4.469347415346996,1.505265175304827,2.962814133935643,0.6533703610000001,68551.76489999998,-156334.93507726933
educational_VMEC/from_DESC/NCSX,educational_vmec,failed,Run failed,3,vmec_family,vmec_indata,wout_netcdf,,,,,,,,
educational_VMEC/from_DESC/NCSX,freegs,failed,Unsupported: FreeGS is restricted to 2-D Grad-Shafranov cases,3,grad_shafranov,vmec_indata_or_case,geqdsk,,,,,,,,
educational_VMEC/from_DESC/NCSX,gvec,failed,Run failed,3,vmec_family,vmec_indata,gvec_state,,,,,,,,
educational_VMEC/from_DESC/NCSX,jvmec,failed,Run failed,3,vmec_family,vmec_indata,wout_netcdf,,,,,,,,
educational_VMEC/from_DESC/NCSX,parvmec,failed,Run failed,3,vmec_family,vmec_indata,wout_netcdf,,,,,,,,
educational_VMEC/from_DESC/NCSX,spec,failed,Unsupported: SPEC requires a native .sp input,3,spec_mhd,spec_namelist,spec_hdf5,,,,,,,,
educational_VMEC/from_DESC/NCSX,spectre,failed,Run failed,3,spectre_mhd,vmec_indata_or_spectre_toml,spectre_json,,,,,,,,
educational_VMEC/from_DESC/NCSX,vmec2000,failed,Run failed,3,vmec_family,vmec_indata,wout_netcdf,,,,,,,,
educational_VMEC/from_DESC/NCSX,vmecpp,failed,Run failed,3,vmec_family,vmec_indata,wout_netcdf,,,,,,,,
educational_VMEC/from_DESC/NCSX,vmex,failed,Run failed,3,vmec_family,vmec_indata,wout_netcdf,,,,,,,,
educational_VMEC/from_DESC/SOLOVEV,chease,failed,Unsupported: CHEASE requires a 2-D GEQDSK input,3,grad_shafranov,vmec_indata_via_geqdsk,geqdsk,,,,,,,,
educational_VMEC/from_DESC/SOLOVEV,desc,success,,3,vmec_family,vmec_indata,wout_netcdf,0.06455073246886316,3.872268567737332e-06,3.117998343734319,3.9891397684100904,126.87192764523259,1.0,0.125,-440659.5029819724
educational_VMEC/from_DESC/SOLOVEV,educational_vmec,success,,3,vmec_family,vmec_indata,wout_netcdf,0.06455073605918256,3.872271776321908e-06,3.117998343734314,3.989217008055767,126.87192764523253,1.0,0.125,-440659.61797111004
educational_VMEC/from_DESC/SOLOVEV,freegs,failed,Unsupported: FreeGS is restricted to 2-D Grad-Shafranov cases,3,grad_shafranov,vmec_indata_or_case,geqdsk,,,,,,,,
educational_VMEC/from_DESC/SOLOVEV,gvec,success,,3,vmec_family,vmec_indata,gvec_state,,,3.1179983437343104,3.98916690106031,126.871927645233,-1.0,0.125,
educational_VMEC/from_DESC/SOLOVEV,jvmec,success,,3,vmec_family,vmec_indata,wout_netcdf,0.06455073605918257,0.0,3.117998343734327,3.989217008055995,126.87192764523286,1.0,0.0,-440659.6179710825
educational_VMEC/from_DESC/SOLOVEV,parvmec,success,,3,vmec_family,vmec_indata,wout_netcdf,0.06455073605897596,3.872271839786964e-06,3.117998343734314,3.989235360570773,126.87192764523253,1.0,0.125,-440659.62643110164
educational_VMEC/from_DESC/SOLOVEV,spec,failed,Unsupported: SPEC requires a native .sp input,3,spec_mhd,spec_namelist,spec_hdf5,,,,,,,,
educational_VMEC/from_DESC/SOLOVEV,spectre,success,,3,spectre_mhd,vmec_indata_or_spectre_toml,spectre_json,,,,,,,,
educational_VMEC/from_DESC/SOLOVEV,vmec2000,success,,3,vmec_family,vmec_indata,wout_netcdf,0.06455073605897596,3.872271839786964e-06,3.117998343734314,3.989235360570773,126.87192764523253,1.0,0.125,-440659.62643110164
educational_VMEC/from_DESC/SOLOVEV,vmecpp,success,,3,vmec_family,vmec_indata,wout_netcdf,0.06455073605914041,3.872271838207775e-06,3.117998343734314,3.989235430357299,126.87192764523253,1.0,0.125,-440659.6261921544
educational_VMEC/from_DESC/SOLOVEV,vmex,success,,3,vmec_family,vmec_indata,wout_netcdf,0.06455073605897596,3.87227183978697e-06,3.1179983437343157,3.9892353605710236,126.87192764523259,1.0,0.125,-440659.6264309575
educational_VMEC/from_DESC/TOROID,chease,failed,Unsupported: CHEASE requires a 2-D GEQDSK input,3,grad_shafranov,vmec_indata_via_geqdsk,geqdsk,,,,,,,,
educational_VMEC/from_DESC/TOROID,desc,success,,3,vmec_family,vmec_indata,wout_netcdf,0.07381789189770939,0.0,2.999999999999761,2.8818851047129224,59.21762640653138,-0.0,0.0,0.0
educational_VMEC/from_DESC/TOROID,educational_vmec,success,,3,vmec_family,vmec_indata,wout_netcdf,0.07381789421588934,0.0,3.0,2.915206082036522,59.21762640653616,0.0,0.0,-0.0
educational_VMEC/from_DESC/TOROID,freegs,failed,Unsupported: FreeGS is restricted to 2-D Grad-Shafranov cases,3,grad_shafranov,vmec_indata_or_case,geqdsk,,,,,,,,
educational_VMEC/from_DESC/TOROID,gvec,success,,3,vmec_family,vmec_indata,gvec_state,,,3.0,2.99859970088619,59.2176264065362,0.0,0.0,
educational_VMEC/from_DESC/TOROID,jvmec,success,,3,vmec_family,vmec_indata,wout_netcdf,0.0738178942158894,0.0,3.0000000000000413,2.9152060820365193,59.217626406536965,0.0,0.0,-0.0
educational_VMEC/from_DESC/TOROID,parvmec,success,,3,vmec_family,vmec_indata,wout_netcdf,0.0738178959502539,0.0,3.0,2.9217137671935234,59.21762640653616,0.0,0.0,-0.0
educational_VMEC/from_DESC/TOROID,spec,failed,Unsupported: SPEC requires a native .sp input,3,spec_mhd,spec_namelist,spec_hdf5,,,,,,,,
educational_VMEC/from_DESC/TOROID,spectre,failed,Run failed,3,spectre_mhd,vmec_indata_or_spectre_toml,spectre_json,,,,,,,,
educational_VMEC/from_DESC/TOROID,vmec2000,success,,3,vmec_family,vmec_indata,wout_netcdf,0.0738178959502539,0.0,3.0,2.9217137671935234,59.21762640653616,0.0,0.0,-0.0
educational_VMEC/from_DESC/TOROID,vmecpp,success,,3,vmec_family,vmec_indata,wout_netcdf,0.0738178858358222,0.0,3.0,2.935947727746709,59.21762640653616,0.0,0.0,-0.0
educational_VMEC/from_DESC/TOROID,vmex,success,,3,vmec_family,vmec_indata,wout_netcdf,0.07381789595025388,0.0,3.0,2.9217137671680966,59.217626406536155,0.0,0.0,-0.0
educational_VMEC/from_DESC/W7X,chease,failed,Unsupported: CHEASE requires a 2-D GEQDSK input,3,grad_shafranov,vmec_indata_via_geqdsk,geqdsk,,,,,,,,
educational_VMEC/from_DESC/W7X,desc,failed,Run failed,3,vmec_family,vmec_indata,wout_netcdf,,,,,,,,
educational_VMEC/from_DESC/W7X,educational_vmec,failed,Run failed,3,vmec_family,vmec_indata,wout_netcdf,,,,,,,,
educational_VMEC/from_DESC/W7X,freegs,failed,Unsupported: FreeGS is restricted to 2-D Grad-Shafranov cases,3,grad_shafranov,vmec_indata_or_case,geqdsk,,,,,,,,
educational_VMEC/from_DESC/W7X,gvec,failed,Run failed,3,vmec_family,vmec_indata,gvec_state,,,,,,,,
educational_VMEC/from_DESC/W7X,jvmec,failed,Run failed,3,vmec_family,vmec_indata,wout_netcdf,,,,,,,,
educational_VMEC/from_DESC/W7X,parvmec,failed,Run failed,3,vmec_family,vmec_indata,wout_netcdf,,,,,,,,
educational_VMEC/from_DESC/W7X,spec,failed,Unsupported: SPEC requires a native .sp input,3,spec_mhd,spec_namelist,spec_hdf5,,,,,,,,
educational_VMEC/from_DESC/W7X,spectre,failed,Run failed,3,spectre_mhd,vmec_indata_or_spectre_toml,spectre_json,,,,,,,,
educational_VMEC/from_DESC/W7X,vmec2000,failed,Run failed,3,vmec_family,vmec_indata,wout_netcdf,,,,,,,,
educational_VMEC/from_DESC/W7X,vmecpp,failed,Run failed,3,vmec_family,vmec_indata,wout_netcdf,,,,,,,,
educational_VMEC/from_DESC/W7X,vmex,failed,Run failed,3,vmec_family,vmec_indata,wout_netcdf,,,,,,,,
educational_VMEC/from_DESC/WISTELL-A,chease,failed,Unsupported: CHEASE requires a 2-D GEQDSK input,3,grad_shafranov,vmec_indata_via_geqdsk,geqdsk,,,,,,,,
educational_VMEC/from_DESC/WISTELL-A,desc,success,,3,vmec_family,vmec_indata,wout_netcdf,0.29720327018090653,0.0,6.674578108749747,2.0493855862040187,3.6465509924096517,1.09917736139,0.0,-2854.823036088846
educational_VMEC/from_DESC/WISTELL-A,educational_vmec,success,,3,vmec_family,vmec_indata,wout_netcdf,0.2972034583650095,0.0,6.6745781087497935,2.049210314693683,3.6465509924096478,1.0990898828916227,0.0,-37.7728175889863
educational_VMEC/from_DESC/WISTELL-A,freegs,failed,Unsupported: FreeGS is restricted to 2-D Grad-Shafranov cases,3,grad_shafranov,vmec_indata_or_case,geqdsk,,,,,,,,
educational_VMEC/from_DESC/WISTELL-A,gvec,success,,3,vmec_family,vmec_indata,gvec_state,,,6.674578108749776,2.04939272924284,3.64655099240965,-1.09917736139,0.0,
educational_VMEC/from_DESC/WISTELL-A,jvmec,success,,3,vmec_family,vmec_indata,wout_netcdf,0.29720345715098107,0.0,6.633286219586032,2.049251585454123,3.6165690501439633,1.0990898828916227,0.0,-41.83686741207626
educational_VMEC/from_DESC/WISTELL-A,parvmec,success,,3,vmec_family,vmec_indata,wout_netcdf,0.29720346177058865,0.0,6.6745781087497935,2.049086653926469,3.6465509924096478,1.0990898828916227,0.0,-84.62540661261951
educational_VMEC/from_DESC/WISTELL-A,spec,failed,Unsupported: SPEC requires a native .sp input,3,spec_mhd,spec_namelist,spec_hdf5,,,,,,,,
educational_VMEC/from_DESC/WISTELL-A,spectre,failed,Run failed,3,spectre_mhd,vmec_indata_or_spectre_toml,spectre_json,,,,,,,,
educational_VMEC/from_DESC/WISTELL-A,vmec2000,success,,3,vmec_family,vmec_indata,wout_netcdf,0.2972034617705855,0.0,6.6745781087497935,2.049086653917972,3.6465509924096478,1.0990898828916227,0.0,-84.62540559188842
educational_VMEC/from_DESC/WISTELL-A,vmecpp,success,,3,vmec_family,vmec_indata,wout_netcdf,0.3078050653198585,0.0,6.6745781087497305,2.0335686596452502,3.6465509924096478,1.0990898828916227,0.0,-220465.02364740678
educational_VMEC/from_DESC/WISTELL-A,vmex,failed,Run failed,3,vmec_family,vmec_indata,wout_netcdf,,,,,,,,
educational_VMEC/from_MattLandreman_vmec_equilibria/ARIES-CS/n3are_R7.75B5.7/n3are_R7.75B5.7,chease,failed,Unsupported: CHEASE requires a 2-D GEQDSK input,3,grad_shafranov,vmec_indata_via_geqdsk,geqdsk,,,,,,,,
educational_VMEC/from_MattLandreman_vmec_equilibria/ARIES-CS/n3are_R7.75B5.7/n3are_R7.75B5.7,desc,success,,3,vmec_family,vmec_indata,wout_netcdf,193.60937363908556,0.04068389041375216,4.546696060004461,8.229200763921765,444.385923765704,0.3126465512534934,944067.5,3451527.6340000024
educational_VMEC/from_MattLandreman_vmec_equilibria/ARIES-CS/n3are_R7.75B5.7/n3are_R7.75B5.7,educational_vmec,success,,3,vmec_family,vmec_indata,wout_netcdf,193.58204491820243,0.04058193735004692,4.546696071545326,8.064480385890556,444.3859207659195,0.6686756794767361,944307.4731321875,-3455915.3403704693
educational_VMEC/from_MattLandreman_vmec_equilibria/ARIES-CS/n3are_R7.75B5.7/n3are_R7.75B5.7,freegs,failed,Unsupported: FreeGS is restricted to 2-D Grad-Shafranov cases,3,grad_shafranov,vmec_indata_or_case,geqdsk,,,,,,,,
educational_VMEC/from_MattLandreman_vmec_equilibria/ARIES-CS/n3are_R7.75B5.7/n3are_R7.75B5.7,gvec,failed,Run failed,3,vmec_family,vmec_indata,gvec_state,,,,,,,,
educational_VMEC/from_MattLandreman_vmec_equilibria/ARIES-CS/n3are_R7.75B5.7/n3are_R7.75B5.7,jvmec,failed,Run failed,3,vmec_family,vmec_indata,wout_netcdf,,,,,,,,
educational_VMEC/from_MattLandreman_vmec_equilibria/ARIES-CS/n3are_R7.75B5.7/n3are_R7.75B5.7,parvmec,success,,3,vmec_family,vmec_indata,wout_netcdf,193.5749518353004,0.040578688975667396,4.546696071545326,8.035656799655824,444.3859207659195,0.6651521221745709,944307.4731321875,-3455915.340370471
educational_VMEC/from_MattLandreman_vmec_equilibria/ARIES-CS/n3are_R7.75B5.7/n3are_R7.75B5.7,spec,failed,Unsupported: SPEC requires a native .sp input,3,spec_mhd,spec_namelist,spec_hdf5,,,,,,,,
educational_VMEC/from_MattLandreman_vmec_equilibria/ARIES-CS/n3are_R7.75B5.7/n3are_R7.75B5.7,spectre,failed,Run failed,3,spectre_mhd,vmec_indata_or_spectre_toml,spectre_json,,,,,,,,
educational_VMEC/from_MattLandreman_vmec_equilibria/ARIES-CS/n3are_R7.75B5.7/n3are_R7.75B5.7,vmec2000,success,,3,vmec_family,vmec_indata,wout_netcdf,193.5749518353,0.04057868897566772,4.546696071545326,8.035656799660153,444.3859207659195,0.6651521221746097,944307.4731321875,-3455915.3403704623
educational_VMEC/from_MattLandreman_vmec_equilibria/ARIES-CS/n3are_R7.75B5.7/n3are_R7.75B5.7,vmecpp,success,,3,vmec_family,vmec_indata,wout_netcdf,193.57486549161482,0.04057848582618559,4.546696071545332,8.035612978349683,444.3859207659184,0.6653142974258689,944307.4731321875,-3455915.3403708586
educational_VMEC/from_MattLandreman_vmec_equilibria/ARIES-CS/n3are_R7.75B5.7/n3are_R7.75B5.7,vmex,success,,3,vmec_family,vmec_indata,wout_netcdf,193.57495183531105,0.04057868897566339,4.546696071545322,8.03565679965649,444.3859207659185,0.665152122152171,944307.4731321875,-3455915.3403704814
educational_VMEC/from_MattLandreman_vmec_equilibria/ARIES-CS/n3are_R7.75B5.7_hires/n3are_R7.75B5.7_hires,chease,failed,Unsupported: CHEASE requires a 2-D GEQDSK input,3,grad_shafranov,vmec_indata_via_geqdsk,geqdsk,,,,,,,,
educational_VMEC/from_MattLandreman_vmec_equilibria/ARIES-CS/n3are_R7.75B5.7_hires/n3are_R7.75B5.7_hires,desc,failed,Run failed,3,vmec_family,vmec_indata,wout_netcdf,,,,,,,,
educational_VMEC/from_MattLandreman_vmec_equilibria/ARIES-CS/n3are_R7.75B5.7_hires/n3are_R7.75B5.7_hires,educational_vmec,failed,Run failed,3,vmec_family,vmec_indata,wout_netcdf,,,,,,,,
educational_VMEC/from_MattLandreman_vmec_equilibria/ARIES-CS/n3are_R7.75B5.7_hires/n3are_R7.75B5.7_hires,freegs,failed,Unsupported: FreeGS is restricted to 2-D Grad-Shafranov cases,3,grad_shafranov,vmec_indata_or_case,geqdsk,,,,,,,,
educational_VMEC/from_MattLandreman_vmec_equilibria/ARIES-CS/n3are_R7.75B5.7_hires/n3are_R7.75B5.7_hires,gvec,failed,Run failed,3,vmec_family,vmec_indata,gvec_state,,,,,,,,
educational_VMEC/from_MattLandreman_vmec_equilibria/ARIES-CS/n3are_R7.75B5.7_hires/n3are_R7.75B5.7_hires,jvmec,failed,Run failed,3,vmec_family,vmec_indata,wout_netcdf,,,,,,,,
educational_VMEC/from_MattLandreman_vmec_equilibria/ARIES-CS/n3are_R7.75B5.7_hires/n3are_R7.75B5.7_hires,parvmec,success,,3,vmec_family,vmec_indata,wout_netcdf,193.57340628293122,0.04057845008707885,4.546696071545344,8.026316195353758,444.38592076591885,0.6650210691990043,944078.0221770849,-3451720.306928898
educational_VMEC/from_MattLandreman_vmec_equilibria/ARIES-CS/n3are_R7.75B5.7_hires/n3are_R7.75B5.7_hires,spec,failed,Unsupported: SPEC requires a native .sp input,3,spec_mhd,spec_namelist,spec_hdf5,,,,,,,,
educational_VMEC/from_MattLandreman_vmec_equilibria/ARIES-CS/n3are_R7.75B5.7_hires/n3are_R7.75B5.7_hires,spectre,failed,Run failed,3,spectre_mhd,vmec_indata_or_spectre_toml,spectre_json,,,,,,,,
educational_VMEC/from_MattLandreman_vmec_equilibria/ARIES-CS/n3are_R7.75B5.7_hires/n3are_R7.75B5.7_hires,vmec2000,success,,3,vmec_family,vmec_indata,wout_netcdf,193.57340628293252,0.04057845008708161,4.546696071545344,8.026316195322737,444.38592076591885,0.6650210692169121,944078.0221770849,-3451720.3069288824
educational_VMEC/from_MattLandreman_vmec_equilibria/ARIES-CS/n3are_R7.75B5.7_hires/n3are_R7.75B5.7_hires,vmecpp,success,,3,vmec_family,vmec_indata,wout_netcdf,193.57340763512633,0.04057845169060072,4.54669607154533,8.026336410653375,444.3859207659184,0.6650315156523017,944078.0221770849,-3451720.306929058
educational_VMEC/from_MattLandreman_vmec_equilibria/ARIES-CS/n3are_R7.75B5.7_hires/n3are_R7.75B5.7_hires,vmex,success,,3,vmec_family,vmec_indata,wout_netcdf,193.57340628293042,0.04057845008707795,4.546696071545331,8.026316195315394,444.3859207659185,0.6650210691942309,944078.0221770849,-3451720.306929045
educational_VMEC/from_MattLandreman_vmec_equilibria/ESTELL/ns201/estell_24_scaled,chease,failed,Unsupported: CHEASE requires a 2-D GEQDSK input,3,grad_shafranov,vmec_indata_via_geqdsk,geqdsk,,,,,,,,
educational_VMEC/from_MattLandreman_vmec_equilibria/ESTELL/ns201/estell_24_scaled,desc,success,,3,vmec_family,vmec_indata,wout_netcdf,0.02420316712202434,0.0,5.292771089479811,1.4093087013877366,1.912887136103212,0.23053033165186362,0.0,-8.89806444250469e-12
educational_VMEC/from_MattLandreman_vmec_equilibria/ESTELL/ns201/estell_24_scaled,educational_vmec,success,,3,vmec_family,vmec_indata,wout_netcdf,0.024203083225502922,0.0,5.292771089479838,1.3937095176873928,1.9128871361032151,0.24048766688180612,0.0,1.178053423041281e-10
educational_VMEC/from_MattLandreman_vmec_equilibria/ESTELL/ns201/estell_24_scaled,freegs,failed,Unsupported: FreeGS is restricted to 2-D Grad-Shafranov cases,3,grad_shafranov,vmec_indata_or_case,geqdsk,,,,,,,,
educational_VMEC/from_MattLandreman_vmec_equilibria/ESTELL/ns201/estell_24_scaled,gvec,failed,Unsupported: missing required VMEC field: 'curtor',3,vmec_family,vmec_indata,gvec_state,,,,,,,,
educational_VMEC/from_MattLandreman_vmec_equilibria/ESTELL/ns201/estell_24_scaled,jvmec,failed,Run failed,3,vmec_family,vmec_indata,wout_netcdf,,,,,,,,
educational_VMEC/from_MattLandreman_vmec_equilibria/ESTELL/ns201/estell_24_scaled,parvmec,success,,3,vmec_family,vmec_indata,wout_netcdf,0.02420308322548379,0.0,5.292771089479838,1.3937095178434613,1.9128871361032151,0.2404876676294855,0.0,-1.723881454251952e-10
educational_VMEC/from_MattLandreman_vmec_equilibria/ESTELL/ns201/estell_24_scaled,spec,failed,Unsupported: SPEC requires a native .sp input,3,spec_mhd,spec_namelist,spec_hdf5,,,,,,,,
educational_VMEC/from_MattLandreman_vmec_equilibria/ESTELL/ns201/estell_24_scaled,spectre,failed,Run failed,3,spectre_mhd,vmec_indata_or_spectre_toml,spectre_json,,,,,,,,
educational_VMEC/from_MattLandreman_vmec_equilibria/ESTELL/ns201/estell_24_scaled,vmec2000,success,,3,vmec_family,vmec_indata,wout_netcdf,0.024203083225483608,0.0,5.292771089479838,1.3937095178302852,1.9128871361032151,0.24048766763355936,0.0,3.733721231496956e-11
educational_VMEC/from_MattLandreman_vmec_equilibria/ESTELL/ns201/estell_24_scaled,vmecpp,success,,3,vmec_family,vmec_indata,wout_netcdf,0.024203083225503165,0.0,5.292771089479801,1.3937095176888565,1.912887136103208,0.2404876668781722,0.0,4.916179225863959e-11
educational_VMEC/from_MattLandreman_vmec_equilibria/ESTELL/ns201/estell_24_scaled,vmex,success,,3,vmec_family,vmec_indata,wout_netcdf,0.024203083225483625,0.0,5.2927710894798015,1.3937095178636398,1.9128871361032074,0.2404876676261717,0.0,5.709002064493984e-11
educational_VMEC/from_MattLandreman_vmec_equilibria/ESTELL/original/estell_24_scaled,chease,failed,Unsupported: CHEASE requires a 2-D GEQDSK input,3,grad_shafranov,vmec_indata_via_geqdsk,geqdsk,,,,,,,,
educational_VMEC/from_MattLandreman_vmec_equilibria/ESTELL/original/estell_24_scaled,desc,success,,3,vmec_family,vmec_indata,wout_netcdf,0.024203779885730047,0.0,5.29277108947981,1.4273195140672694,1.9128871361032118,0.22013548917343756,0.0,1.7356718295256065e-11
educational_VMEC/from_MattLandreman_vmec_equilibria/ESTELL/original/estell_24_scaled,educational_vmec,success,,3,vmec_family,vmec_indata,wout_netcdf,0.02420413260863032,0.0,5.29277108947987,1.3997939027950943,1.9128871361032083,0.22679758462590882,0.0,-1.4548637902039863e-10
educational_VMEC/from_MattLandreman_vmec_equilibria/ESTELL/original/estell_24_scaled,freegs,failed,Unsupported: FreeGS is restricted to 2-D Grad-Shafranov cases,3,grad_shafranov,vmec_indata_or_case,geqdsk,,,,,,,,
educational_VMEC/from_MattLandreman_vmec_equilibria/ESTELL/original/estell_24_scaled,gvec,failed,Unsupported: missing required VMEC field: 'curtor',3,vmec_family,vmec_indata,gvec_state,,,,,,,,
educational_VMEC/from_MattLandreman_vmec_equilibria/ESTELL/original/estell_24_scaled,jvmec,success,,3,vmec_family,vmec_indata,wout_netcdf,0.024203137077070308,0.0,5.287926936149692,1.3949672244752362,1.9053619255550291,0.23892508527496664,0.0,1.8973538018496328e-11
educational_VMEC/from_MattLandreman_vmec_equilibria/ESTELL/original/estell_24_scaled,parvmec,success,,3,vmec_family,vmec_indata,wout_netcdf,0.024203137077070284,0.0,5.29277108947987,1.394967224470317,1.9128871361032083,0.2389250852742237,0.0,-7.189615656294501e-11
educational_VMEC/from_MattLandreman_vmec_equilibria/ESTELL/original/estell_24_scaled,spec,failed,Unsupported: SPEC requires a native .sp input,3,spec_mhd,spec_namelist,spec_hdf5,,,,,,,,
educational_VMEC/from_MattLandreman_vmec_equilibria/ESTELL/original/estell_24_scaled,spectre,failed,Run failed,3,spectre_mhd,vmec_indata_or_spectre_toml,spectre_json,,,,,,,,
educational_VMEC/from_MattLandreman_vmec_equilibria/ESTELL/original/estell_24_scaled,vmec2000,success,,3,vmec_family,vmec_indata,wout_netcdf,0.024203137077070464,0.0,5.29277108947987,1.3949672244761335,1.9128871361032083,0.2389250852749793,0.0,1.6151224238245e-10
educational_VMEC/from_MattLandreman_vmec_equilibria/ESTELL/original/estell_24_scaled,vmecpp,success,,3,vmec_family,vmec_indata,wout_netcdf,0.02420313707890588,0.0,5.2927710894798,1.3949673016448125,1.912887136103207,0.2389250650088048,0.0,-3.3576386029160465e-11
educational_VMEC/from_MattLandreman_vmec_equilibria/ESTELL/original/estell_24_scaled,vmex,success,,3,vmec_family,vmec_indata,wout_netcdf,0.02420313707707027,0.0,5.292771089479798,1.394967224471711,1.912887136103208,0.23892508527492268,0.0,-5.797093491008431e-11
educational_VMEC/from_MattLandreman_vmec_equilibria/Garabedian/QAS2_highFourierResolution/GarabedianQAS2,chease,failed,Unsupported: CHEASE requires a 2-D GEQDSK input,3,grad_shafranov,vmec_indata_via_geqdsk,geqdsk,,,,,,,,
educational_VMEC/from_MattLandreman_vmec_equilibria/Garabedian/QAS2_highFourierResolution/GarabedianQAS2,desc,failed,Run failed,3,vmec_family,vmec_indata,wout_netcdf,,,,,,,,
educational_VMEC/from_MattLandreman_vmec_equilibria/Garabedian/QAS2_highFourierResolution/GarabedianQAS2,educational_vmec,success,,3,vmec_family,vmec_indata,wout_netcdf,1.1894285761319432,0.030238941910517816,2.5973560119315455,2.1961738896089127,27.451596969618524,0.3916925925925926,68256.12008843565,-443959.3817323222
educational_VMEC/from_MattLandreman_vmec_equilibria/Garabedian/QAS2_highFourierResolution/GarabedianQAS2,freegs,failed,Unsupported: FreeGS is restricted to 2-D Grad-Shafranov cases,3,grad_shafranov,vmec_indata_or_case,geqdsk,,,,,,,,
educational_VMEC/from_MattLandreman_vmec_equilibria/Garabedian/QAS2_highFourierResolution/GarabedianQAS2,gvec,success,,3,vmec_family,vmec_indata,gvec_state,,,2.5973560119315575,2.17860034478333,27.4515969696185,-0.3916,68242.2341329523,
educational_VMEC/from_MattLandreman_vmec_equilibria/Garabedian/QAS2_highFourierResolution/GarabedianQAS2,jvmec,success,,3,vmec_family,vmec_indata,wout_netcdf,1.1894027278188242,0.0,2.5971922046017486,2.1832040442941745,27.4525747721495,0.3916925925925926,0.0,-459053.36008619436
educational_VMEC/from_MattLandreman_vmec_equilibria/Garabedian/QAS2_highFourierResolution/GarabedianQAS2,parvmec,success,,3,vmec_family,vmec_indata,wout_netcdf,1.189402437934582,0.030228202699742086,2.5973560119315455,2.1833100899621587,27.451596969618524,0.3916925925925926,68256.12008843565,-459089.6949389969
educational_VMEC/from_MattLandreman_vmec_equilibria/Garabedian/QAS2_highFourierResolution/GarabedianQAS2,spec,failed,Unsupported: SPEC requires a native .sp input,3,spec_mhd,spec_namelist,spec_hdf5,,,,,,,,
educational_VMEC/from_MattLandreman_vmec_equilibria/Garabedian/QAS2_highFourierResolution/GarabedianQAS2,spectre,failed,Run failed,3,spectre_mhd,vmec_indata_or_spectre_toml,spectre_json,,,,,,,,
educational_VMEC/from_MattLandreman_vmec_equilibria/Garabedian/QAS2_highFourierResolution/GarabedianQAS2,vmec2000,success,,3,vmec_family,vmec_indata,wout_netcdf,1.1894024379345751,0.030228202699739175,2.5973560119315455,2.1833100899609557,27.451596969618524,0.3916925925925926,68256.12008843565,-459089.6949403477
educational_VMEC/from_MattLandreman_vmec_equilibria/Garabedian/QAS2_highFourierResolution/GarabedianQAS2,vmecpp,failed,Run failed,3,vmec_family,vmec_indata,wout_netcdf,,,,,,,,
educational_VMEC/from_MattLandreman_vmec_equilibria/Garabedian/QAS2_highFourierResolution/GarabedianQAS2,vmex,success,,3,vmec_family,vmec_indata,wout_netcdf,1.1894024379345718,0.030228202699736147,2.597356011931547,2.1833100899623408,27.45159696961854,0.3916925925925926,68256.12008843565,-459089.69494088966
educational_VMEC/from_MattLandreman_vmec_equilibria/Garabedian/QAS2_typicalResolution/GarabedianQAS2,chease,failed,Unsupported: CHEASE requires a 2-D GEQDSK input,3,grad_shafranov,vmec_indata_via_geqdsk,geqdsk,,,,,,,,
educational_VMEC/from_MattLandreman_vmec_equilibria/Garabedian/QAS2_typicalResolution/GarabedianQAS2,desc,failed,Run failed,3,vmec_family,vmec_indata,wout_netcdf,,,,,,,,
educational_VMEC/from_MattLandreman_vmec_equilibria/Garabedian/QAS2_typicalResolution/GarabedianQAS2,educational_vmec,success,,3,vmec_family,vmec_indata,wout_netcdf,1.1894026573937337,0.03022899217325925,2.5973560119315495,2.181002597386624,27.45159696961851,0.39163675,68247.61750679453,-458704.2845954628
educational_VMEC/from_MattLandreman_vmec_equilibria/Garabedian/QAS2_typicalResolution/GarabedianQAS2,freegs,failed,Unsupported: FreeGS is restricted to 2-D Grad-Shafranov cases,3,grad_shafranov,vmec_indata_or_case,geqdsk,,,,,,,,
educational_VMEC/from_MattLandreman_vmec_equilibria/Garabedian/QAS2_typicalResolution/GarabedianQAS2,gvec,success,,3,vmec_family,vmec_indata,gvec_state,,,2.5973560119315415,2.17850878983065,27.4515969696185,-0.3916,68242.2341329523,
educational_VMEC/from_MattLandreman_vmec_equilibria/Garabedian/QAS2_typicalResolution/GarabedianQAS2,jvmec,success,,3,vmec_family,vmec_indata,wout_netcdf,1.1894026573910377,0.0,2.597192204601782,2.1810025955963375,27.45257477214982,0.39163675,0.0,-458704.28424795927
educational_VMEC/from_MattLandreman_vmec_equilibria/Garabedian/QAS2_typicalResolution/GarabedianQAS2,parvmec,success,,3,vmec_family,vmec_indata,wout_netcdf,1.1894026139517975,0.030228963417068502,2.5973560119315495,2.1810246394410173,27.45159696961851,0.39163675,68247.61750679453,-458696.79771054775
educational_VMEC/from_MattLandreman_vmec_equilibria/Garabedian/QAS2_typicalResolution/GarabedianQAS2,spec,failed,Unsupported: SPEC requires a native .sp input,3,spec_mhd,spec_namelist,spec_hdf5,,,,,,,,
educational_VMEC/from_MattLandreman_vmec_equilibria/Garabedian/QAS2_typicalResolution/GarabedianQAS2,spectre,failed,Run failed,3,spectre_mhd,vmec_indata_or_spectre_toml,spectre_json,,,,,,,,
educational_VMEC/from_MattLandreman_vmec_equilibria/Garabedian/QAS2_typicalResolution/GarabedianQAS2,vmec2000,success,,3,vmec_family,vmec_indata,wout_netcdf,1.1894026139518574,0.030228963417106274,2.5973560119315495,2.1810246394211994,27.45159696961851,0.39163675,68247.61750679453,-458696.7977085572
educational_VMEC/from_MattLandreman_vmec_equilibria/Garabedian/QAS2_typicalResolution/GarabedianQAS2,vmecpp,failed,Run failed,3,vmec_family,vmec_indata,wout_netcdf,,,,,,,,
educational_VMEC/from_MattLandreman_vmec_equilibria/Garabedian/QAS2_typicalResolution/GarabedianQAS2,vmex,success,,3,vmec_family,vmec_indata,wout_netcdf,1.1894026139518388,0.030228963417089652,2.597356011931545,2.1810246394308392,27.451596969618542,0.3916367500000001,68247.61750679453,-458696.79770938243
educational_VMEC/from_MattLandreman_vmec_equilibria/HSX/filtered_to_remove_modular_ripple/hsxt,chease,failed,Unsupported: CHEASE requires a 2-D GEQDSK input,3,grad_shafranov,vmec_indata_via_geqdsk,geqdsk,,,,,,,,
educational_VMEC/from_MattLandreman_vmec_equilibria/HSX/filtered_to_remove_modular_ripple/hsxt,desc,success,,3,vmec_family,vmec_indata,wout_netcdf,0.0045192107753079126,0.0,9.969435875633856,1.2248605810116011,0.3530426973568665,1.0624748307194265,0.0,-1.625819182087277e-11
educational_VMEC/from_MattLandreman_vmec_equilibria/HSX/filtered_to_remove_modular_ripple/hsxt,educational_vmec,success,,3,vmec_family,vmec_indata,wout_netcdf,0.004519214930023646,0.0,9.969435875661599,1.2160266177740748,0.3530426973578372,1.100328286888356,0.0,2.474352645519262e-10
educational_VMEC/from_MattLandreman_vmec_equilibria/HSX/filtered_to_remove_modular_ripple/hsxt,freegs,failed,Unsupported: FreeGS is restricted to 2-D Grad-Shafranov cases,3,grad_shafranov,vmec_indata_or_case,geqdsk,,,,,,,,
educational_VMEC/from_MattLandreman_vmec_equilibria/HSX/filtered_to_remove_modular_ripple/hsxt,gvec,success,,3,vmec_family,vmec_indata,gvec_state,,,9.969435875661203,1.22043120237589,0.353042697357835,-1.10029362978727,0.0,
educational_VMEC/from_MattLandreman_vmec_equilibria/HSX/filtered_to_remove_modular_ripple/hsxt,jvmec,success,,3,vmec_family,vmec_indata,wout_netcdf,0.004519116085291221,0.0,9.890993921000737,1.2200239258637848,0.34905713961350426,1.0991652733354074,0.0,1.5439716562551387e-10
educational_VMEC/from_MattLandreman_vmec_equilibria/HSX/filtered_to_remove_modular_ripple/hsxt,parvmec,success,,3,vmec_family,vmec_indata,wout_netcdf,0.004519115445344665,0.0,9.9694358756616,1.2201417689914156,0.3530426973578372,1.0989897402289022,0.0,-1.446732273910345e-10
educational_VMEC/from_MattLandreman_vmec_equilibria/HSX/filtered_to_remove_modular_ripple/hsxt,spec,failed,Unsupported: SPEC requires a native .sp input,3,spec_mhd,spec_namelist,spec_hdf5,,,,,,,,
educational_VMEC/from_MattLandreman_vmec_equilibria/HSX/filtered_to_remove_modular_ripple/hsxt,spectre,failed,Run failed,3,spectre_mhd,vmec_indata_or_spectre_toml,spectre_json,,,,,,,,
educational_VMEC/from_MattLandreman_vmec_equilibria/HSX/filtered_to_remove_modular_ripple/hsxt,vmec2000,success,,3,vmec_family,vmec_indata,wout_netcdf,0.004519115445344661,0.0,9.969435875661599,1.2201417689914658,0.3530426973578372,1.0989897402344322,0.0,-6.1663998560113065e-12
educational_VMEC/from_MattLandreman_vmec_equilibria/HSX/filtered_to_remove_modular_ripple/hsxt,vmecpp,success,,3,vmec_family,vmec_indata,wout_netcdf,0.004519115363720955,0.0,9.969435875661322,1.2201844624820295,0.3530426973578353,1.0988950080689466,0.0,7.785926851161529e-11
educational_VMEC/from_MattLandreman_vmec_equilibria/HSX/filtered_to_remove_modular_ripple/hsxt,vmex,success,,3,vmec_family,vmec_indata,wout_netcdf,0.004519115445344702,0.0,9.969435875661295,1.2201417689903766,0.3530426973578353,1.098989740238035,0.0,-6.410345344820545e-11
educational_VMEC/from_MattLandreman_vmec_equilibria/HSX/free_boundary/HSX,chease,failed,Unsupported: CHEASE requires a 2-D GEQDSK input,3,grad_shafranov,vmec_indata_via_geqdsk,geqdsk,,,,,,,,
educational_VMEC/from_MattLandreman_vmec_equilibria/HSX/free_boundary/HSX,desc,success,,3,vmec_family,vmec_indata,wout_netcdf,0.004476730167516796,0.0,9.92099247488803,1.2183509978733937,0.35637022100203986,1.1046748072369263,0.0,4.1963711321441875e-11
educational_VMEC/from_MattLandreman_vmec_equilibria/HSX/free_boundary/HSX,educational_vmec,failed,Unsupported: required MGRID fixture unavailable: mgrid_hsx_complete.nc,3,vmec_family,vmec_indata,wout_netcdf,,,,,,,,
educational_VMEC/from_MattLandreman_vmec_equilibria/HSX/free_boundary/HSX,freegs,failed,Unsupported: FreeGS is restricted to 2-D Grad-Shafranov cases,3,grad_shafranov,vmec_indata_or_case,geqdsk,,,,,,,,
educational_VMEC/from_MattLandreman_vmec_equilibria/HSX/free_boundary/HSX,gvec,failed,Unsupported: required MGRID fixture unavailable: mgrid_hsx_complete.nc,3,vmec_family,vmec_indata,gvec_state,,,,,,,,
educational_VMEC/from_MattLandreman_vmec_equilibria/HSX/free_boundary/HSX,jvmec,failed,Unsupported: required MGRID fixture unavailable: mgrid_hsx_complete.nc,3,vmec_family,vmec_indata,wout_netcdf,,,,,,,,
educational_VMEC/from_MattLandreman_vmec_equilibria/HSX/free_boundary/HSX,parvmec,failed,Unsupported: required MGRID fixture unavailable: mgrid_hsx_complete.nc,3,vmec_family,vmec_indata,wout_netcdf,,,,,,,,
educational_VMEC/from_MattLandreman_vmec_equilibria/HSX/free_boundary/HSX,spec,failed,Unsupported: SPEC requires a native .sp input,3,spec_mhd,spec_namelist,spec_hdf5,,,,,,,,
educational_VMEC/from_MattLandreman_vmec_equilibria/HSX/free_boundary/HSX,spectre,failed,Unsupported: required MGRID fixture unavailable: mgrid_hsx_complete.nc,3,spectre_mhd,vmec_indata_or_spectre_toml,spectre_json,,,,,,,,
educational_VMEC/from_MattLandreman_vmec_equilibria/HSX/free_boundary/HSX,vmec2000,failed,Unsupported: required MGRID fixture unavailable: mgrid_hsx_complete.nc,3,vmec_family,vmec_indata,wout_netcdf,,,,,,,,
educational_VMEC/from_MattLandreman_vmec_equilibria/HSX/free_boundary/HSX,vmecpp,failed,Unsupported: required MGRID fixture unavailable: mgrid_hsx_complete.nc,3,vmec_family,vmec_indata,wout_netcdf,,,,,,,,
educational_VMEC/from_MattLandreman_vmec_equilibria/HSX/free_boundary/HSX,vmex,failed,Unsupported: required MGRID fixture unavailable: mgrid_hsx_complete.nc,3,vmec_family,vmec_indata,wout_netcdf,,,,,,,,
educational_VMEC/from_MattLandreman_vmec_equilibria/ITER/hybridAxisymmFixedBoundaryNs201/ITER_hybridAxisymmFixedBoundaryNs201,chease,failed,Unsupported: CHEASE requires a 2-D GEQDSK input,3,grad_shafranov,vmec_indata_via_geqdsk,geqdsk,,,,,,,,
educational_VMEC/from_MattLandreman_vmec_equilibria/ITER/hybridAxisymmFixedBoundaryNs201/ITER_hybridAxisymmFixedBoundaryNs201,desc,success,,3,vmec_family,vmec_indata,wout_netcdf,345.4221947858698,0.016377785994787397,2.443808143290312,6.6684660012066015,773.2665143299075,-0.1389261000033527,731043.0,-8290188.215282045
educational_VMEC/from_MattLandreman_vmec_equilibria/ITER/hybridAxisymmFixedBoundaryNs201/ITER_hybridAxisymmFixedBoundaryNs201,educational_vmec,failed,Run failed,3,vmec_family,vmec_indata,wout_netcdf,,,,,,,,
educational_VMEC/from_MattLandreman_vmec_equilibria/ITER/hybridAxisymmFixedBoundaryNs201/ITER_hybridAxisymmFixedBoundaryNs201,freegs,failed,Unsupported: FreeGS is restricted to 2-D Grad-Shafranov cases,3,grad_shafranov,vmec_indata_or_case,geqdsk,,,,,,,,
educational_VMEC/from_MattLandreman_vmec_equilibria/ITER/hybridAxisymmFixedBoundaryNs201/ITER_hybridAxisymmFixedBoundaryNs201,gvec,success,,3,vmec_family,vmec_indata,gvec_state,,,2.443808143290302,6.67022071609804,773.266514329904,0.138926100001988,731043.0,
educational_VMEC/from_MattLandreman_vmec_equilibria/ITER/hybridAxisymmFixedBoundaryNs201/ITER_hybridAxisymmFixedBoundaryNs201,jvmec,failed,Run failed,3,vmec_family,vmec_indata,wout_netcdf,,,,,,,,
educational_VMEC/from_MattLandreman_vmec_equilibria/ITER/hybridAxisymmFixedBoundaryNs201/ITER_hybridAxisymmFixedBoundaryNs201,parvmec,success,,3,vmec_family,vmec_indata,wout_netcdf,345.4223837059274,0.016378835700913565,2.443808143290311,6.669877951787201,773.2665143299062,-0.13894751103919217,731198.0421693439,-8791772.903665021
educational_VMEC/from_MattLandreman_vmec_equilibria/ITER/hybridAxisymmFixedBoundaryNs201/ITER_hybridAxisymmFixedBoundaryNs201,spec,failed,Unsupported: SPEC requires a native .sp input,3,spec_mhd,spec_namelist,spec_hdf5,,,,,,,,
educational_VMEC/from_MattLandreman_vmec_equilibria/ITER/hybridAxisymmFixedBoundaryNs201/ITER_hybridAxisymmFixedBoundaryNs201,spectre,failed,Run failed,3,spectre_mhd,vmec_indata_or_spectre_toml,spectre_json,,,,,,,,
educational_VMEC/from_MattLandreman_vmec_equilibria/ITER/hybridAxisymmFixedBoundaryNs201/ITER_hybridAxisymmFixedBoundaryNs201,vmec2000,failed,Run failed,3,vmec_family,vmec_indata,wout_netcdf,,,,,,,,
educational_VMEC/from_MattLandreman_vmec_equilibria/ITER/hybridAxisymmFixedBoundaryNs201/ITER_hybridAxisymmFixedBoundaryNs201,vmecpp,success,,3,vmec_family,vmec_indata,wout_netcdf,0.0,,3.4352752058464198,2.2524627239895,0.0,-0.13892610000198846,0.0,0.0
educational_VMEC/from_MattLandreman_vmec_equilibria/ITER/hybridAxisymmFixedBoundaryNs201/ITER_hybridAxisymmFixedBoundaryNs201,vmex,failed,Run failed,3,vmec_family,vmec_indata,wout_netcdf,,,,,,,,
educational_VMEC/from_MattLandreman_vmec_equilibria/ITER_model/ns201/ITERModel,chease,failed,Unsupported: CHEASE requires a 2-D GEQDSK input,3,grad_shafranov,vmec_indata_via_geqdsk,geqdsk,,,,,,,,
educational_VMEC/from_MattLandreman_vmec_equilibria/ITER_model/ns201/ITERModel,desc,success,,3,vmec_family,vmec_indata,wout_netcdf,172.39155938490737,0.0,3.0,6.131438484626747,473.74101125228947,0.25,0.0,-5075399.454140629
educational_VMEC/from_MattLandreman_vmec_equilibria/ITER_model/ns201/ITERModel,educational_vmec,success,,3,vmec_family,vmec_indata,wout_netcdf,172.3915793891636,0.0,2.999999999999999,6.132026245555448,473.7410112522891,0.2499999999999999,0.0,-5089056.971990655
educational_VMEC/from_MattLandreman_vmec_equilibria/ITER_model/ns201/ITERModel,freegs,failed,Unsupported: FreeGS is restricted to 2-D Grad-Shafranov cases,3,grad_shafranov,vmec_indata_or_case,geqdsk,,,,,,,,
educational_VMEC/from_MattLandreman_vmec_equilibria/ITER_model/ns201/ITERModel,gvec,success,,3,vmec_family,vmec_indata,gvec_state,,,3.0,6.13209404329586,473.741011252289,-0.25,0.0,
educational_VMEC/from_MattLandreman_vmec_equilibria/ITER_model/ns201/ITERModel,jvmec,success,,3,vmec_family,vmec_indata,wout_netcdf,172.39157938916387,0.0,2.9999999999999725,6.132026245764346,473.7410112522848,0.24999999999999978,0.0,-5089056.971489634
educational_VMEC/from_MattLandreman_vmec_equilibria/ITER_model/ns201/ITERModel,parvmec,success,,3,vmec_family,vmec_indata,wout_netcdf,172.39157938916347,0.0,2.999999999999999,6.1320262411681945,473.7410112522891,0.2499999999999999,0.0,-5089057.020609657
educational_VMEC/from_MattLandreman_vmec_equilibria/ITER_model/ns201/ITERModel,spec,failed,Unsupported: SPEC requires a native .sp input,3,spec_mhd,spec_namelist,spec_hdf5,,,,,,,,
educational_VMEC/from_MattLandreman_vmec_equilibria/ITER_model/ns201/ITERModel,spectre,failed,Run failed,3,spectre_mhd,vmec_indata_or_spectre_toml,spectre_json,,,,,,,,
educational_VMEC/from_MattLandreman_vmec_equilibria/ITER_model/ns201/ITERModel,vmec2000,success,,3,vmec_family,vmec_indata,wout_netcdf,172.39157938916347,0.0,2.999999999999999,6.1320262411681945,473.7410112522891,0.2499999999999999,0.0,-5089057.020609657
educational_VMEC/from_MattLandreman_vmec_equilibria/ITER_model/ns201/ITERModel,vmecpp,success,,3,vmec_family,vmec_indata,wout_netcdf,172.39157938916418,0.0,2.999999999999999,6.132026241435897,473.7410112522891,0.25,0.0,-5089057.013653994
educational_VMEC/from_MattLandreman_vmec_equilibria/ITER_model/ns201/ITERModel,vmex,success,,3,vmec_family,vmec_indata,wout_netcdf,172.39157938916387,0.0,2.9999999999999987,6.132026241157896,473.7410112522892,0.25,0.0,-5089057.02032836
educational_VMEC/from_MattLandreman_vmec_equilibria/KuBoozer_2011_NuclFusion_QHS/n4qh.b4.a79a/n4qh.b4.a79a,chease,failed,Unsupported: CHEASE requires a 2-D GEQDSK input,3,grad_shafranov,vmec_indata_via_geqdsk,geqdsk,,,,,,,,
educational_VMEC/from_MattLandreman_vmec_equilibria/KuBoozer_2011_NuclFusion_QHS/n4qh.b4.a79a/n4qh.b4.a79a,desc,success,,3,vmec_family,vmec_indata,wout_netcdf,2.752053684390703,0.04003479294245976,8.077431278803598,8.075091179590384,145.50735337857105,1.344612166229581,40590.99280000001,-119999.97314002531
educational_VMEC/from_MattLandreman_vmec_equilibria/KuBoozer_2011_NuclFusion_QHS/n4qh.b4.a79a/n4qh.b4.a79a,educational_vmec,success,,3,vmec_family,vmec_indata,wout_netcdf,2.751769983525876,0.04001753588265386,8.077431261879505,8.042371568099068,145.50735390372208,1.1749383189049585,40607.10031852029,120152.70604988777
educational_VMEC/from_MattLandreman_vmec_equilibria/KuBoozer_2011_NuclFusion_QHS/n4qh.b4.a79a/n4qh.b4.a79a,freegs,failed,Unsupported: FreeGS is restricted to 2-D Grad-Shafranov cases,3,grad_shafranov,vmec_indata_or_case,geqdsk,,,,,,,,
educational_VMEC/from_MattLandreman_vmec_equilibria/KuBoozer_2011_NuclFusion_QHS/n4qh.b4.a79a/n4qh.b4.a79a,gvec,failed,Run failed,3,vmec_family,vmec_indata,gvec_state,,,,,,,,
educational_VMEC/from_MattLandreman_vmec_equilibria/KuBoozer_2011_NuclFusion_QHS/n4qh.b4.a79a/n4qh.b4.a79a,jvmec,failed,Run failed,3,vmec_family,vmec_indata,wout_netcdf,,,,,,,,
educational_VMEC/from_MattLandreman_vmec_equilibria/KuBoozer_2011_NuclFusion_QHS/n4qh.b4.a79a/n4qh.b4.a79a,parvmec,success,,3,vmec_family,vmec_indata,wout_netcdf,2.7515530277703633,0.04001884631120108,8.077431261879505,7.957917411752105,145.50735390372208,1.1175235599963003,40607.10031852029,120152.70604988709
educational_VMEC/from_MattLandreman_vmec_equilibria/KuBoozer_2011_NuclFusion_QHS/n4qh.b4.a79a/n4qh.b4.a79a,spec,failed,Unsupported: SPEC requires a native .sp input,3,spec_mhd,spec_namelist,spec_hdf5,,,,,,,,
educational_VMEC/from_MattLandreman_vmec_equilibria/KuBoozer_2011_NuclFusion_QHS/n4qh.b4.a79a/n4qh.b4.a79a,spectre,failed,Run failed,3,spectre_mhd,vmec_indata_or_spectre_toml,spectre_json,,,,,,,,
educational_VMEC/from_MattLandreman_vmec_equilibria/KuBoozer_2011_NuclFusion_QHS/n4qh.b4.a79a/n4qh.b4.a79a,vmec2000,success,,3,vmec_family,vmec_indata,wout_netcdf,2.7515530277703815,0.04001884631120183,8.077431261879505,7.957917411757163,145.50735390372208,1.1175235599521816,40607.10031852029,120152.70604988735
educational_VMEC/from_MattLandreman_vmec_equilibria/KuBoozer_2011_NuclFusion_QHS/n4qh.b4.a79a/n4qh.b4.a79a,vmecpp,success,,3,vmec_family,vmec_indata,wout_netcdf,2.7515522197559665,0.04001879008994181,8.077431261879486,7.9578971057791374,145.50735390372216,1.1178870489179098,40607.10031852029,120152.70604989673
educational_VMEC/from_MattLandreman_vmec_equilibria/KuBoozer_2011_NuclFusion_QHS/n4qh.b4.a79a/n4qh.b4.a79a,vmex,success,,3,vmec_family,vmec_indata,wout_netcdf,2.751553027770355,0.0400188463111989,8.077431261879479,7.957917411708311,145.50735390372202,1.1175235600585065,40607.10031852029,120152.70604988701
educational_VMEC/from_MattLandreman_vmec_equilibria/KuBoozer_2011_NuclFusion_QHS/n5qh.fx3.a55z/n5qh.fx3.a55z,chease,failed,Unsupported: CHEASE requires a 2-D GEQDSK input,3,grad_shafranov,vmec_indata_via_geqdsk,geqdsk,,,,,,,,
educational_VMEC/from_MattLandreman_vmec_equilibria/KuBoozer_2011_NuclFusion_QHS/n5qh.fx3.a55z/n5qh.fx3.a55z,desc,success,,3,vmec_family,vmec_indata,wout_netcdf,3.220432524063478,0.09999671824602055,10.0106972917637,10.21108958056205,189.38484150499684,1.7155806360672043,89756.94880000001,-249999.74236995415
educational_VMEC/from_MattLandreman_vmec_equilibria/KuBoozer_2011_NuclFusion_QHS/n5qh.fx3.a55z/n5qh.fx3.a55z,educational_vmec,success,,3,vmec_family,vmec_indata,wout_netcdf,3.2196291860205357,0.09998561394380481,10.010697281704454,10.140134715308069,189.3848417711889,1.1946660182693638,89792.56650146894,250318.1376039304
educational_VMEC/from_MattLandreman_vmec_equilibria/KuBoozer_2011_NuclFusion_QHS/n5qh.fx3.a55z/n5qh.fx3.a55z,freegs,failed,Unsupported: FreeGS is restricted to 2-D Grad-Shafranov cases,3,grad_shafranov,vmec_indata_or_case,geqdsk,,,,,,,,
educational_VMEC/from_MattLandreman_vmec_equilibria/KuBoozer_2011_NuclFusion_QHS/n5qh.fx3.a55z/n5qh.fx3.a55z,gvec,failed,Run failed,3,vmec_family,vmec_indata,gvec_state,,,,,,,,
educational_VMEC/from_MattLandreman_vmec_equilibria/KuBoozer_2011_NuclFusion_QHS/n5qh.fx3.a55z/n5qh.fx3.a55z,jvmec,failed,Run failed,3,vmec_family,vmec_indata,wout_netcdf,,,,,,,,
educational_VMEC/from_MattLandreman_vmec_equilibria/KuBoozer_2011_NuclFusion_QHS/n5qh.fx3.a55z/n5qh.fx3.a55z,parvmec,success,,3,vmec_family,vmec_indata,wout_netcdf,3.219273846467905,0.09999710827469875,10.010697281704454,10.020822319647099,189.38484177118886,1.1920753657342815,89792.56650146894,250318.1376039298
educational_VMEC/from_MattLandreman_vmec_equilibria/KuBoozer_2011_NuclFusion_QHS/n5qh.fx3.a55z/n5qh.fx3.a55z,spec,failed,Unsupported: SPEC requires a native .sp input,3,spec_mhd,spec_namelist,spec_hdf5,,,,,,,,
educational_VMEC/from_MattLandreman_vmec_equilibria/KuBoozer_2011_NuclFusion_QHS/n5qh.fx3.a55z/n5qh.fx3.a55z,spectre,failed,Run failed,3,spectre_mhd,vmec_indata_or_spectre_toml,spectre_json,,,,,,,,
educational_VMEC/from_MattLandreman_vmec_equilibria/KuBoozer_2011_NuclFusion_QHS/n5qh.fx3.a55z/n5qh.fx3.a55z,vmec2000,success,,3,vmec_family,vmec_indata,wout_netcdf,3.219273846467938,0.0999971082746989,10.010697281704454,10.020822319660358,189.3848417711889,1.1920753657317267,89792.56650146894,250318.13760393046
educational_VMEC/from_MattLandreman_vmec_equilibria/KuBoozer_2011_NuclFusion_QHS/n5qh.fx3.a55z/n5qh.fx3.a55z,vmecpp,success,,3,vmec_family,vmec_indata,wout_netcdf,3.219273337399031,0.09999721133679229,10.010697281704477,10.020559097614475,189.38484177118875,1.1926951526161516,89792.56650146894,250318.13760395744
educational_VMEC/from_MattLandreman_vmec_equilibria/KuBoozer_2011_NuclFusion_QHS/n5qh.fx3.a55z/n5qh.fx3.a55z,vmex,success,,3,vmec_family,vmec_indata,wout_netcdf,3.219273846467929,0.09999710827469918,10.010697281704429,10.020822319651193,189.38484177118897,1.1920753657285197,89792.56650146894,250318.13760393026
educational_VMEC/from_MattLandreman_vmec_equilibria/NCSX/161s1_from_Mynick/161s1,chease,failed,Unsupported: CHEASE requires a 2-D GEQDSK input,3,grad_shafranov,vmec_indata_via_geqdsk,geqdsk,,,,,,,,
educational_VMEC/from_MattLandreman_vmec_equilibria/NCSX/161s1_from_Mynick/161s1,desc,success,,3,vmec_family,vmec_indata,wout_netcdf,1.320461379897795,0.04045604730787872,4.365217253999784,4.148646382092458,59.87643554725076,0.2921594416682829,47127.0,391399.904600045
educational_VMEC/from_MattLandreman_vmec_equilibria/NCSX/161s1_from_Mynick/161s1,educational_vmec,success,,3,vmec_family,vmec_indata,wout_netcdf,1.3196671028667666,0.03995491031370972,4.365217254000958,4.0041603278420315,59.87643554726695,0.6556137974311935,47138.979400260425,-391898.0762327165
educational_VMEC/from_MattLandreman_vmec_equilibria/NCSX/161s1_from_Mynick/161s1,freegs,failed,Unsupported: FreeGS is restricted to 2-D Grad-Shafranov cases,3,grad_shafranov,vmec_indata_or_case,geqdsk,,,,,,,,
educational_VMEC/from_MattLandreman_vmec_equilibria/NCSX/161s1_from_Mynick/161s1,gvec,failed,Run failed,3,vmec_family,vmec_indata,gvec_state,,,,,,,,
educational_VMEC/from_MattLandreman_vmec_equilibria/NCSX/161s1_from_Mynick/161s1,jvmec,failed,Run failed,3,vmec_family,vmec_indata,wout_netcdf,,,,,,,,
educational_VMEC/from_MattLandreman_vmec_equilibria/NCSX/161s1_from_Mynick/161s1,parvmec,success,,3,vmec_family,vmec_indata,wout_netcdf,1.3196666074194356,0.03995474286418772,4.365217254000958,4.0042120796089975,59.87643554726695,0.6555913732879493,47138.979400260425,-391898.0762327165
educational_VMEC/from_MattLandreman_vmec_equilibria/NCSX/161s1_from_Mynick/161s1,spec,failed,Unsupported: SPEC requires a native .sp input,3,spec_mhd,spec_namelist,spec_hdf5,,,,,,,,
educational_VMEC/from_MattLandreman_vmec_equilibria/NCSX/161s1_from_Mynick/161s1,spectre,failed,Run failed,3,spectre_mhd,vmec_indata_or_spectre_toml,spectre_json,,,,,,,,
educational_VMEC/from_MattLandreman_vmec_equilibria/NCSX/161s1_from_Mynick/161s1,vmec2000,success,,3,vmec_family,vmec_indata,wout_netcdf,1.3196666074194408,0.039954742864186966,4.365217254000958,4.0042120796143665,59.87643554726695,0.6555913732864405,47138.979400260425,-391898.07623271574
educational_VMEC/from_MattLandreman_vmec_equilibria/NCSX/161s1_from_Mynick/161s1,vmecpp,success,,3,vmec_family,vmec_indata,wout_netcdf,1.3196664464701353,0.03995465204938674,4.365217254000974,4.004201040605903,59.87643554726705,0.655592334941321,47138.979400260425,-391898.0762327583
educational_VMEC/from_MattLandreman_vmec_equilibria/NCSX/161s1_from_Mynick/161s1,vmex,success,,3,vmec_family,vmec_indata,wout_netcdf,1.3196666074194332,0.03995474286418806,4.365217254000961,4.0042120796139,59.876435547267015,0.6555913732873943,47138.979400260425,-391898.0762327144
educational_VMEC/from_MattLandreman_vmec_equilibria/NCSX/free_boundary_from_vmec_wiki/ncsx_c09r00_free,chease,failed,Unsupported: CHEASE requires a 2-D GEQDSK input,3,grad_shafranov,vmec_indata_via_geqdsk,geqdsk,,,,,,,,
educational_VMEC/from_MattLandreman_vmec_equilibria/NCSX/free_boundary_from_vmec_wiki/ncsx_c09r00_free,desc,success,,3,vmec_family,vmec_indata,wout_netcdf,0.09297559068215767,0.041157373407036874,4.469347415346892,1.5389592138420456,2.9628141339355722,0.27972008435370194,68551.76489999998,178606.17228999274
educational_VMEC/from_MattLandreman_vmec_equilibria/NCSX/free_boundary_from_vmec_wiki/ncsx_c09r00_free,educational_vmec,failed,Unsupported: required MGRID fixture unavailable: mgrid_c09r00.nc,3,vmec_family,vmec_indata,wout_netcdf,,,,,,,,
educational_VMEC/from_MattLandreman_vmec_equilibria/NCSX/free_boundary_from_vmec_wiki/ncsx_c09r00_free,freegs,failed,Unsupported: FreeGS is restricted to 2-D Grad-Shafranov cases,3,grad_shafranov,vmec_indata_or_case,geqdsk,,,,,,,,
educational_VMEC/from_MattLandreman_vmec_equilibria/NCSX/free_boundary_from_vmec_wiki/ncsx_c09r00_free,gvec,failed,Unsupported: required MGRID fixture unavailable: mgrid_c09r00.nc,3,vmec_family,vmec_indata,gvec_state,,,,,,,,
educational_VMEC/from_MattLandreman_vmec_equilibria/NCSX/free_boundary_from_vmec_wiki/ncsx_c09r00_free,jvmec,failed,Unsupported: required MGRID fixture unavailable: mgrid_c09r00.nc,3,vmec_family,vmec_indata,wout_netcdf,,,,,,,,
educational_VMEC/from_MattLandreman_vmec_equilibria/NCSX/free_boundary_from_vmec_wiki/ncsx_c09r00_free,parvmec,failed,Unsupported: required MGRID fixture unavailable: mgrid_c09r00.nc,3,vmec_family,vmec_indata,wout_netcdf,,,,,,,,
educational_VMEC/from_MattLandreman_vmec_equilibria/NCSX/free_boundary_from_vmec_wiki/ncsx_c09r00_free,spec,failed,Unsupported: SPEC requires a native .sp input,3,spec_mhd,spec_namelist,spec_hdf5,,,,,,,,
educational_VMEC/from_MattLandreman_vmec_equilibria/NCSX/free_boundary_from_vmec_wiki/ncsx_c09r00_free,spectre,failed,Unsupported: required MGRID fixture unavailable: mgrid_c09r00.nc,3,spectre_mhd,vmec_indata_or_spectre_toml,spectre_json,,,,,,,,
educational_VMEC/from_MattLandreman_vmec_equilibria/NCSX/free_boundary_from_vmec_wiki/ncsx_c09r00_free,vmec2000,failed,Unsupported: required MGRID fixture unavailable: mgrid_c09r00.nc,3,vmec_family,vmec_indata,wout_netcdf,,,,,,,,
educational_VMEC/from_MattLandreman_vmec_equilibria/NCSX/free_boundary_from_vmec_wiki/ncsx_c09r00_free,vmecpp,failed,Unsupported: required MGRID fixture unavailable: mgrid_c09r00.nc,3,vmec_family,vmec_indata,wout_netcdf,,,,,,,,
educational_VMEC/from_MattLandreman_vmec_equilibria/NCSX/free_boundary_from_vmec_wiki/ncsx_c09r00_free,vmex,failed,Unsupported: required MGRID fixture unavailable: mgrid_c09r00.nc,3,vmec_family,vmec_indata,wout_netcdf,,,,,,,,
educational_VMEC/from_MattLandreman_vmec_equilibria/NCSX/li383_1.4m/li383_1.4m,chease,failed,Unsupported: CHEASE requires a 2-D GEQDSK input,3,grad_shafranov,vmec_indata_via_geqdsk,geqdsk,,,,,,,,
educational_VMEC/from_MattLandreman_vmec_equilibria/NCSX/li383_1.4m/li383_1.4m,desc,success,,3,vmec_family,vmec_indata,wout_netcdf,0.09626385651368008,0.04307713103506369,4.365254725960217,1.5320767018778905,2.9787172145359575,0.29482220473988513,73408.0,174249.80181999382
educational_VMEC/from_MattLandreman_vmec_equilibria/NCSX/li383_1.4m/li383_1.4m,educational_vmec,success,,3,vmec_family,vmec_indata,wout_netcdf,0.09620020089432149,0.04251677370190452,4.365254725961323,1.4790715336434754,2.97871721453671,0.6562974060468514,73426.65964847151,-174471.74190993895
educational_VMEC/from_MattLandreman_vmec_equilibria/NCSX/li383_1.4m/li383_1.4m,freegs,failed,Unsupported: FreeGS is restricted to 2-D Grad-Shafranov cases,3,grad_shafranov,vmec_indata_or_case,geqdsk,,,,,,,,
educational_VMEC/from_MattLandreman_vmec_equilibria/NCSX/li383_1.4m/li383_1.4m,gvec,failed,Run failed,3,vmec_family,vmec_indata,gvec_state,,,,,,,,
educational_VMEC/from_MattLandreman_vmec_equilibria/NCSX/li383_1.4m/li383_1.4m,jvmec,failed,Run failed,3,vmec_family,vmec_indata,wout_netcdf,,,,,,,,
educational_VMEC/from_MattLandreman_vmec_equilibria/NCSX/li383_1.4m/li383_1.4m,parvmec,success,,3,vmec_family,vmec_indata,wout_netcdf,0.09619874145634555,0.04251792159777174,4.365254725961323,1.4737234581473135,2.97871721453671,0.6546122863612238,73426.65964847151,-174471.74190993872
educational_VMEC/from_MattLandreman_vmec_equilibria/NCSX/li383_1.4m/li383_1.4m,spec,failed,Unsupported: SPEC requires a native .sp input,3,spec_mhd,spec_namelist,spec_hdf5,,,,,,,,
educational_VMEC/from_MattLandreman_vmec_equilibria/NCSX/li383_1.4m/li383_1.4m,spectre,failed,Run failed,3,spectre_mhd,vmec_indata_or_spectre_toml,spectre_json,,,,,,,,
educational_VMEC/from_MattLandreman_vmec_equilibria/NCSX/li383_1.4m/li383_1.4m,vmec2000,success,,3,vmec_family,vmec_indata,wout_netcdf,0.09619874145634572,0.0425179215977722,4.365254725961323,1.4737234581475283,2.97871721453671,0.6546122863619149,73426.65964847151,-174471.74190993974
educational_VMEC/from_MattLandreman_vmec_equilibria/NCSX/li383_1.4m/li383_1.4m,vmecpp,success,,3,vmec_family,vmec_indata,wout_netcdf,0.09619872402430409,0.042517769495658525,4.365254725961319,1.473726983558431,2.9787172145367107,0.6546271956829428,73426.65964847151,-174471.7419099592
educational_VMEC/from_MattLandreman_vmec_equilibria/NCSX/li383_1.4m/li383_1.4m,vmex,success,,3,vmec_family,vmec_indata,wout_netcdf,0.0961987414563468,0.042517921597768946,4.365254725961321,1.473723458144637,2.9787172145367116,0.6546122863578601,73426.65964847151,-174471.74190993982
educational_VMEC/from_MattLandreman_vmec_equilibria/NCSX/li383_1.4m_highResolution/li383_1.4m,chease,failed,Unsupported: CHEASE requires a 2-D GEQDSK input,3,grad_shafranov,vmec_indata_via_geqdsk,geqdsk,,,,,,,,
educational_VMEC/from_MattLandreman_vmec_equilibria/NCSX/li383_1.4m_highResolution/li383_1.4m,desc,failed,Run failed,3,vmec_family,vmec_indata,wout_netcdf,,,,,,,,
educational_VMEC/from_MattLandreman_vmec_equilibria/NCSX/li383_1.4m_highResolution/li383_1.4m,educational_vmec,success,,3,vmec_family,vmec_indata,wout_netcdf,0.09648326806295268,0.0,0.0,1.4777143426590023,0.0,0.6641871352022959,16250000.0,-177180.6629695191
educational_VMEC/from_MattLandreman_vmec_equilibria/NCSX/li383_1.4m_highResolution/li383_1.4m,freegs,failed,Unsupported: FreeGS is restricted to 2-D Grad-Shafranov cases,3,grad_shafranov,vmec_indata_or_case,geqdsk,,,,,,,,
educational_VMEC/from_MattLandreman_vmec_equilibria/NCSX/li383_1.4m_highResolution/li383_1.4m,gvec,failed,Run failed,3,vmec_family,vmec_indata,gvec_state,,,,,,,,
educational_VMEC/from_MattLandreman_vmec_equilibria/NCSX/li383_1.4m_highResolution/li383_1.4m,jvmec,failed,Run failed,3,vmec_family,vmec_indata,wout_netcdf,,,,,,,,
educational_VMEC/from_MattLandreman_vmec_equilibria/NCSX/li383_1.4m_highResolution/li383_1.4m,parvmec,success,,3,vmec_family,vmec_indata,wout_netcdf,0.09619840967388682,0.042517573123273554,4.365254725961354,1.472522748670342,2.9787172145367458,0.65341746790226,73411.61977450897,-174293.81917965636
educational_VMEC/from_MattLandreman_vmec_equilibria/NCSX/li383_1.4m_highResolution/li383_1.4m,spec,failed,Unsupported: SPEC requires a native .sp input,3,spec_mhd,spec_namelist,spec_hdf5,,,,,,,,
educational_VMEC/from_MattLandreman_vmec_equilibria/NCSX/li383_1.4m_highResolution/li383_1.4m,spectre,failed,Run failed,3,spectre_mhd,vmec_indata_or_spectre_toml,spectre_json,,,,,,,,
educational_VMEC/from_MattLandreman_vmec_equilibria/NCSX/li383_1.4m_highResolution/li383_1.4m,vmec2000,success,,3,vmec_family,vmec_indata,wout_netcdf,0.09619840967389204,0.042517573123262695,4.365254725961354,1.4725227486780643,2.9787172145367458,0.6534174679090448,73411.61977450897,-174293.81917965412
educational_VMEC/from_MattLandreman_vmec_equilibria/NCSX/li383_1.4m_highResolution/li383_1.4m,vmecpp,success,,3,vmec_family,vmec_indata,wout_netcdf,0.0964832680629531,0.04243563384123718,4.365254725961358,1.4777143426590016,2.978717214536719,0.6641871352023034,73686.13886756107,-177180.6629695215
educational_VMEC/from_MattLandreman_vmec_equilibria/NCSX/li383_1.4m_highResolution/li383_1.4m,vmex,success,,3,vmec_family,vmec_indata,wout_netcdf,0.0961984096738858,0.04251757312328012,4.365254725961317,1.4725227486580892,2.9787172145367093,0.6534174678959612,73411.61977450897,-174293.81917964955
educational_VMEC/from_MattLandreman_vmec_equilibria/NuhrenbergZille_1988_QHS/ns201/NuhrenbergZille_1988_QHS,chease,failed,Unsupported: CHEASE requires a 2-D GEQDSK input,3,grad_shafranov,vmec_indata_via_geqdsk,geqdsk,,,,,,,,
educational_VMEC/from_MattLandreman_vmec_equilibria/NuhrenbergZille_1988_QHS/ns201/NuhrenbergZille_1988_QHS,desc,success,,3,vmec_family,vmec_indata,wout_netcdf,0.10047779062535908,0.0,11.682013535772839,11.048511869676348,188.55238913748056,-1.486718218103493,0.0,5.492632371916475e-12
educational_VMEC/from_MattLandreman_vmec_equilibria/NuhrenbergZille_1988_QHS/ns201/NuhrenbergZille_1988_QHS,educational_vmec,success,,3,vmec_family,vmec_indata,wout_netcdf,0.10047639368156513,0.0,11.682013535772745,10.997006021063987,188.55238913747814,-1.517712471379785,0.0,1.0665838871826149e-10
educational_VMEC/from_MattLandreman_vmec_equilibria/NuhrenbergZille_1988_QHS/ns201/NuhrenbergZille_1988_QHS,freegs,failed,Unsupported: FreeGS is restricted to 2-D Grad-Shafranov cases,3,grad_shafranov,vmec_indata_or_case,geqdsk,,,,,,,,
educational_VMEC/from_MattLandreman_vmec_equilibria/NuhrenbergZille_1988_QHS/ns201/NuhrenbergZille_1988_QHS,gvec,success,,3,vmec_family,vmec_indata,gvec_state,,,11.682013535772677,10.9964122362777,188.552389137478,1.51380901300622,0.0,
educational_VMEC/from_MattLandreman_vmec_equilibria/NuhrenbergZille_1988_QHS/ns201/NuhrenbergZille_1988_QHS,jvmec,failed,Run failed,3,vmec_family,vmec_indata,wout_netcdf,,,,,,,,
educational_VMEC/from_MattLandreman_vmec_equilibria/NuhrenbergZille_1988_QHS/ns201/NuhrenbergZille_1988_QHS,parvmec,success,,3,vmec_family,vmec_indata,wout_netcdf,0.10047639328293284,0.0,11.682013535772745,10.997002673104372,188.55238913747814,-1.517792842136271,0.0,-4.518412553833339e-10
educational_VMEC/from_MattLandreman_vmec_equilibria/NuhrenbergZille_1988_QHS/ns201/NuhrenbergZille_1988_QHS,spec,failed,Unsupported: SPEC requires a native .sp input,3,spec_mhd,spec_namelist,spec_hdf5,,,,,,,,
educational_VMEC/from_MattLandreman_vmec_equilibria/NuhrenbergZille_1988_QHS/ns201/NuhrenbergZille_1988_QHS,spectre,failed,Run failed,3,spectre_mhd,vmec_indata_or_spectre_toml,spectre_json,,,,,,,,
educational_VMEC/from_MattLandreman_vmec_equilibria/NuhrenbergZille_1988_QHS/ns201/NuhrenbergZille_1988_QHS,vmec2000,success,,3,vmec_family,vmec_indata,wout_netcdf,0.10047639328293383,0.0,11.682013535772745,10.997002673078915,188.55238913747814,-1.5177928425902096,0.0,6.484884244178923e-11
educational_VMEC/from_MattLandreman_vmec_equilibria/NuhrenbergZille_1988_QHS/ns201/NuhrenbergZille_1988_QHS,vmecpp,success,,3,vmec_family,vmec_indata,wout_netcdf,0.10047639337390668,0.0,11.682013535772706,10.99699331920018,188.5523891374787,-1.5178328447607823,0.0,4.47911022508074e-11
educational_VMEC/from_MattLandreman_vmec_equilibria/NuhrenbergZille_1988_QHS/ns201/NuhrenbergZille_1988_QHS,vmex,success,,3,vmec_family,vmec_indata,wout_netcdf,0.10047639328293256,0.0,11.682013535772695,10.99700267303256,188.55238913747863,-1.5177928414693673,0.0,2.710505431213761e-11
educational_VMEC/from_MattLandreman_vmec_equilibria/NuhrenbergZille_1988_QHS/ns51/NuhrenbergZille_1988_QHS,chease,failed,Unsupported: CHEASE requires a 2-D GEQDSK input,3,grad_shafranov,vmec_indata_via_geqdsk,geqdsk,,,,,,,,
educational_VMEC/from_MattLandreman_vmec_equilibria/NuhrenbergZille_1988_QHS/ns51/NuhrenbergZille_1988_QHS,desc,success,,3,vmec_family,vmec_indata,wout_netcdf,0.10047983342187995,0.0,11.682013535772505,11.073372752543396,188.55238913747505,-1.5030555441898266,0.0,3.5372552475142104e-11
educational_VMEC/from_MattLandreman_vmec_equilibria/NuhrenbergZille_1988_QHS/ns51/NuhrenbergZille_1988_QHS,educational_vmec,success,,3,vmec_family,vmec_indata,wout_netcdf,0.10047915062143022,0.0,11.682013535772633,11.007524720509304,188.55238913747755,-1.4826395221842468,0.0,-1.7496312558484828e-10
educational_VMEC/from_MattLandreman_vmec_equilibria/NuhrenbergZille_1988_QHS/ns51/NuhrenbergZille_1988_QHS,freegs,failed,Unsupported: FreeGS is restricted to 2-D Grad-Shafranov cases,3,grad_shafranov,vmec_indata_or_case,geqdsk,,,,,,,,
educational_VMEC/from_MattLandreman_vmec_equilibria/NuhrenbergZille_1988_QHS/ns51/NuhrenbergZille_1988_QHS,gvec,success,,3,vmec_family,vmec_indata,gvec_state,,,11.68201353577269,10.9966222846908,188.552389137478,1.51399733449752,0.0,
educational_VMEC/from_MattLandreman_vmec_equilibria/NuhrenbergZille_1988_QHS/ns51/NuhrenbergZille_1988_QHS,jvmec,success,,3,vmec_family,vmec_indata,wout_netcdf,0.10047668230644013,0.0,11.068700257485746,11.000914178004615,218.9522729255801,-1.5103272652823327,0.0,-5.976664475826343e-11
educational_VMEC/from_MattLandreman_vmec_equilibria/NuhrenbergZille_1988_QHS/ns51/NuhrenbergZille_1988_QHS,parvmec,success,,3,vmec_family,vmec_indata,wout_netcdf,0.10047667353895794,0.0,11.682013535772633,11.000854635575564,188.55238913747755,-1.5101843051176558,0.0,-1.259029772798792e-10
educational_VMEC/from_MattLandreman_vmec_equilibria/NuhrenbergZille_1988_QHS/ns51/NuhrenbergZille_1988_QHS,spec,failed,Unsupported: SPEC requires a native .sp input,3,spec_mhd,spec_namelist,spec_hdf5,,,,,,,,
educational_VMEC/from_MattLandreman_vmec_equilibria/NuhrenbergZille_1988_QHS/ns51/NuhrenbergZille_1988_QHS,spectre,failed,Run failed,3,spectre_mhd,vmec_indata_or_spectre_toml,spectre_json,,,,,,,,
educational_VMEC/from_MattLandreman_vmec_equilibria/NuhrenbergZille_1988_QHS/ns51/NuhrenbergZille_1988_QHS,vmec2000,success,,3,vmec_family,vmec_indata,wout_netcdf,0.10047667353895781,0.0,11.682013535772633,11.000854635577282,188.55238913747755,-1.5101843051638886,0.0,-5.149960319306145e-12
educational_VMEC/from_MattLandreman_vmec_equilibria/NuhrenbergZille_1988_QHS/ns51/NuhrenbergZille_1988_QHS,vmecpp,success,,3,vmec_family,vmec_indata,wout_netcdf,0.10047666038292033,0.0,11.682013535772732,11.000785529939156,188.55238913747849,-1.510458422744989,0.0,2.9110828331235794e-10
educational_VMEC/from_MattLandreman_vmec_equilibria/NuhrenbergZille_1988_QHS/ns51/NuhrenbergZille_1988_QHS,vmex,success,,3,vmec_family,vmec_indata,wout_netcdf,0.10047667353895774,0.0,11.682013535772679,11.000854635580508,188.55238913747863,-1.5101843051949544,0.0,1.7889335846010823e-11
educational_VMEC/from_MattLandreman_vmec_equilibria/QHS46/ns201/qhs46_ns201,chease,failed,Unsupported: CHEASE requires a 2-D GEQDSK input,3,grad_shafranov,vmec_indata_via_geqdsk,geqdsk,,,,,,,,
educational_VMEC/from_MattLandreman_vmec_equilibria/QHS46/ns201/qhs46_ns201,desc,failed,Run failed,3,vmec_family,vmec_indata,wout_netcdf,,,,,,,,
educational_VMEC/from_MattLandreman_vmec_equilibria/QHS46/ns201/qhs46_ns201,educational_vmec,failed,Run failed,3,vmec_family,vmec_indata,wout_netcdf,,,,,,,,
educational_VMEC/from_MattLandreman_vmec_equilibria/QHS46/ns201/qhs46_ns201,freegs,failed,Unsupported: FreeGS is restricted to 2-D Grad-Shafranov cases,3,grad_shafranov,vmec_indata_or_case,geqdsk,,,,,,,,
educational_VMEC/from_MattLandreman_vmec_equilibria/QHS46/ns201/qhs46_ns201,gvec,failed,Unsupported: VMEC pressure profile of type two_lorentz is not supported for conversion,3,vmec_family,vmec_indata,gvec_state,,,,,,,,
educational_VMEC/from_MattLandreman_vmec_equilibria/QHS46/ns201/qhs46_ns201,jvmec,failed,Run failed,3,vmec_family,vmec_indata,wout_netcdf,,,,,,,,
educational_VMEC/from_MattLandreman_vmec_equilibria/QHS46/ns201/qhs46_ns201,parvmec,success,,3,vmec_family,vmec_indata,wout_netcdf,5.125283799458957,0.0,6.698251293157519,6.137332635469858,96.16686883898306,1.252921176741121,0.0,8.510987054011209e-11
educational_VMEC/from_MattLandreman_vmec_equilibria/QHS46/ns201/qhs46_ns201,spec,failed,Unsupported: SPEC requires a native .sp input,3,spec_mhd,spec_namelist,spec_hdf5,,,,,,,,
educational_VMEC/from_MattLandreman_vmec_equilibria/QHS46/ns201/qhs46_ns201,spectre,failed,Run failed,3,spectre_mhd,vmec_indata_or_spectre_toml,spectre_json,,,,,,,,
educational_VMEC/from_MattLandreman_vmec_equilibria/QHS46/ns201/qhs46_ns201,vmec2000,success,,3,vmec_family,vmec_indata,wout_netcdf,5.125283799458961,0.0,6.698251293157519,6.137332635441899,96.16686883898306,1.2529211793619637,0.0,4.3921030007387785e-09
educational_VMEC/from_MattLandreman_vmec_equilibria/QHS46/ns201/qhs46_ns201,vmecpp,success,,3,vmec_family,vmec_indata,wout_netcdf,5.125283798746274,0.0,6.698251293157714,6.137333420553132,96.16686883898342,1.2530102443418567,0.0,-6.124658072370614e-09
educational_VMEC/from_MattLandreman_vmec_equilibria/QHS46/ns201/qhs46_ns201,vmex,failed,Run failed,3,vmec_family,vmec_indata,wout_netcdf,,,,,,,,
educational_VMEC/from_MattLandreman_vmec_equilibria/QHS46/wistell_website_base_case/qhs46,chease,failed,Unsupported: CHEASE requires a 2-D GEQDSK input,3,grad_shafranov,vmec_indata_via_geqdsk,geqdsk,,,,,,,,
educational_VMEC/from_MattLandreman_vmec_equilibria/QHS46/wistell_website_base_case/qhs46,desc,success,,3,vmec_family,vmec_indata,wout_netcdf,5.125320321230622,0.0,6.698251293157674,6.139410051126331,96.1668688389833,1.2041591107145553,0.0,4.306223779582517e-10
educational_VMEC/from_MattLandreman_vmec_equilibria/QHS46/wistell_website_base_case/qhs46,educational_vmec,success,,3,vmec_family,vmec_indata,wout_netcdf,5.125320138738159,0.0,6.698251293157718,6.141386764605863,96.16686883898286,1.2169566903207183,0.0,4.5802120776650135e-09
educational_VMEC/from_MattLandreman_vmec_equilibria/QHS46/wistell_website_base_case/qhs46,freegs,failed,Unsupported: FreeGS is restricted to 2-D Grad-Shafranov cases,3,grad_shafranov,vmec_indata_or_case,geqdsk,,,,,,,,
educational_VMEC/from_MattLandreman_vmec_equilibria/QHS46/wistell_website_base_case/qhs46,gvec,failed,Unsupported: VMEC pressure profile of type two_lorentz is not supported for conversion,3,vmec_family,vmec_indata,gvec_state,,,,,,,,
educational_VMEC/from_MattLandreman_vmec_equilibria/QHS46/wistell_website_base_case/qhs46,jvmec,success,,3,vmec_family,vmec_indata,wout_netcdf,5.125320129344229,0.0,6.653281844683242,6.141385800904601,95.38255617476513,1.2169640870943228,0.0,-4.311329938888608e-09
educational_VMEC/from_MattLandreman_vmec_equilibria/QHS46/wistell_website_base_case/qhs46,parvmec,success,,3,vmec_family,vmec_indata,wout_netcdf,5.125320129344216,0.0,6.698251293157718,6.141385800904726,96.16686883898286,1.2169640870934288,0.0,-3.1170812458958252e-09
educational_VMEC/from_MattLandreman_vmec_equilibria/QHS46/wistell_website_base_case/qhs46,spec,failed,Unsupported: SPEC requires a native .sp input,3,spec_mhd,spec_namelist,spec_hdf5,,,,,,,,
educational_VMEC/from_MattLandreman_vmec_equilibria/QHS46/wistell_website_base_case/qhs46,spectre,failed,Run failed,3,spectre_mhd,vmec_indata_or_spectre_toml,spectre_json,,,,,,,,
educational_VMEC/from_MattLandreman_vmec_equilibria/QHS46/wistell_website_base_case/qhs46,vmec2000,success,,3,vmec_family,vmec_indata,wout_netcdf,5.125320129344212,0.0,6.698251293157718,6.141385800904889,96.16686883898286,1.2169640870924225,0.0,-4.2067044292437567e-10
educational_VMEC/from_MattLandreman_vmec_equilibria/QHS46/wistell_website_base_case/qhs46,vmecpp,success,,3,vmec_family,vmec_indata,wout_netcdf,5.125320138738137,0.0,6.698251293157709,6.141386764605815,96.1668688389836,1.2169566903212838,0.0,2.6552111204170004e-09
educational_VMEC/from_MattLandreman_vmec_equilibria/QHS46/wistell_website_base_case/qhs46,vmex,failed,Run failed,3,vmec_family,vmec_indata,wout_netcdf,,,,,,,,
educational_VMEC/from_MattLandreman_vmec_equilibria/TJ-II/100_44_64_0/100_44_64_0.0,chease,failed,Unsupported: CHEASE requires a 2-D GEQDSK input,3,grad_shafranov,vmec_indata_via_geqdsk,geqdsk,,,,,,,,
educational_VMEC/from_MattLandreman_vmec_equilibria/TJ-II/100_44_64_0/100_44_64_0.0,desc,failed,Run failed,3,vmec_family,vmec_indata,wout_netcdf,,,,,,,,
educational_VMEC/from_MattLandreman_vmec_equilibria/TJ-II/100_44_64_0/100_44_64_0.0,educational_vmec,success,,3,vmec_family,vmec_indata,wout_netcdf,0.012914409694238318,0.0,7.811011049379658,1.5049563705803861,1.100797884980867,-1.6440180100187858,0.0,2.9303951843209775e-10
educational_VMEC/from_MattLandreman_vmec_equilibria/TJ-II/100_44_64_0/100_44_64_0.0,freegs,failed,Unsupported: FreeGS is restricted to 2-D Grad-Shafranov cases,3,grad_shafranov,vmec_indata_or_case,geqdsk,,,,,,,,
educational_VMEC/from_MattLandreman_vmec_equilibria/TJ-II/100_44_64_0/100_44_64_0.0,gvec,failed,Run failed,3,vmec_family,vmec_indata,gvec_state,,,,,,,,
educational_VMEC/from_MattLandreman_vmec_equilibria/TJ-II/100_44_64_0/100_44_64_0.0,jvmec,failed,Run failed,3,vmec_family,vmec_indata,wout_netcdf,,,,,,,,
educational_VMEC/from_MattLandreman_vmec_equilibria/TJ-II/100_44_64_0/100_44_64_0.0,parvmec,success,,3,vmec_family,vmec_indata,wout_netcdf,0.012914222766600352,0.0,7.811011049379658,1.506173296426792,1.100797884980867,-1.650122387190715,0.0,-3.351201152516914e-10
educational_VMEC/from_MattLandreman_vmec_equilibria/TJ-II/100_44_64_0/100_44_64_0.0,spec,failed,Unsupported: SPEC requires a native .sp input,3,spec_mhd,spec_namelist,spec_hdf5,,,,,,,,
educational_VMEC/from_MattLandreman_vmec_equilibria/TJ-II/100_44_64_0/100_44_64_0.0,spectre,failed,Run failed,3,spectre_mhd,vmec_indata_or_spectre_toml,spectre_json,,,,,,,,
educational_VMEC/from_MattLandreman_vmec_equilibria/TJ-II/100_44_64_0/100_44_64_0.0,vmec2000,success,,3,vmec_family,vmec_indata,wout_netcdf,0.012914222766600338,0.0,7.811011049379658,1.5061732964269094,1.100797884980867,-1.6501223871916795,0.0,-1.0528958347549855e-09
educational_VMEC/from_MattLandreman_vmec_equilibria/TJ-II/100_44_64_0/100_44_64_0.0,vmecpp,success,,3,vmec_family,vmec_indata,wout_netcdf,0.01291422278107499,0.0,7.8110110493797,1.5061706981937217,1.1007978849808706,-1.6501224855763006,0.0,1.2871512666476348e-10
educational_VMEC/from_MattLandreman_vmec_equilibria/TJ-II/100_44_64_0/100_44_64_0.0,vmex,success,,3,vmec_family,vmec_indata,wout_netcdf,0.012914222766600366,0.0,7.811011049379693,1.5061732964269081,1.1007978849808693,-1.6501223871929116,0.0,7.345469718589293e-11
educational_VMEC/from_MattLandreman_vmec_equilibria/W7-X/HighMirror/txt,chease,failed,Unsupported: CHEASE requires a 2-D GEQDSK input,3,grad_shafranov,vmec_indata_via_geqdsk,geqdsk,,,,,,,,
educational_VMEC/from_MattLandreman_vmec_equilibria/W7-X/HighMirror/txt,desc,failed,Run failed,3,vmec_family,vmec_indata,wout_netcdf,,,,,,,,
educational_VMEC/from_MattLandreman_vmec_equilibria/W7-X/HighMirror/txt,educational_vmec,failed,Unsupported: required MGRID fixture unavailable: mgrid_w7x_nv36_hires.nc,3,vmec_family,vmec_indata,wout_netcdf,,,,,,,,
educational_VMEC/from_MattLandreman_vmec_equilibria/W7-X/HighMirror/txt,freegs,failed,Unsupported: FreeGS is restricted to 2-D Grad-Shafranov cases,3,grad_shafranov,vmec_indata_or_case,geqdsk,,,,,,,,
educational_VMEC/from_MattLandreman_vmec_equilibria/W7-X/HighMirror/txt,gvec,failed,Unsupported: required MGRID fixture unavailable: mgrid_w7x_nv36_hires.nc,3,vmec_family,vmec_indata,gvec_state,,,,,,,,
educational_VMEC/from_MattLandreman_vmec_equilibria/W7-X/HighMirror/txt,jvmec,failed,Unsupported: required MGRID fixture unavailable: mgrid_w7x_nv36_hires.nc,3,vmec_family,vmec_indata,wout_netcdf,,,,,,,,
educational_VMEC/from_MattLandreman_vmec_equilibria/W7-X/HighMirror/txt,parvmec,failed,Unsupported: required MGRID fixture unavailable: mgrid_w7x_nv36_hires.nc,3,vmec_family,vmec_indata,wout_netcdf,,,,,,,,
educational_VMEC/from_MattLandreman_vmec_equilibria/W7-X/HighMirror/txt,spec,failed,Unsupported: SPEC requires a native .sp input,3,spec_mhd,spec_namelist,spec_hdf5,,,,,,,,
educational_VMEC/from_MattLandreman_vmec_equilibria/W7-X/HighMirror/txt,spectre,failed,Unsupported: required MGRID fixture unavailable: mgrid_w7x_nv36_hires.nc,3,spectre_mhd,vmec_indata_or_spectre_toml,spectre_json,,,,,,,,
educational_VMEC/from_MattLandreman_vmec_equilibria/W7-X/HighMirror/txt,vmec2000,failed,Unsupported: required MGRID fixture unavailable: mgrid_w7x_nv36_hires.nc,3,vmec_family,vmec_indata,wout_netcdf,,,,,,,,
educational_VMEC/from_MattLandreman_vmec_equilibria/W7-X/HighMirror/txt,vmecpp,failed,Unsupported: required MGRID fixture unavailable: mgrid_w7x_nv36_hires.nc,3,vmec_family,vmec_indata,wout_netcdf,,,,,,,,
educational_VMEC/from_MattLandreman_vmec_equilibria/W7-X/HighMirror/txt,vmex,failed,Unsupported: required MGRID fixture unavailable: mgrid_w7x_nv36_hires.nc,3,vmec_family,vmec_indata,wout_netcdf,,,,,,,,
educational_VMEC/from_MattLandreman_vmec_equilibria/W7-X/Standard/txt,chease,failed,Unsupported: CHEASE requires a 2-D GEQDSK input,3,grad_shafranov,vmec_indata_via_geqdsk,geqdsk,,,,,,,,
educational_VMEC/from_MattLandreman_vmec_equilibria/W7-X/Standard/txt,desc,failed,Run failed,3,vmec_family,vmec_indata,wout_netcdf,,,,,,,,
educational_VMEC/from_MattLandreman_vmec_equilibria/W7-X/Standard/txt,educational_vmec,failed,Unsupported: required MGRID fixture unavailable: mgrid_w7x_nv36_hires.nc,3,vmec_family,vmec_indata,wout_netcdf,,,,,,,,
educational_VMEC/from_MattLandreman_vmec_equilibria/W7-X/Standard/txt,freegs,failed,Unsupported: FreeGS is restricted to 2-D Grad-Shafranov cases,3,grad_shafranov,vmec_indata_or_case,geqdsk,,,,,,,,
educational_VMEC/from_MattLandreman_vmec_equilibria/W7-X/Standard/txt,gvec,failed,Unsupported: required MGRID fixture unavailable: mgrid_w7x_nv36_hires.nc,3,vmec_family,vmec_indata,gvec_state,,,,,,,,
educational_VMEC/from_MattLandreman_vmec_equilibria/W7-X/Standard/txt,jvmec,failed,Unsupported: required MGRID fixture unavailable: mgrid_w7x_nv36_hires.nc,3,vmec_family,vmec_indata,wout_netcdf,,,,,,,,
educational_VMEC/from_MattLandreman_vmec_equilibria/W7-X/Standard/txt,parvmec,failed,Unsupported: required MGRID fixture unavailable: mgrid_w7x_nv36_hires.nc,3,vmec_family,vmec_indata,wout_netcdf,,,,,,,,
educational_VMEC/from_MattLandreman_vmec_equilibria/W7-X/Standard/txt,spec,failed,Unsupported: SPEC requires a native .sp input,3,spec_mhd,spec_namelist,spec_hdf5,,,,,,,,
educational_VMEC/from_MattLandreman_vmec_equilibria/W7-X/Standard/txt,spectre,failed,Unsupported: required MGRID fixture unavailable: mgrid_w7x_nv36_hires.nc,3,spectre_mhd,vmec_indata_or_spectre_toml,spectre_json,,,,,,,,
educational_VMEC/from_MattLandreman_vmec_equilibria/W7-X/Standard/txt,vmec2000,failed,Unsupported: required MGRID fixture unavailable: mgrid_w7x_nv36_hires.nc,3,vmec_family,vmec_indata,wout_netcdf,,,,,,,,
educational_VMEC/from_MattLandreman_vmec_equilibria/W7-X/Standard/txt,vmecpp,failed,Unsupported: required MGRID fixture unavailable: mgrid_w7x_nv36_hires.nc,3,vmec_family,vmec_indata,wout_netcdf,,,,,,,,
educational_VMEC/from_MattLandreman_vmec_equilibria/W7-X/Standard/txt,vmex,failed,Unsupported: required MGRID fixture unavailable: mgrid_w7x_nv36_hires.nc,3,vmec_family,vmec_indata,wout_netcdf,,,,,,,,
educational_VMEC/from_MattLandreman_vmec_equilibria/W7-X/Standard_fixed_boundary/W7-X_standard_configuration,chease,failed,Unsupported: CHEASE requires a 2-D GEQDSK input,3,grad_shafranov,vmec_indata_via_geqdsk,geqdsk,,,,,,,,
educational_VMEC/from_MattLandreman_vmec_equilibria/W7-X/Standard_fixed_boundary/W7-X_standard_configuration,desc,success,,3,vmec_family,vmec_indata,wout_netcdf,2.824232926886563,1.6151490472610003e-13,10.75094524800462,5.56852749012412,28.59893352739811,0.9547913445794461,1e-06,-1.3006553456698215e-10
educational_VMEC/from_MattLandreman_vmec_equilibria/W7-X/Standard_fixed_boundary/W7-X_standard_configuration,educational_vmec,success,,3,vmec_family,vmec_indata,wout_netcdf,2.8242168361099846,1.6147209450189717e-13,10.750945240252177,5.560188328028932,28.598933519839054,0.9615535559203905,1.0000000000000002e-06,-2.7050844203513336e-09
educational_VMEC/from_MattLandreman_vmec_equilibria/W7-X/Standard_fixed_boundary/W7-X_standard_configuration,freegs,failed,Unsupported: FreeGS is restricted to 2-D Grad-Shafranov cases,3,grad_shafranov,vmec_indata_or_case,geqdsk,,,,,,,,
educational_VMEC/from_MattLandreman_vmec_equilibria/W7-X/Standard_fixed_boundary/W7-X_standard_configuration,gvec,success,,3,vmec_family,vmec_indata,gvec_state,,,10.750945245975293,5.56016896059582,28.5989335350634,-0.966719990073862,1e-06,
educational_VMEC/from_MattLandreman_vmec_equilibria/W7-X/Standard_fixed_boundary/W7-X_standard_configuration,jvmec,success,,3,vmec_family,vmec_indata,wout_netcdf,2.8242046617164944,0.0,10.740554944519502,5.5611423825779145,28.452713806012426,0.9673706953462191,0.0,-2.2329143742338964e-09
educational_VMEC/from_MattLandreman_vmec_equilibria/W7-X/Standard_fixed_boundary/W7-X_standard_configuration,parvmec,success,,3,vmec_family,vmec_indata,wout_netcdf,2.8242046334617705,1.6145058793517858e-13,10.750945240252177,5.561169396351184,28.598933519839054,0.9673609234831205,1.0000000000000002e-06,8.435092901937224e-10
educational_VMEC/from_MattLandreman_vmec_equilibria/W7-X/Standard_fixed_boundary/W7-X_standard_configuration,spec,failed,Unsupported: SPEC requires a native .sp input,3,spec_mhd,spec_namelist,spec_hdf5,,,,,,,,
educational_VMEC/from_MattLandreman_vmec_equilibria/W7-X/Standard_fixed_boundary/W7-X_standard_configuration,spectre,failed,Run failed,3,spectre_mhd,vmec_indata_or_spectre_toml,spectre_json,,,,,,,,
educational_VMEC/from_MattLandreman_vmec_equilibria/W7-X/Standard_fixed_boundary/W7-X_standard_configuration,vmec2000,success,,3,vmec_family,vmec_indata,wout_netcdf,2.8242046334617834,1.6145058793517957e-13,10.750945240252177,5.5611693963515565,28.598933519839054,0.9673609234829145,1.0000000000000002e-06,1.1113072267976419e-10
educational_VMEC/from_MattLandreman_vmec_equilibria/W7-X/Standard_fixed_boundary/W7-X_standard_configuration,vmecpp,success,,3,vmec_family,vmec_indata,wout_netcdf,2.824204621679329,1.6145057928470287e-13,10.750945240252157,5.5611608131424575,28.598933519839136,0.9673562853631468,1.0000000000000002e-06,-1.9591533256813065e-09
educational_VMEC/from_MattLandreman_vmec_equilibria/W7-X/Standard_fixed_boundary/W7-X_standard_configuration,vmex,success,,3,vmec_family,vmec_indata,wout_netcdf,2.824204633461784,1.6145058793517879e-13,10.750945240252156,5.56116939634915,28.598933519839132,0.9673609234828155,1.0000000000000002e-06,3.968179951296946e-10
educational_VMEC/from_MattLandreman_vmec_equilibria/W7-X/fixedBoundaryBeforeCoilOptimmizationFromDrevlak/d23p4_tm,chease,failed,Unsupported: CHEASE requires a 2-D GEQDSK input,3,grad_shafranov,vmec_indata_via_geqdsk,geqdsk,,,,,,,,
educational_VMEC/from_MattLandreman_vmec_equilibria/W7-X/fixedBoundaryBeforeCoilOptimmizationFromDrevlak/d23p4_tm,desc,success,,3,vmec_family,vmec_indata,wout_netcdf,2.6054817399879697,0.007340197721667757,10.463334418745388,5.530048087690631,29.729955553273996,1.0182792654176633,50000.00000000001,-7.99727273351039e-11
educational_VMEC/from_MattLandreman_vmec_equilibria/W7-X/fixedBoundaryBeforeCoilOptimmizationFromDrevlak/d23p4_tm,educational_vmec,success,,3,vmec_family,vmec_indata,wout_netcdf,2.6063792206919936,0.04483458370577784,10.463334418745015,5.58833168970395,29.72995555327379,0.9825717302747771,283850.1057515236,4.07931067397671e-10
educational_VMEC/from_MattLandreman_vmec_equilibria/W7-X/fixedBoundaryBeforeCoilOptimmizationFromDrevlak/d23p4_tm,freegs,failed,Unsupported: FreeGS is restricted to 2-D Grad-Shafranov cases,3,grad_shafranov,vmec_indata_or_case,geqdsk,,,,,,,,
educational_VMEC/from_MattLandreman_vmec_equilibria/W7-X/fixedBoundaryBeforeCoilOptimmizationFromDrevlak/d23p4_tm,gvec,success,,3,vmec_family,vmec_indata,gvec_state,,,10.463334418745255,5.53526333482757,29.7299555532736,-1.04038262873947,50000.0,
educational_VMEC/from_MattLandreman_vmec_equilibria/W7-X/fixedBoundaryBeforeCoilOptimmizationFromDrevlak/d23p4_tm,jvmec,failed,Run failed,3,vmec_family,vmec_indata,wout_netcdf,,,,,,,,
educational_VMEC/from_MattLandreman_vmec_equilibria/W7-X/fixedBoundaryBeforeCoilOptimmizationFromDrevlak/d23p4_tm,parvmec,success,,3,vmec_family,vmec_indata,wout_netcdf,2.606312318143817,0.04484064575967625,10.463334418745015,5.585967274359973,29.72995555327379,1.0038602405606423,283958.52322322526,3.0372568609465796e-09
educational_VMEC/from_MattLandreman_vmec_equilibria/W7-X/fixedBoundaryBeforeCoilOptimmizationFromDrevlak/d23p4_tm,spec,failed,Unsupported: SPEC requires a native .sp input,3,spec_mhd,spec_namelist,spec_hdf5,,,,,,,,
educational_VMEC/from_MattLandreman_vmec_equilibria/W7-X/fixedBoundaryBeforeCoilOptimmizationFromDrevlak/d23p4_tm,spectre,failed,Run failed,3,spectre_mhd,vmec_indata_or_spectre_toml,spectre_json,,,,,,,,
educational_VMEC/from_MattLandreman_vmec_equilibria/W7-X/fixedBoundaryBeforeCoilOptimmizationFromDrevlak/d23p4_tm,vmec2000,success,,3,vmec_family,vmec_indata,wout_netcdf,2.606312318143831,0.044840645759662075,10.463334418745015,5.585967274313909,29.72995555327379,1.0038602407170767,283958.5232242765,-4.297506361189418e-10
educational_VMEC/from_MattLandreman_vmec_equilibria/W7-X/fixedBoundaryBeforeCoilOptimmizationFromDrevlak/d23p4_tm,vmecpp,success,,3,vmec_family,vmec_indata,wout_netcdf,2.606312318142479,0.04484064576016461,10.463334418745278,5.5859672715046935,29.72995555327365,1.0038602352869135,283958.5234318588,1.5403802365587802e-09
educational_VMEC/from_MattLandreman_vmec_equilibria/W7-X/fixedBoundaryBeforeCoilOptimmizationFromDrevlak/d23p4_tm,vmex,failed,Run failed,3,vmec_family,vmec_indata,wout_netcdf,,,,,,,,
educational_VMEC/from_SIMSOPT/2_Intermediate/QAS,chease,failed,Unsupported: CHEASE requires a 2-D GEQDSK input,3,grad_shafranov,vmec_indata_via_geqdsk,geqdsk,,,,,,,,
educational_VMEC/from_SIMSOPT/2_Intermediate/QAS,desc,success,,3,vmec_family,vmec_indata,wout_netcdf,0.09297559068215767,0.041157373407036874,4.469347415346892,1.5389592138420456,2.9628141339355722,0.27972008435370194,68551.76489999998,178606.17228999274
educational_VMEC/from_SIMSOPT/2_Intermediate/QAS,educational_vmec,success,,3,vmec_family,vmec_indata,wout_netcdf,0.09294920452957352,0.040822308549266856,4.469347452349007,1.4936367976931113,2.962814154642783,0.6582885232129877,68553.77685866476,-178633.05069297287
educational_VMEC/from_SIMSOPT/2_Intermediate/QAS,freegs,failed,Unsupported: FreeGS is restricted to 2-D Grad-Shafranov cases,3,grad_shafranov,vmec_indata_or_case,geqdsk,,,,,,,,
educational_VMEC/from_SIMSOPT/2_Intermediate/QAS,gvec,failed,Run failed,3,vmec_family,vmec_indata,gvec_state,,,,,,,,
educational_VMEC/from_SIMSOPT/2_Intermediate/QAS,jvmec,failed,Run failed,3,vmec_family,vmec_indata,wout_netcdf,,,,,,,,
educational_VMEC/from_SIMSOPT/2_Intermediate/QAS,parvmec,success,,3,vmec_family,vmec_indata,wout_netcdf,0.09294971006779053,0.04086880488430537,4.469347452349007,1.4949803099063486,2.962814154642783,0.6547082958662296,68553.77685866476,-178633.05069297287
educational_VMEC/from_SIMSOPT/2_Intermediate/QAS,spec,failed,Unsupported: SPEC requires a native .sp input,3,spec_mhd,spec_namelist,spec_hdf5,,,,,,,,
educational_VMEC/from_SIMSOPT/2_Intermediate/QAS,spectre,failed,Run failed,3,spectre_mhd,vmec_indata_or_spectre_toml,spectre_json,,,,,,,,
educational_VMEC/from_SIMSOPT/2_Intermediate/QAS,vmec2000,success,,3,vmec_family,vmec_indata,wout_netcdf,0.09294971006778796,0.04086880488430254,4.469347452349007,1.4949803099080667,2.962814154642783,0.6547082958653657,68553.77685866476,-178633.05069297238
educational_VMEC/from_SIMSOPT/2_Intermediate/QAS,vmecpp,success,,3,vmec_family,vmec_indata,wout_netcdf,0.09294971134111236,0.04086880792244412,4.469347452349039,1.4949800767153398,2.962814154642782,0.6547055311604287,68553.77685866476,-178633.0506929736
educational_VMEC/from_SIMSOPT/2_Intermediate/QAS,vmex,success,,3,vmec_family,vmec_indata,wout_netcdf,0.09294971006778997,0.04086880488430433,4.469347452349033,1.4949803099086263,2.962814154642781,0.6547082958667547,68553.77685866476,-178633.0506929739
educational_VMEC/from_SIMSOPT/2_Intermediate/nfp2_QA,chease,failed,Unsupported: CHEASE requires a 2-D GEQDSK input,3,grad_shafranov,vmec_indata_via_geqdsk,geqdsk,,,,,,,,
educational_VMEC/from_SIMSOPT/2_Intermediate/nfp2_QA,desc,success,,3,vmec_family,vmec_indata,wout_netcdf,0.004318439910606669,0.0,5.000000000000003,0.9925349425695528,0.7895683520871484,-6.162011386023986e-21,0.0,5.678107899452828e-21
educational_VMEC/from_SIMSOPT/2_Intermediate/nfp2_QA,educational_vmec,success,,3,vmec_family,vmec_indata,wout_netcdf,0.004318439908998756,0.0,5.000000000000071,0.991233564816841,0.789568352087151,-2.9201789016553825e-29,0.0,1.2687063508650916e-25
educational_VMEC/from_SIMSOPT/2_Intermediate/nfp2_QA,freegs,failed,Unsupported: FreeGS is restricted to 2-D Grad-Shafranov cases,3,grad_shafranov,vmec_indata_or_case,geqdsk,,,,,,,,
educational_VMEC/from_SIMSOPT/2_Intermediate/nfp2_QA,gvec,success,,3,vmec_family,vmec_indata,gvec_state,,,5.0,0.999942776237865,0.789568352087148,-3.1609413825746e-18,0.0,
educational_VMEC/from_SIMSOPT/2_Intermediate/nfp2_QA,jvmec,success,,3,vmec_family,vmec_indata,wout_netcdf,0.004318439908998787,0.0,5.000000000000008,0.9912335648223072,0.7895683520871509,-1.9366804339726274e-29,0.0,-2.5133385774253423e-25
educational_VMEC/from_SIMSOPT/2_Intermediate/nfp2_QA,parvmec,success,,3,vmec_family,vmec_indata,wout_netcdf,0.0043184399089988,0.0,5.000000000000071,0.9912335648209746,0.789568352087151,-8.521253078591069e-29,0.0,5.681493335942346e-26
educational_VMEC/from_SIMSOPT/2_Intermediate/nfp2_QA,spec,failed,Unsupported: SPEC requires a native .sp input,3,spec_mhd,spec_namelist,spec_hdf5,,,,,,,,
educational_VMEC/from_SIMSOPT/2_Intermediate/nfp2_QA,spectre,failed,Run failed,3,spectre_mhd,vmec_indata_or_spectre_toml,spectre_json,,,,,,,,
educational_VMEC/from_SIMSOPT/2_Intermediate/nfp2_QA,vmec2000,success,,3,vmec_family,vmec_indata,wout_netcdf,0.004318439908998812,0.0,5.000000000000071,0.99123356482388,0.789568352087151,3.552015010525037e-29,0.0,-3.442599775592184e-26
educational_VMEC/from_SIMSOPT/2_Intermediate/nfp2_QA,vmecpp,success,,3,vmec_family,vmec_indata,wout_netcdf,0.0043184399089987655,0.0,4.999999999999993,0.9912335648239868,0.7895683520871487,7.528460091987695e-29,0.0,-2.3291715264933134e-25
educational_VMEC/from_SIMSOPT/2_Intermediate/nfp2_QA,vmex,success,,3,vmec_family,vmec_indata,wout_netcdf,0.004318439908998757,0.0,4.9999999999999964,0.9912335648271513,0.7895683520871488,4.392506681560048e-29,0.0,-4.622231866529366e-26
educational_VMEC/from_SIMSOPT/2_Intermediate/nfp4_QH_warm_start,chease,failed,Unsupported: CHEASE requires a 2-D GEQDSK input,3,grad_shafranov,vmec_indata_via_geqdsk,geqdsk,,,,,,,,
educational_VMEC/from_SIMSOPT/2_Intermediate/nfp4_QH_warm_start,desc,success,,3,vmec_family,vmec_indata,wout_netcdf,0.00378567184954035,0.0,7.000345969199067,0.9932879340668888,0.39889211450723994,-1.0265559144500533,0.0,-4.39410589753318e-12
educational_VMEC/from_SIMSOPT/2_Intermediate/nfp4_QH_warm_start,educational_vmec,success,,3,vmec_family,vmec_indata,wout_netcdf,0.003785094650775348,0.0,7.000345969477086,1.003146702493349,0.39889211435747,-1.156701762815377,0.0,-4.5536491244391186e-11
educational_VMEC/from_SIMSOPT/2_Intermediate/nfp4_QH_warm_start,freegs,failed,Unsupported: FreeGS is restricted to 2-D Grad-Shafranov cases,3,grad_shafranov,vmec_indata_or_case,geqdsk,,,,,,,,
educational_VMEC/from_SIMSOPT/2_Intermediate/nfp4_QH_warm_start,gvec,success,,3,vmec_family,vmec_indata,gvec_state,,,7.000345969477056,1.00327433893096,0.398892114357469,1.15552123270269,0.0,
educational_VMEC/from_SIMSOPT/2_Intermediate/nfp4_QH_warm_start,jvmec,success,,3,vmec_family,vmec_indata,wout_netcdf,0.003785094650775417,0.0,5.901164351606029,1.0031467023173655,0.5459861956450157,-1.1567017361041776,0.0,-1.214306433183765e-10
educational_VMEC/from_SIMSOPT/2_Intermediate/nfp4_QH_warm_start,parvmec,success,,3,vmec_family,vmec_indata,wout_netcdf,0.003785094650775401,0.0,7.000345969477086,1.0031467023160778,0.39889211435747,-1.1567017360683491,0.0,-2.7647155398380363e-11
educational_VMEC/from_SIMSOPT/2_Intermediate/nfp4_QH_warm_start,spec,failed,Unsupported: SPEC requires a native .sp input,3,spec_mhd,spec_namelist,spec_hdf5,,,,,,,,
educational_VMEC/from_SIMSOPT/2_Intermediate/nfp4_QH_warm_start,spectre,failed,Run failed,3,spectre_mhd,vmec_indata_or_spectre_toml,spectre_json,,,,,,,,
educational_VMEC/from_SIMSOPT/2_Intermediate/nfp4_QH_warm_start,vmec2000,success,,3,vmec_family,vmec_indata,wout_netcdf,0.0037850946507753886,0.0,7.000345969477086,1.0031467023182974,0.39889211435747,-1.1567017361961125,0.0,1.610040226140974e-10
educational_VMEC/from_SIMSOPT/2_Intermediate/nfp4_QH_warm_start,vmecpp,success,,3,vmec_family,vmec_indata,wout_netcdf,0.003785094650775368,0.0,7.000345969477071,1.0031467024947187,0.39889211435747013,-1.1567017629557508,0.0,-3.5236570605778894e-12
educational_VMEC/from_SIMSOPT/2_Intermediate/nfp4_QH_warm_start,vmex,success,,3,vmec_family,vmec_indata,wout_netcdf,0.0037850946507753938,0.0,7.00034596947707,1.003146702319494,0.39889211435747,-1.1567017363116896,0.0,-3.0357660829594124e-11
educational_VMEC/from_SIMSOPT/3_Advanced/nfp2_QA_iota0.4_withIslands,chease,failed,Unsupported: CHEASE requires a 2-D GEQDSK input,3,grad_shafranov,vmec_indata_via_geqdsk,geqdsk,,,,,,,,
educational_VMEC/from_SIMSOPT/3_Advanced/nfp2_QA_iota0.4_withIslands,desc,success,,3,vmec_family,vmec_indata,wout_netcdf,1.0069037203223317,0.0,5.999989588862883,1.0119333103495944,0.5575650789021638,0.4138914415587381,0.0,-3.0231448575028284e-10
educational_VMEC/from_SIMSOPT/3_Advanced/nfp2_QA_iota0.4_withIslands,educational_vmec,success,,3,vmec_family,vmec_indata,wout_netcdf,1.0068406832096164,0.0,5.999989582537554,0.9948004750769819,0.5575650803047697,0.41492970816299585,0.0,-8.565197162635485e-11
educational_VMEC/from_SIMSOPT/3_Advanced/nfp2_QA_iota0.4_withIslands,freegs,failed,Unsupported: FreeGS is restricted to 2-D Grad-Shafranov cases,3,grad_shafranov,vmec_indata_or_case,geqdsk,,,,,,,,
educational_VMEC/from_SIMSOPT/3_Advanced/nfp2_QA_iota0.4_withIslands,gvec,success,,3,vmec_family,vmec_indata,gvec_state,,,5.999989582537537,0.994368789143379,0.557565080304772,-0.414810184589373,0.0,
educational_VMEC/from_SIMSOPT/3_Advanced/nfp2_QA_iota0.4_withIslands,jvmec,success,,3,vmec_family,vmec_indata,wout_netcdf,1.0068406832107655,0.0,5.872272550588347,0.9948005165556708,0.5243149552620677,0.4149297796577723,0.0,6.342582709040201e-10
educational_VMEC/from_SIMSOPT/3_Advanced/nfp2_QA_iota0.4_withIslands,parvmec,success,,3,vmec_family,vmec_indata,wout_netcdf,1.0068407054353272,0.0,5.999989582537554,0.9947073178054924,0.5575650803047697,0.414956392155971,0.0,-1.496198998029996e-10
educational_VMEC/from_SIMSOPT/3_Advanced/nfp2_QA_iota0.4_withIslands,spec,failed,Unsupported: SPEC requires a native .sp input,3,spec_mhd,spec_namelist,spec_hdf5,,,,,,,,
educational_VMEC/from_SIMSOPT/3_Advanced/nfp2_QA_iota0.4_withIslands,spectre,failed,Run failed,3,spectre_mhd,vmec_indata_or_spectre_toml,spectre_json,,,,,,,,
educational_VMEC/from_SIMSOPT/3_Advanced/nfp2_QA_iota0.4_withIslands,vmec2000,success,,3,vmec_family,vmec_indata,wout_netcdf,1.006840705435297,0.0,5.999989582537554,0.9947073179001817,0.5575650803047697,0.41495639216066094,0.0,4.98732999343332e-11
educational_VMEC/from_SIMSOPT/3_Advanced/nfp2_QA_iota0.4_withIslands,vmecpp,success,,3,vmec_family,vmec_indata,wout_netcdf,1.0068407865280615,0.0,5.999989582537543,0.9945845653083422,0.55756508030477,0.41502453409966944,0.0,2.829767670187166e-10
educational_VMEC/from_SIMSOPT/3_Advanced/nfp2_QA_iota0.4_withIslands,vmex,success,,3,vmec_family,vmec_indata,wout_netcdf,1.0068407054353006,0.0,5.999989582537543,0.9947073179105448,0.55756508030477,0.41495639216746727,0.0,6.071532165918825e-10
educational_VMEC/from_SIMSOPT/stellarator_benchmarks/1DOF_Garabedian,chease,failed,Unsupported: CHEASE requires a 2-D GEQDSK input,3,grad_shafranov,vmec_indata_via_geqdsk,geqdsk,,,,,,,,
educational_VMEC/from_SIMSOPT/stellarator_benchmarks/1DOF_Garabedian,desc,success,,3,vmec_family,vmec_indata,wout_netcdf,316.91006314528335,0.0,100.0,0.999946086083465,0.0019739208802178705,-0.5444383150826133,0.0,0.0
educational_VMEC/from_SIMSOPT/stellarator_benchmarks/1DOF_Garabedian,educational_vmec,success,,3,vmec_family,vmec_indata,wout_netcdf,316.9100402491868,0.0,99.9999999999971,0.9999854502078757,0.0019739208802178622,-0.5440786514858523,0.0,-2.2898349882893854e-09
educational_VMEC/from_SIMSOPT/stellarator_benchmarks/1DOF_Garabedian,freegs,failed,Unsupported: FreeGS is restricted to 2-D Grad-Shafranov cases,3,grad_shafranov,vmec_indata_or_case,geqdsk,,,,,,,,
educational_VMEC/from_SIMSOPT/stellarator_benchmarks/1DOF_Garabedian,gvec,success,,3,vmec_family,vmec_indata,gvec_state,,,100.0,0.999990671594162,0.00197392088021787,0.544198879180277,0.0,
educational_VMEC/from_SIMSOPT/stellarator_benchmarks/1DOF_Garabedian,jvmec,success,,3,vmec_family,vmec_indata,wout_netcdf,316.9100402491418,0.0,99.99999999999979,0.9999854502132645,0.0019739208802178666,-0.5440786547851997,0.0,7.28583859910259e-09
educational_VMEC/from_SIMSOPT/stellarator_benchmarks/1DOF_Garabedian,parvmec,success,,3,vmec_family,vmec_indata,wout_netcdf,316.9100402700591,0.0,99.9999999999971,0.9999854640494206,0.0019739208802178622,-0.5440854000731977,0.0,3.747002708109903e-09
educational_VMEC/from_SIMSOPT/stellarator_benchmarks/1DOF_Garabedian,spec,failed,Unsupported: SPEC requires a native .sp input,3,spec_mhd,spec_namelist,spec_hdf5,,,,,,,,
educational_VMEC/from_SIMSOPT/stellarator_benchmarks/1DOF_Garabedian,spectre,failed,Run failed,3,spectre_mhd,vmec_indata_or_spectre_toml,spectre_json,,,,,,,,
educational_VMEC/from_SIMSOPT/stellarator_benchmarks/1DOF_Garabedian,vmec2000,success,,3,vmec_family,vmec_indata,wout_netcdf,316.91004027005874,0.0,99.9999999999971,0.999985464049409,0.0019739208802178622,-0.5440854000679615,0.0,2.220446049250313e-09
educational_VMEC/from_SIMSOPT/stellarator_benchmarks/1DOF_Garabedian,vmecpp,success,,3,vmec_family,vmec_indata,wout_netcdf,316.9100402491871,0.0,99.99999999999942,0.9999854502078621,0.001973920880217887,-0.5440786514908622,0.0,5.20417042793042e-10
educational_VMEC/from_SIMSOPT/stellarator_benchmarks/1DOF_Garabedian,vmex,success,,3,vmec_family,vmec_indata,wout_netcdf,316.91004027005874,0.0,99.99999999999906,0.9999854640494137,0.0019739208802178818,-0.5440854000743129,0.0,2.220446049250313e-09
educational_VMEC/from_SIMSOPT/stellarator_benchmarks/2DOF_circularCrossSection_varyAxis_targetIotaAndQuasisymmetry,chease,failed,Unsupported: CHEASE requires a 2-D GEQDSK input,3,grad_shafranov,vmec_indata_via_geqdsk,geqdsk,,,,,,,,
educational_VMEC/from_SIMSOPT/stellarator_benchmarks/2DOF_circularCrossSection_varyAxis_targetIotaAndQuasisymmetry,desc,success,,3,vmec_family,vmec_indata,wout_netcdf,0.7487636745963057,0.0,10.000000000000016,0.9882743896072815,0.19739208802178743,6.605636156435809e-05,0.0,1.4500549461859496e-11
educational_VMEC/from_SIMSOPT/stellarator_benchmarks/2DOF_circularCrossSection_varyAxis_targetIotaAndQuasisymmetry,educational_vmec,success,,3,vmec_family,vmec_indata,wout_netcdf,0.7487638962277554,0.0,10.0,0.9991542994844889,0.19739208802178743,7.619962525133982e-14,0.0,3.4845883861241386e-11
educational_VMEC/from_SIMSOPT/stellarator_benchmarks/2DOF_circularCrossSection_varyAxis_targetIotaAndQuasisymmetry,freegs,failed,Unsupported: FreeGS is restricted to 2-D Grad-Shafranov cases,3,grad_shafranov,vmec_indata_or_case,geqdsk,,,,,,,,
educational_VMEC/from_SIMSOPT/stellarator_benchmarks/2DOF_circularCrossSection_varyAxis_targetIotaAndQuasisymmetry,gvec,failed,Run failed,3,vmec_family,vmec_indata,gvec_state,,,,,,,,
educational_VMEC/from_SIMSOPT/stellarator_benchmarks/2DOF_circularCrossSection_varyAxis_targetIotaAndQuasisymmetry,jvmec,success,,3,vmec_family,vmec_indata,wout_netcdf,0.7487638960877375,0.0,10.00000000000002,0.9991542548949304,0.19739208802178765,1.8634836079609743e-14,0.0,5.0264957299873666e-11
educational_VMEC/from_SIMSOPT/stellarator_benchmarks/2DOF_circularCrossSection_varyAxis_targetIotaAndQuasisymmetry,parvmec,success,,3,vmec_family,vmec_indata,wout_netcdf,0.7487638960877356,0.0,10.0,0.9991542549093576,0.19739208802178743,1.778371101149695e-14,0.0,2.114056456406889e-11
educational_VMEC/from_SIMSOPT/stellarator_benchmarks/2DOF_circularCrossSection_varyAxis_targetIotaAndQuasisymmetry,spec,failed,Unsupported: SPEC requires a native .sp input,3,spec_mhd,spec_namelist,spec_hdf5,,,,,,,,
educational_VMEC/from_SIMSOPT/stellarator_benchmarks/2DOF_circularCrossSection_varyAxis_targetIotaAndQuasisymmetry,spectre,failed,Run failed,3,spectre_mhd,vmec_indata_or_spectre_toml,spectre_json,,,,,,,,
educational_VMEC/from_SIMSOPT/stellarator_benchmarks/2DOF_circularCrossSection_varyAxis_targetIotaAndQuasisymmetry,vmec2000,success,,3,vmec_family,vmec_indata,wout_netcdf,0.7487638960877347,0.0,10.0,0.9991542549159675,0.19739208802178743,-1.1595816206289018e-14,0.0,-1.0187806232660796e-10
educational_VMEC/from_SIMSOPT/stellarator_benchmarks/2DOF_circularCrossSection_varyAxis_targetIotaAndQuasisymmetry,vmecpp,success,,3,vmec_family,vmec_indata,wout_netcdf,0.7487638962277574,0.0,9.999999999999979,0.99915429948193,0.1973920880217873,-6.012761971972319e-14,0.0,-4.341700318679212e-10
educational_VMEC/from_SIMSOPT/stellarator_benchmarks/2DOF_circularCrossSection_varyAxis_targetIotaAndQuasisymmetry,vmex,success,,3,vmec_family,vmec_indata,wout_netcdf,0.7487638960877361,0.0,9.999999999999988,0.9991542549194055,0.19739208802178726,-4.1012783184157695e-14,0.0,1.9081958235744875e-10
educational_VMEC/from_SIMSOPT/stellarator_benchmarks/2DOF_vmecOnly_targetIotaAndVolume,chease,failed,Unsupported: CHEASE requires a 2-D GEQDSK input,3,grad_shafranov,vmec_indata_via_geqdsk,geqdsk,,,,,,,,
educational_VMEC/from_SIMSOPT/stellarator_benchmarks/2DOF_vmecOnly_targetIotaAndVolume,desc,success,,3,vmec_family,vmec_indata,wout_netcdf,0.9134514007701221,0.0,11.54700538379251,1.0137740965351445,0.14804406601634038,0.9703389447578695,0.0,-3.26042657596962e-10
educational_VMEC/from_SIMSOPT/stellarator_benchmarks/2DOF_vmecOnly_targetIotaAndVolume,educational_vmec,success,,3,vmec_family,vmec_indata,wout_netcdf,0.9130697460406726,0.0,11.547005383792529,0.999227910826873,0.14804406601634051,1.0413338471463538,0.0,7.101524229780054e-10
educational_VMEC/from_SIMSOPT/stellarator_benchmarks/2DOF_vmecOnly_targetIotaAndVolume,freegs,failed,Unsupported: FreeGS is restricted to 2-D Grad-Shafranov cases,3,grad_shafranov,vmec_indata_or_case,geqdsk,,,,,,,,
educational_VMEC/from_SIMSOPT/stellarator_benchmarks/2DOF_vmecOnly_targetIotaAndVolume,gvec,success,,3,vmec_family,vmec_indata,gvec_state,,,11.547005383792499,0.999014563415559,0.14804406601634,-1.04106319045004,0.0,
educational_VMEC/from_SIMSOPT/stellarator_benchmarks/2DOF_vmecOnly_targetIotaAndVolume,jvmec,success,,3,vmec_family,vmec_indata,wout_netcdf,0.9130697460393338,0.0,11.547005383792515,0.9992279105414863,0.14804406601634032,1.0413338388995226,0.0,6.396792817664476e-11
educational_VMEC/from_SIMSOPT/stellarator_benchmarks/2DOF_vmecOnly_targetIotaAndVolume,parvmec,success,,3,vmec_family,vmec_indata,wout_netcdf,0.9130697460393328,0.0,11.547005383792529,0.9992279105412357,0.14804406601634051,1.0413338388984794,0.0,1.3877787807814457e-10
educational_VMEC/from_SIMSOPT/stellarator_benchmarks/2DOF_vmecOnly_targetIotaAndVolume,spec,failed,Unsupported: SPEC requires a native .sp input,3,spec_mhd,spec_namelist,spec_hdf5,,,,,,,,
educational_VMEC/from_SIMSOPT/stellarator_benchmarks/2DOF_vmecOnly_targetIotaAndVolume,spectre,failed,Run failed,3,spectre_mhd,vmec_indata_or_spectre_toml,spectre_json,,,,,,,,
educational_VMEC/from_SIMSOPT/stellarator_benchmarks/2DOF_vmecOnly_targetIotaAndVolume,vmec2000,success,,3,vmec_family,vmec_indata,wout_netcdf,0.9130697460393328,0.0,11.547005383792529,0.9992279105411829,0.14804406601634051,1.0413338388985152,0.0,-1.2565903179106996e-09
educational_VMEC/from_SIMSOPT/stellarator_benchmarks/2DOF_vmecOnly_targetIotaAndVolume,vmecpp,success,,3,vmec_family,vmec_indata,wout_netcdf,0.9130697460406744,0.0,11.547005383792497,0.9992279108268912,0.14804406601634046,1.0413338471452918,0.0,6.01732205729455e-10
educational_VMEC/from_SIMSOPT/stellarator_benchmarks/2DOF_vmecOnly_targetIotaAndVolume,vmex,success,,3,vmec_family,vmec_indata,wout_netcdf,0.9130697460393338,0.0,11.547005383792499,0.9992279105413655,0.1480440660163404,1.0413338388992008,0.0,8.749511531958021e-10
educational_VMEC/from_SIMSOPT/stellarator_benchmarks/stellopt_scenarios_7dof,chease,failed,Unsupported: CHEASE requires a 2-D GEQDSK input,3,grad_shafranov,vmec_indata_via_geqdsk,geqdsk,,,,,,,,
educational_VMEC/from_SIMSOPT/stellarator_benchmarks/stellopt_scenarios_7dof,desc,success,,3,vmec_family,vmec_indata,wout_netcdf,3.1334170201106177,0.0,10.00000000000014,0.9933672069535631,0.19739208802178987,-0.5000879461654192,0.0,7.030569436053088e-11
educational_VMEC/from_SIMSOPT/stellarator_benchmarks/stellopt_scenarios_7dof,educational_vmec,success,,3,vmec_family,vmec_indata,wout_netcdf,3.1334143826998813,0.0,10.0,0.9968563862440787,0.19739208802178743,-0.5049161093969566,0.0,-6.873841773558098e-10
educational_VMEC/from_SIMSOPT/stellarator_benchmarks/stellopt_scenarios_7dof,freegs,failed,Unsupported: FreeGS is restricted to 2-D Grad-Shafranov cases,3,grad_shafranov,vmec_indata_or_case,geqdsk,,,,,,,,
educational_VMEC/from_SIMSOPT/stellarator_benchmarks/stellopt_scenarios_7dof,gvec,success,,3,vmec_family,vmec_indata,gvec_state,,,10.0,0.996681801768846,0.197392088021787,0.504919512926703,0.0,
educational_VMEC/from_SIMSOPT/stellarator_benchmarks/stellopt_scenarios_7dof,jvmec,success,,3,vmec_family,vmec_indata,wout_netcdf,3.133414382705835,0.0,9.999999999999988,0.9968564022718023,0.1973920880217871,-0.5049160991609627,0.0,5.00901403688303e-10
educational_VMEC/from_SIMSOPT/stellarator_benchmarks/stellopt_scenarios_7dof,parvmec,success,,3,vmec_family,vmec_indata,wout_netcdf,3.133414382705848,0.0,10.0,0.9968564022686313,0.19739208802178743,-0.5049160991595358,0.0,-3.361026734705064e-10
educational_VMEC/from_SIMSOPT/stellarator_benchmarks/stellopt_scenarios_7dof,spec,failed,Unsupported: SPEC requires a native .sp input,3,spec_mhd,spec_namelist,spec_hdf5,,,,,,,,
educational_VMEC/from_SIMSOPT/stellarator_benchmarks/stellopt_scenarios_7dof,spectre,failed,Run failed,3,spectre_mhd,vmec_indata_or_spectre_toml,spectre_json,,,,,,,,
educational_VMEC/from_SIMSOPT/stellarator_benchmarks/stellopt_scenarios_7dof,vmec2000,success,,3,vmec_family,vmec_indata,wout_netcdf,3.1334143827058307,0.0,10.0,0.996856402270347,0.19739208802178743,-0.5049160991602015,0.0,-1.6371452804531115e-09
educational_VMEC/from_SIMSOPT/stellarator_benchmarks/stellopt_scenarios_7dof,vmecpp,success,,3,vmec_family,vmec_indata,wout_netcdf,3.1334143826998853,0.0,9.999999999999979,0.9968563862441795,0.1973920880217873,-0.5049161093969314,0.0,-1.702197410802242e-09
educational_VMEC/from_SIMSOPT/stellarator_benchmarks/stellopt_scenarios_7dof,vmex,success,,3,vmec_family,vmec_indata,wout_netcdf,3.1334143827058423,0.0,9.999999999999988,0.9968564022721318,0.19739208802178726,-0.5049160991608073,0.0,-7.806255641895632e-10
educational_VMEC/from_STELLOPT_246/Asym/asdex.tichman,chease,failed,Unsupported: CHEASE requires a 2-D GEQDSK input,3,grad_shafranov,vmec_indata_via_geqdsk,geqdsk,,,,,,,,
educational_VMEC/from_STELLOPT_246/Asym/asdex.tichman,desc,success,,3,vmec_family,vmec_indata,wout_netcdf,1.0610014876819813,0.005547061876478472,2.5143554491996896,1.645772146208703,12.025993048596561,0.18236259999919607,55912.5528,760036.9494414151
educational_VMEC/from_STELLOPT_246/Asym/asdex.tichman,educational_vmec,failed,Unsupported: required MGRID fixture unavailable: ../../../MAKEGRID/Examples/mgrid_12224_ed1_tichman.nc,3,vmec_family,vmec_indata,wout_netcdf,,,,,,,,
educational_VMEC/from_STELLOPT_246/Asym/asdex.tichman,freegs,failed,Unsupported: FreeGS is restricted to 2-D Grad-Shafranov cases,3,grad_shafranov,vmec_indata_or_case,geqdsk,,,,,,,,
educational_VMEC/from_STELLOPT_246/Asym/asdex.tichman,gvec,failed,Unsupported: required MGRID fixture unavailable: ../../../MAKEGRID/Examples/mgrid_12224_ed1_tichman.nc,3,vmec_family,vmec_indata,gvec_state,,,,,,,,
educational_VMEC/from_STELLOPT_246/Asym/asdex.tichman,jvmec,failed,Unsupported: required MGRID fixture unavailable: ../../../MAKEGRID/Examples/mgrid_12224_ed1_tichman.nc,3,vmec_family,vmec_indata,wout_netcdf,,,,,,,,
educational_VMEC/from_STELLOPT_246/Asym/asdex.tichman,parvmec,failed,Unsupported: required MGRID fixture unavailable: ../../../MAKEGRID/Examples/mgrid_12224_ed1_tichman.nc,3,vmec_family,vmec_indata,wout_netcdf,,,,,,,,
educational_VMEC/from_STELLOPT_246/Asym/asdex.tichman,spec,failed,Unsupported: SPEC requires a native .sp input,3,spec_mhd,spec_namelist,spec_hdf5,,,,,,,,
educational_VMEC/from_STELLOPT_246/Asym/asdex.tichman,spectre,failed,Unsupported: required MGRID fixture unavailable: ../../../MAKEGRID/Examples/mgrid_12224_ed1_tichman.nc,3,spectre_mhd,vmec_indata_or_spectre_toml,spectre_json,,,,,,,,
educational_VMEC/from_STELLOPT_246/Asym/asdex.tichman,vmec2000,failed,Unsupported: required MGRID fixture unavailable: ../../../MAKEGRID/Examples/mgrid_12224_ed1_tichman.nc,3,vmec_family,vmec_indata,wout_netcdf,,,,,,,,
educational_VMEC/from_STELLOPT_246/Asym/asdex.tichman,vmecpp,failed,Unsupported: required MGRID fixture unavailable: ../../../MAKEGRID/Examples/mgrid_12224_ed1_tichman.nc,3,vmec_family,vmec_indata,wout_netcdf,,,,,,,,
educational_VMEC/from_STELLOPT_246/Asym/asdex.tichman,vmex,failed,Unsupported: required MGRID fixture unavailable: ../../../MAKEGRID/Examples/mgrid_12224_ed1_tichman.nc,3,vmec_family,vmec_indata,wout_netcdf,,,,,,,,
educational_VMEC/from_STELLOPT_246/Asym/asdex_fixed,chease,failed,Unsupported: CHEASE requires a 2-D GEQDSK input,3,grad_shafranov,vmec_indata_via_geqdsk,geqdsk,,,,,,,,
educational_VMEC/from_STELLOPT_246/Asym/asdex_fixed,desc,success,,3,vmec_family,vmec_indata,wout_netcdf,1.0609990726407927,0.005548981114600061,2.514355449193469,1.64520042397091,12.025993048566814,0.18236259999919607,55912.5528,772268.8605409256
educational_VMEC/from_STELLOPT_246/Asym/asdex_fixed,educational_vmec,failed,Unsupported: required MGRID fixture unavailable: ../../../MAKEGRID/Examples/mgrid_12224_ed1_tichman.nc,3,vmec_family,vmec_indata,wout_netcdf,,,,,,,,
educational_VMEC/from_STELLOPT_246/Asym/asdex_fixed,freegs,failed,Unsupported: FreeGS is restricted to 2-D Grad-Shafranov cases,3,grad_shafranov,vmec_indata_or_case,geqdsk,,,,,,,,
educational_VMEC/from_STELLOPT_246/Asym/asdex_fixed,gvec,failed,Unsupported: required MGRID fixture unavailable: ../../../MAKEGRID/Examples/mgrid_12224_ed1_tichman.nc,3,vmec_family,vmec_indata,gvec_state,,,,,,,,
educational_VMEC/from_STELLOPT_246/Asym/asdex_fixed,jvmec,failed,Unsupported: required MGRID fixture unavailable: ../../../MAKEGRID/Examples/mgrid_12224_ed1_tichman.nc,3,vmec_family,vmec_indata,wout_netcdf,,,,,,,,
educational_VMEC/from_STELLOPT_246/Asym/asdex_fixed,parvmec,failed,Unsupported: required MGRID fixture unavailable: ../../../MAKEGRID/Examples/mgrid_12224_ed1_tichman.nc,3,vmec_family,vmec_indata,wout_netcdf,,,,,,,,
educational_VMEC/from_STELLOPT_246/Asym/asdex_fixed,spec,failed,Unsupported: SPEC requires a native .sp input,3,spec_mhd,spec_namelist,spec_hdf5,,,,,,,,
educational_VMEC/from_STELLOPT_246/Asym/asdex_fixed,spectre,failed,Unsupported: required MGRID fixture unavailable: ../../../MAKEGRID/Examples/mgrid_12224_ed1_tichman.nc,3,spectre_mhd,vmec_indata_or_spectre_toml,spectre_json,,,,,,,,
educational_VMEC/from_STELLOPT_246/Asym/asdex_fixed,vmec2000,failed,Unsupported: required MGRID fixture unavailable: ../../../MAKEGRID/Examples/mgrid_12224_ed1_tichman.nc,3,vmec_family,vmec_indata,wout_netcdf,,,,,,,,
educational_VMEC/from_STELLOPT_246/Asym/asdex_fixed,vmecpp,failed,Unsupported: required MGRID fixture unavailable: ../../../MAKEGRID/Examples/mgrid_12224_ed1_tichman.nc,3,vmec_family,vmec_indata,wout_netcdf,,,,,,,,
educational_VMEC/from_STELLOPT_246/Asym/asdex_fixed,vmex,failed,Unsupported: required MGRID fixture unavailable: ../../../MAKEGRID/Examples/mgrid_12224_ed1_tichman.nc,3,vmec_family,vmec_indata,wout_netcdf,,,,,,,,
educational_VMEC/from_STELLOPT_246/Asym/d3d.071273.02375,chease,failed,Unsupported: CHEASE requires a 2-D GEQDSK input,3,grad_shafranov,vmec_indata_via_geqdsk,geqdsk,,,,,,,,
educational_VMEC/from_STELLOPT_246/Asym/d3d.071273.02375,desc,success,,3,vmec_family,vmec_indata,wout_netcdf,0.9674059329132008,0.012734344254154595,2.420843105269491,1.798290083061158,15.32800373100943,0.11427419999984478,70404.16,605018.3115763547
educational_VMEC/from_STELLOPT_246/Asym/d3d.071273.02375,educational_vmec,failed,Unsupported: required MGRID fixture unavailable: ..\..\..\MAKEGRID\Examples\mgrid_d3d_ef.nc,3,vmec_family,vmec_indata,wout_netcdf,,,,,,,,
educational_VMEC/from_STELLOPT_246/Asym/d3d.071273.02375,freegs,failed,Unsupported: FreeGS is restricted to 2-D Grad-Shafranov cases,3,grad_shafranov,vmec_indata_or_case,geqdsk,,,,,,,,
educational_VMEC/from_STELLOPT_246/Asym/d3d.071273.02375,gvec,failed,Unsupported: required MGRID fixture unavailable: ..\..\..\MAKEGRID\Examples\mgrid_d3d_ef.nc,3,vmec_family,vmec_indata,gvec_state,,,,,,,,
educational_VMEC/from_STELLOPT_246/Asym/d3d.071273.02375,jvmec,failed,Unsupported: required MGRID fixture unavailable: ..\..\..\MAKEGRID\Examples\mgrid_d3d_ef.nc,3,vmec_family,vmec_indata,wout_netcdf,,,,,,,,
educational_VMEC/from_STELLOPT_246/Asym/d3d.071273.02375,parvmec,failed,Unsupported: required MGRID fixture unavailable: ..\..\..\MAKEGRID\Examples\mgrid_d3d_ef.nc,3,vmec_family,vmec_indata,wout_netcdf,,,,,,,,
educational_VMEC/from_STELLOPT_246/Asym/d3d.071273.02375,spec,failed,Unsupported: SPEC requires a native .sp input,3,spec_mhd,spec_namelist,spec_hdf5,,,,,,,,
educational_VMEC/from_STELLOPT_246/Asym/d3d.071273.02375,spectre,failed,Unsupported: required MGRID fixture unavailable: ..\..\..\MAKEGRID\Examples\mgrid_d3d_ef.nc,3,spectre_mhd,vmec_indata_or_spectre_toml,spectre_json,,,,,,,,
educational_VMEC/from_STELLOPT_246/Asym/d3d.071273.02375,vmec2000,failed,Unsupported: required MGRID fixture unavailable: ..\..\..\MAKEGRID\Examples\mgrid_d3d_ef.nc,3,vmec_family,vmec_indata,wout_netcdf,,,,,,,,
educational_VMEC/from_STELLOPT_246/Asym/d3d.071273.02375,vmecpp,failed,Unsupported: required MGRID fixture unavailable: ..\..\..\MAKEGRID\Examples\mgrid_d3d_ef.nc,3,vmec_family,vmec_indata,wout_netcdf,,,,,,,,
educational_VMEC/from_STELLOPT_246/Asym/d3d.071273.02375,vmex,failed,Unsupported: required MGRID fixture unavailable: ..\..\..\MAKEGRID\Examples\mgrid_d3d_ef.nc,3,vmec_family,vmec_indata,wout_netcdf,,,,,,,,
educational_VMEC/from_STELLOPT_246/Asym/d3d.071453.01720,chease,failed,Unsupported: CHEASE requires a 2-D GEQDSK input,3,grad_shafranov,vmec_indata_via_geqdsk,geqdsk,,,,,,,,
educational_VMEC/from_STELLOPT_246/Asym/d3d.071453.01720,desc,failed,Run failed,3,vmec_family,vmec_indata,wout_netcdf,,,,,,,,
educational_VMEC/from_STELLOPT_246/Asym/d3d.071453.01720,educational_vmec,failed,Unsupported: required MGRID fixture unavailable: ..\..\..\MAKEGRID\Examples\mgrid_d3d_ef.nc,3,vmec_family,vmec_indata,wout_netcdf,,,,,,,,
educational_VMEC/from_STELLOPT_246/Asym/d3d.071453.01720,freegs,failed,Unsupported: FreeGS is restricted to 2-D Grad-Shafranov cases,3,grad_shafranov,vmec_indata_or_case,geqdsk,,,,,,,,
educational_VMEC/from_STELLOPT_246/Asym/d3d.071453.01720,gvec,failed,Unsupported: required MGRID fixture unavailable: ..\..\..\MAKEGRID\Examples\mgrid_d3d_ef.nc,3,vmec_family,vmec_indata,gvec_state,,,,,,,,
educational_VMEC/from_STELLOPT_246/Asym/d3d.071453.01720,jvmec,failed,Unsupported: required MGRID fixture unavailable: ..\..\..\MAKEGRID\Examples\mgrid_d3d_ef.nc,3,vmec_family,vmec_indata,wout_netcdf,,,,,,,,
educational_VMEC/from_STELLOPT_246/Asym/d3d.071453.01720,parvmec,failed,Unsupported: required MGRID fixture unavailable: ..\..\..\MAKEGRID\Examples\mgrid_d3d_ef.nc,3,vmec_family,vmec_indata,wout_netcdf,,,,,,,,
educational_VMEC/from_STELLOPT_246/Asym/d3d.071453.01720,spec,failed,Unsupported: SPEC requires a native .sp input,3,spec_mhd,spec_namelist,spec_hdf5,,,,,,,,
educational_VMEC/from_STELLOPT_246/Asym/d3d.071453.01720,spectre,failed,Unsupported: required MGRID fixture unavailable: ..\..\..\MAKEGRID\Examples\mgrid_d3d_ef.nc,3,spectre_mhd,vmec_indata_or_spectre_toml,spectre_json,,,,,,,,
educational_VMEC/from_STELLOPT_246/Asym/d3d.071453.01720,vmec2000,failed,Unsupported: required MGRID fixture unavailable: ..\..\..\MAKEGRID\Examples\mgrid_d3d_ef.nc,3,vmec_family,vmec_indata,wout_netcdf,,,,,,,,
educational_VMEC/from_STELLOPT_246/Asym/d3d.071453.01720,vmecpp,failed,Unsupported: required MGRID fixture unavailable: ..\..\..\MAKEGRID\Examples\mgrid_d3d_ef.nc,3,vmec_family,vmec_indata,wout_netcdf,,,,,,,,
educational_VMEC/from_STELLOPT_246/Asym/d3d.071453.01720,vmex,failed,Unsupported: required MGRID fixture unavailable: ..\..\..\MAKEGRID\Examples\mgrid_d3d_ef.nc,3,vmec_family,vmec_indata,wout_netcdf,,,,,,,,
educational_VMEC/from_STELLOPT_246/Asym/d3d.072475.01605,chease,failed,Unsupported: CHEASE requires a 2-D GEQDSK input,3,grad_shafranov,vmec_indata_via_geqdsk,geqdsk,,,,,,,,
educational_VMEC/from_STELLOPT_246/Asym/d3d.072475.01605,desc,failed,Run failed,3,vmec_family,vmec_indata,wout_netcdf,,,,,,,,
educational_VMEC/from_STELLOPT_246/Asym/d3d.072475.01605,educational_vmec,failed,Unsupported: required MGRID fixture unavailable: ..\..\..\MAKEGRID\Examples\mgrid_d3d_ef.nc,3,vmec_family,vmec_indata,wout_netcdf,,,,,,,,
educational_VMEC/from_STELLOPT_246/Asym/d3d.072475.01605,freegs,failed,Unsupported: FreeGS is restricted to 2-D Grad-Shafranov cases,3,grad_shafranov,vmec_indata_or_case,geqdsk,,,,,,,,
educational_VMEC/from_STELLOPT_246/Asym/d3d.072475.01605,gvec,failed,Unsupported: required MGRID fixture unavailable: ..\..\..\MAKEGRID\Examples\mgrid_d3d_ef.nc,3,vmec_family,vmec_indata,gvec_state,,,,,,,,
educational_VMEC/from_STELLOPT_246/Asym/d3d.072475.01605,jvmec,failed,Unsupported: required MGRID fixture unavailable: ..\..\..\MAKEGRID\Examples\mgrid_d3d_ef.nc,3,vmec_family,vmec_indata,wout_netcdf,,,,,,,,
educational_VMEC/from_STELLOPT_246/Asym/d3d.072475.01605,parvmec,failed,Unsupported: required MGRID fixture unavailable: ..\..\..\MAKEGRID\Examples\mgrid_d3d_ef.nc,3,vmec_family,vmec_indata,wout_netcdf,,,,,,,,
educational_VMEC/from_STELLOPT_246/Asym/d3d.072475.01605,spec,failed,Unsupported: SPEC requires a native .sp input,3,spec_mhd,spec_namelist,spec_hdf5,,,,,,,,
educational_VMEC/from_STELLOPT_246/Asym/d3d.072475.01605,spectre,failed,Unsupported: required MGRID fixture unavailable: ..\..\..\MAKEGRID\Examples\mgrid_d3d_ef.nc,3,spectre_mhd,vmec_indata_or_spectre_toml,spectre_json,,,,,,,,
educational_VMEC/from_STELLOPT_246/Asym/d3d.072475.01605,vmec2000,failed,Unsupported: required MGRID fixture unavailable: ..\..\..\MAKEGRID\Examples\mgrid_d3d_ef.nc,3,vmec_family,vmec_indata,wout_netcdf,,,,,,,,
educational_VMEC/from_STELLOPT_246/Asym/d3d.072475.01605,vmecpp,failed,Unsupported: required MGRID fixture unavailable: ..\..\..\MAKEGRID\Examples\mgrid_d3d_ef.nc,3,vmec_family,vmec_indata,wout_netcdf,,,,,,,,
educational_VMEC/from_STELLOPT_246/Asym/d3d.072475.01605,vmex,failed,Unsupported: required MGRID fixture unavailable: ..\..\..\MAKEGRID\Examples\mgrid_d3d_ef.nc,3,vmec_family,vmec_indata,wout_netcdf,,,,,,,,
educational_VMEC/from_STELLOPT_246/Asym/d3d.082205.03665,chease,failed,Unsupported: CHEASE requires a 2-D GEQDSK input,3,grad_shafranov,vmec_indata_via_geqdsk,geqdsk,,,,,,,,
educational_VMEC/from_STELLOPT_246/Asym/d3d.082205.03665,desc,success,,3,vmec_family,vmec_indata,wout_netcdf,0.8977664111723574,0.024258868354061495,2.1198547551315543,1.764469303726215,18.79376287714889,0.16801700000005293,106837.8,954913.3602547082
educational_VMEC/from_STELLOPT_246/Asym/d3d.082205.03665,educational_vmec,failed,Unsupported: required MGRID fixture unavailable: ../../../MAKEGRID/Examples/mgrid_d3d_ef.nc,3,vmec_family,vmec_indata,wout_netcdf,,,,,,,,
educational_VMEC/from_STELLOPT_246/Asym/d3d.082205.03665,freegs,failed,Unsupported: FreeGS is restricted to 2-D Grad-Shafranov cases,3,grad_shafranov,vmec_indata_or_case,geqdsk,,,,,,,,
educational_VMEC/from_STELLOPT_246/Asym/d3d.082205.03665,gvec,failed,Unsupported: required MGRID fixture unavailable: ../../../MAKEGRID/Examples/mgrid_d3d_ef.nc,3,vmec_family,vmec_indata,gvec_state,,,,,,,,
educational_VMEC/from_STELLOPT_246/Asym/d3d.082205.03665,jvmec,failed,Unsupported: required MGRID fixture unavailable: ../../../MAKEGRID/Examples/mgrid_d3d_ef.nc,3,vmec_family,vmec_indata,wout_netcdf,,,,,,,,
educational_VMEC/from_STELLOPT_246/Asym/d3d.082205.03665,parvmec,failed,Unsupported: required MGRID fixture unavailable: ../../../MAKEGRID/Examples/mgrid_d3d_ef.nc,3,vmec_family,vmec_indata,wout_netcdf,,,,,,,,
educational_VMEC/from_STELLOPT_246/Asym/d3d.082205.03665,spec,failed,Unsupported: SPEC requires a native .sp input,3,spec_mhd,spec_namelist,spec_hdf5,,,,,,,,
educational_VMEC/from_STELLOPT_246/Asym/d3d.082205.03665,spectre,failed,Unsupported: required MGRID fixture unavailable: ../../../MAKEGRID/Examples/mgrid_d3d_ef.nc,3,spectre_mhd,vmec_indata_or_spectre_toml,spectre_json,,,,,,,,
educational_VMEC/from_STELLOPT_246/Asym/d3d.082205.03665,vmec2000,failed,Unsupported: required MGRID fixture unavailable: ../../../MAKEGRID/Examples/mgrid_d3d_ef.nc,3,vmec_family,vmec_indata,wout_netcdf,,,,,,,,
educational_VMEC/from_STELLOPT_246/Asym/d3d.082205.03665,vmecpp,failed,Unsupported: required MGRID fixture unavailable: ../../../MAKEGRID/Examples/mgrid_d3d_ef.nc,3,vmec_family,vmec_indata,wout_netcdf,,,,,,,,
educational_VMEC/from_STELLOPT_246/Asym/d3d.082205.03665,vmex,failed,Unsupported: required MGRID fixture unavailable: ../../../MAKEGRID/Examples/mgrid_d3d_ef.nc,3,vmec_family,vmec_indata,wout_netcdf,,,,,,,,
educational_VMEC/from_STELLOPT_246/Asym/d3d.082205.13665,chease,failed,Unsupported: CHEASE requires a 2-D GEQDSK input,3,grad_shafranov,vmec_indata_via_geqdsk,geqdsk,,,,,,,,
educational_VMEC/from_STELLOPT_246/Asym/d3d.082205.13665,desc,success,,3,vmec_family,vmec_indata,wout_netcdf,0.8811510013825847,0.02668509760270285,2.1198547551178812,1.9085973266628722,18.793762877027678,-0.2297275107926341,106837.8,-1290000.0090000047
educational_VMEC/from_STELLOPT_246/Asym/d3d.082205.13665,educational_vmec,failed,Unsupported: required MGRID fixture unavailable: ..\..\..\MAKEGRID\Examples\mgrid_d3d_ef.nc,3,vmec_family,vmec_indata,wout_netcdf,,,,,,,,
educational_VMEC/from_STELLOPT_246/Asym/d3d.082205.13665,freegs,failed,Unsupported: FreeGS is restricted to 2-D Grad-Shafranov cases,3,grad_shafranov,vmec_indata_or_case,geqdsk,,,,,,,,
educational_VMEC/from_STELLOPT_246/Asym/d3d.082205.13665,gvec,failed,Unsupported: required MGRID fixture unavailable: ..\..\..\MAKEGRID\Examples\mgrid_d3d_ef.nc,3,vmec_family,vmec_indata,gvec_state,,,,,,,,
educational_VMEC/from_STELLOPT_246/Asym/d3d.082205.13665,jvmec,failed,Unsupported: required MGRID fixture unavailable: ..\..\..\MAKEGRID\Examples\mgrid_d3d_ef.nc,3,vmec_family,vmec_indata,wout_netcdf,,,,,,,,
educational_VMEC/from_STELLOPT_246/Asym/d3d.082205.13665,parvmec,failed,Unsupported: required MGRID fixture unavailable: ..\..\..\MAKEGRID\Examples\mgrid_d3d_ef.nc,3,vmec_family,vmec_indata,wout_netcdf,,,,,,,,
educational_VMEC/from_STELLOPT_246/Asym/d3d.082205.13665,spec,failed,Unsupported: SPEC requires a native .sp input,3,spec_mhd,spec_namelist,spec_hdf5,,,,,,,,
educational_VMEC/from_STELLOPT_246/Asym/d3d.082205.13665,spectre,failed,Unsupported: required MGRID fixture unavailable: ..\..\..\MAKEGRID\Examples\mgrid_d3d_ef.nc,3,spectre_mhd,vmec_indata_or_spectre_toml,spectre_json,,,,,,,,
educational_VMEC/from_STELLOPT_246/Asym/d3d.082205.13665,vmec2000,failed,Unsupported: required MGRID fixture unavailable: ..\..\..\MAKEGRID\Examples\mgrid_d3d_ef.nc,3,vmec_family,vmec_indata,wout_netcdf,,,,,,,,
educational_VMEC/from_STELLOPT_246/Asym/d3d.082205.13665,vmecpp,failed,Unsupported: required MGRID fixture unavailable: ..\..\..\MAKEGRID\Examples\mgrid_d3d_ef.nc,3,vmec_family,vmec_indata,wout_netcdf,,,,,,,,
educational_VMEC/from_STELLOPT_246/Asym/d3d.082205.13665,vmex,failed,Unsupported: required MGRID fixture unavailable: ..\..\..\MAKEGRID\Examples\mgrid_d3d_ef.nc,3,vmec_family,vmec_indata,wout_netcdf,,,,,,,,
educational_VMEC/from_STELLOPT_246/Asym/d3d.087977.02580,chease,failed,Unsupported: CHEASE requires a 2-D GEQDSK input,3,grad_shafranov,vmec_indata_via_geqdsk,geqdsk,,,,,,,,
educational_VMEC/from_STELLOPT_246/Asym/d3d.087977.02580,desc,failed,Run failed,3,vmec_family,vmec_indata,wout_netcdf,,,,,,,,
educational_VMEC/from_STELLOPT_246/Asym/d3d.087977.02580,educational_vmec,failed,Unsupported: required MGRID fixture unavailable: ../../../MAKEGRID/Examples/mgrid_d3d_ef.nc,3,vmec_family,vmec_indata,wout_netcdf,,,,,,,,
educational_VMEC/from_STELLOPT_246/Asym/d3d.087977.02580,freegs,failed,Unsupported: FreeGS is restricted to 2-D Grad-Shafranov cases,3,grad_shafranov,vmec_indata_or_case,geqdsk,,,,,,,,
educational_VMEC/from_STELLOPT_246/Asym/d3d.087977.02580,gvec,failed,Unsupported: required MGRID fixture unavailable: ../../../MAKEGRID/Examples/mgrid_d3d_ef.nc,3,vmec_family,vmec_indata,gvec_state,,,,,,,,
educational_VMEC/from_STELLOPT_246/Asym/d3d.087977.02580,jvmec,failed,Unsupported: required MGRID fixture unavailable: ../../../MAKEGRID/Examples/mgrid_d3d_ef.nc,3,vmec_family,vmec_indata,wout_netcdf,,,,,,,,
educational_VMEC/from_STELLOPT_246/Asym/d3d.087977.02580,parvmec,failed,Unsupported: required MGRID fixture unavailable: ../../../MAKEGRID/Examples/mgrid_d3d_ef.nc,3,vmec_family,vmec_indata,wout_netcdf,,,,,,,,
educational_VMEC/from_STELLOPT_246/Asym/d3d.087977.02580,spec,failed,Unsupported: SPEC requires a native .sp input,3,spec_mhd,spec_namelist,spec_hdf5,,,,,,,,
educational_VMEC/from_STELLOPT_246/Asym/d3d.087977.02580,spectre,failed,Unsupported: required MGRID fixture unavailable: ../../../MAKEGRID/Examples/mgrid_d3d_ef.nc,3,spectre_mhd,vmec_indata_or_spectre_toml,spectre_json,,,,,,,,
educational_VMEC/from_STELLOPT_246/Asym/d3d.087977.02580,vmec2000,failed,Unsupported: required MGRID fixture unavailable: ../../../MAKEGRID/Examples/mgrid_d3d_ef.nc,3,vmec_family,vmec_indata,wout_netcdf,,,,,,,,
educational_VMEC/from_STELLOPT_246/Asym/d3d.087977.02580,vmecpp,failed,Unsupported: required MGRID fixture unavailable: ../../../MAKEGRID/Examples/mgrid_d3d_ef.nc,3,vmec_family,vmec_indata,wout_netcdf,,,,,,,,
educational_VMEC/from_STELLOPT_246/Asym/d3d.087977.02580,vmex,failed,Unsupported: required MGRID fixture unavailable: ../../../MAKEGRID/Examples/mgrid_d3d_ef.nc,3,vmec_family,vmec_indata,wout_netcdf,,,,,,,,
educational_VMEC/from_STELLOPT_246/Asym/d3d.087977.12580,chease,failed,Unsupported: CHEASE requires a 2-D GEQDSK input,3,grad_shafranov,vmec_indata_via_geqdsk,geqdsk,,,,,,,,
educational_VMEC/from_STELLOPT_246/Asym/d3d.087977.12580,desc,success,,3,vmec_family,vmec_indata,wout_netcdf,1.5216881587625788,0.0508967512124074,1.8481838994721516,1.7536882105149005,22.126100650062085,-0.1570822165937838,330720.4,-2208225.569400019
educational_VMEC/from_STELLOPT_246/Asym/d3d.087977.12580,educational_vmec,failed,Unsupported: required MGRID fixture unavailable: ..\..\..\MAKEGRID\Examples\mgrid_d3d_ef.nc,3,vmec_family,vmec_indata,wout_netcdf,,,,,,,,
educational_VMEC/from_STELLOPT_246/Asym/d3d.087977.12580,freegs,failed,Unsupported: FreeGS is restricted to 2-D Grad-Shafranov cases,3,grad_shafranov,vmec_indata_or_case,geqdsk,,,,,,,,
educational_VMEC/from_STELLOPT_246/Asym/d3d.087977.12580,gvec,failed,Unsupported: required MGRID fixture unavailable: ..\..\..\MAKEGRID\Examples\mgrid_d3d_ef.nc,3,vmec_family,vmec_indata,gvec_state,,,,,,,,
educational_VMEC/from_STELLOPT_246/Asym/d3d.087977.12580,jvmec,failed,Unsupported: required MGRID fixture unavailable: ..\..\..\MAKEGRID\Examples\mgrid_d3d_ef.nc,3,vmec_family,vmec_indata,wout_netcdf,,,,,,,,
educational_VMEC/from_STELLOPT_246/Asym/d3d.087977.12580,parvmec,failed,Unsupported: required MGRID fixture unavailable: ..\..\..\MAKEGRID\Examples\mgrid_d3d_ef.nc,3,vmec_family,vmec_indata,wout_netcdf,,,,,,,,
educational_VMEC/from_STELLOPT_246/Asym/d3d.087977.12580,spec,failed,Unsupported: SPEC requires a native .sp input,3,spec_mhd,spec_namelist,spec_hdf5,,,,,,,,
educational_VMEC/from_STELLOPT_246/Asym/d3d.087977.12580,spectre,failed,Unsupported: required MGRID fixture unavailable: ..\..\..\MAKEGRID\Examples\mgrid_d3d_ef.nc,3,spectre_mhd,vmec_indata_or_spectre_toml,spectre_json,,,,,,,,
educational_VMEC/from_STELLOPT_246/Asym/d3d.087977.12580,vmec2000,failed,Unsupported: required MGRID fixture unavailable: ..\..\..\MAKEGRID\Examples\mgrid_d3d_ef.nc,3,vmec_family,vmec_indata,wout_netcdf,,,,,,,,
educational_VMEC/from_STELLOPT_246/Asym/d3d.087977.12580,vmecpp,failed,Unsupported: required MGRID fixture unavailable: ..\..\..\MAKEGRID\Examples\mgrid_d3d_ef.nc,3,vmec_family,vmec_indata,wout_netcdf,,,,,,,,
educational_VMEC/from_STELLOPT_246/Asym/d3d.087977.12580,vmex,failed,Unsupported: required MGRID fixture unavailable: ..\..\..\MAKEGRID\Examples\mgrid_d3d_ef.nc,3,vmec_family,vmec_indata,wout_netcdf,,,,,,,,
educational_VMEC/from_STELLOPT_246/Asym/d3d.107781.02975,chease,failed,Unsupported: CHEASE requires a 2-D GEQDSK input,3,grad_shafranov,vmec_indata_via_geqdsk,geqdsk,,,,,,,,
educational_VMEC/from_STELLOPT_246/Asym/d3d.107781.02975,desc,success,,3,vmec_family,vmec_indata,wout_netcdf,0.9364578537029358,0.006454543683654483,2.10754193241909,1.7125619634637967,17.63402437891649,0.1590924530000083,46055.1,1358435.415317495
educational_VMEC/from_STELLOPT_246/Asym/d3d.107781.02975,educational_vmec,failed,Unsupported: required MGRID fixture unavailable: ..\..\..\MAKEGRID\Examples\mgrid_d3d_ef.nc,3,vmec_family,vmec_indata,wout_netcdf,,,,,,,,
educational_VMEC/from_STELLOPT_246/Asym/d3d.107781.02975,freegs,failed,Unsupported: FreeGS is restricted to 2-D Grad-Shafranov cases,3,grad_shafranov,vmec_indata_or_case,geqdsk,,,,,,,,
educational_VMEC/from_STELLOPT_246/Asym/d3d.107781.02975,gvec,failed,Unsupported: required MGRID fixture unavailable: ..\..\..\MAKEGRID\Examples\mgrid_d3d_ef.nc,3,vmec_family,vmec_indata,gvec_state,,,,,,,,
educational_VMEC/from_STELLOPT_246/Asym/d3d.107781.02975,jvmec,failed,Unsupported: required MGRID fixture unavailable: ..\..\..\MAKEGRID\Examples\mgrid_d3d_ef.nc,3,vmec_family,vmec_indata,wout_netcdf,,,,,,,,
educational_VMEC/from_STELLOPT_246/Asym/d3d.107781.02975,parvmec,failed,Unsupported: required MGRID fixture unavailable: ..\..\..\MAKEGRID\Examples\mgrid_d3d_ef.nc,3,vmec_family,vmec_indata,wout_netcdf,,,,,,,,
educational_VMEC/from_STELLOPT_246/Asym/d3d.107781.02975,spec,failed,Unsupported: SPEC requires a native .sp input,3,spec_mhd,spec_namelist,spec_hdf5,,,,,,,,
educational_VMEC/from_STELLOPT_246/Asym/d3d.107781.02975,spectre,failed,Unsupported: required MGRID fixture unavailable: ..\..\..\MAKEGRID\Examples\mgrid_d3d_ef.nc,3,spectre_mhd,vmec_indata_or_spectre_toml,spectre_json,,,,,,,,
educational_VMEC/from_STELLOPT_246/Asym/d3d.107781.02975,vmec2000,failed,Unsupported: required MGRID fixture unavailable: ..\..\..\MAKEGRID\Examples\mgrid_d3d_ef.nc,3,vmec_family,vmec_indata,wout_netcdf,,,,,,,,
educational_VMEC/from_STELLOPT_246/Asym/d3d.107781.02975,vmecpp,failed,Unsupported: required MGRID fixture unavailable: ..\..\..\MAKEGRID\Examples\mgrid_d3d_ef.nc,3,vmec_family,vmec_indata,wout_netcdf,,,,,,,,
educational_VMEC/from_STELLOPT_246/Asym/d3d.107781.02975,vmex,failed,Unsupported: required MGRID fixture unavailable: ..\..\..\MAKEGRID\Examples\mgrid_d3d_ef.nc,3,vmec_family,vmec_indata,wout_netcdf,,,,,,,,
educational_VMEC/from_STELLOPT_246/Asym/d3d.107781.12975,chease,failed,Unsupported: CHEASE requires a 2-D GEQDSK input,3,grad_shafranov,vmec_indata_via_geqdsk,geqdsk,,,,,,,,
educational_VMEC/from_STELLOPT_246/Asym/d3d.107781.12975,desc,success,,3,vmec_family,vmec_indata,wout_netcdf,0.9303980217107496,0.006457552863899818,2.09428559250948,1.702568030247271,17.52310719262214,-0.1599602746873797,46055.1,-1368004.950400016
educational_VMEC/from_STELLOPT_246/Asym/d3d.107781.12975,educational_vmec,failed,Unsupported: required MGRID fixture unavailable: ../../../MAKEGRID/Examples/mgrid_d3d_ef.nc,3,vmec_family,vmec_indata,wout_netcdf,,,,,,,,
educational_VMEC/from_STELLOPT_246/Asym/d3d.107781.12975,freegs,failed,Unsupported: FreeGS is restricted to 2-D Grad-Shafranov cases,3,grad_shafranov,vmec_indata_or_case,geqdsk,,,,,,,,
educational_VMEC/from_STELLOPT_246/Asym/d3d.107781.12975,gvec,failed,Unsupported: required MGRID fixture unavailable: ../../../MAKEGRID/Examples/mgrid_d3d_ef.nc,3,vmec_family,vmec_indata,gvec_state,,,,,,,,
educational_VMEC/from_STELLOPT_246/Asym/d3d.107781.12975,jvmec,failed,Unsupported: required MGRID fixture unavailable: ../../../MAKEGRID/Examples/mgrid_d3d_ef.nc,3,vmec_family,vmec_indata,wout_netcdf,,,,,,,,
educational_VMEC/from_STELLOPT_246/Asym/d3d.107781.12975,parvmec,failed,Unsupported: required MGRID fixture unavailable: ../../../MAKEGRID/Examples/mgrid_d3d_ef.nc,3,vmec_family,vmec_indata,wout_netcdf,,,,,,,,
educational_VMEC/from_STELLOPT_246/Asym/d3d.107781.12975,spec,failed,Unsupported: SPEC requires a native .sp input,3,spec_mhd,spec_namelist,spec_hdf5,,,,,,,,
educational_VMEC/from_STELLOPT_246/Asym/d3d.107781.12975,spectre,failed,Unsupported: required MGRID fixture unavailable: ../../../MAKEGRID/Examples/mgrid_d3d_ef.nc,3,spectre_mhd,vmec_indata_or_spectre_toml,spectre_json,,,,,,,,
educational_VMEC/from_STELLOPT_246/Asym/d3d.107781.12975,vmec2000,failed,Unsupported: required MGRID fixture unavailable: ../../../MAKEGRID/Examples/mgrid_d3d_ef.nc,3,vmec_family,vmec_indata,wout_netcdf,,,,,,,,
educational_VMEC/from_STELLOPT_246/Asym/d3d.107781.12975,vmecpp,failed,Unsupported: required MGRID fixture unavailable: ../../../MAKEGRID/Examples/mgrid_d3d_ef.nc,3,vmec_family,vmec_indata,wout_netcdf,,,,,,,,
educational_VMEC/from_STELLOPT_246/Asym/d3d.107781.12975,vmex,failed,Unsupported: required MGRID fixture unavailable: ../../../MAKEGRID/Examples/mgrid_d3d_ef.nc,3,vmec_family,vmec_indata,wout_netcdf,,,,,,,,
educational_VMEC/from_STELLOPT_246/Asym/d3d_curhole,chease,failed,Unsupported: CHEASE requires a 2-D GEQDSK input,3,grad_shafranov,vmec_indata_via_geqdsk,geqdsk,,,,,,,,
educational_VMEC/from_STELLOPT_246/Asym/d3d_curhole,desc,success,,3,vmec_family,vmec_indata,wout_netcdf,0.9669468842548922,7.262837447029084e-06,2.0285594216691343,1.6277510812595606,20.057007183607592,0.27999473890000015,11.0,1364393.2986828373
educational_VMEC/from_STELLOPT_246/Asym/d3d_curhole,educational_vmec,success,,3,vmec_family,vmec_indata,wout_netcdf,0.9669439530152429,0.0,2.028559423148569,1.6098602777344264,20.057007198235237,0.2798148887220578,0.0,1363457.6765166693
educational_VMEC/from_STELLOPT_246/Asym/d3d_curhole,freegs,failed,Unsupported: FreeGS is restricted to 2-D Grad-Shafranov cases,3,grad_shafranov,vmec_indata_or_case,geqdsk,,,,,,,,
educational_VMEC/from_STELLOPT_246/Asym/d3d_curhole,gvec,success,,3,vmec_family,vmec_indata,gvec_state,,,2.0285594216693505,1.65323099189671,20.0570071836097,-0.2799947389,0.0,
educational_VMEC/from_STELLOPT_246/Asym/d3d_curhole,jvmec,failed,Run failed,3,vmec_family,vmec_indata,wout_netcdf,,,,,,,,
educational_VMEC/from_STELLOPT_246/Asym/d3d_curhole,parvmec,success,,3,vmec_family,vmec_indata,wout_netcdf,0.9669388782908581,0.0,2.028559423148569,1.6527460050849525,20.057007198235237,0.2798148887220578,0.0,1363304.5741217562
educational_VMEC/from_STELLOPT_246/Asym/d3d_curhole,spec,failed,Unsupported: SPEC requires a native .sp input,3,spec_mhd,spec_namelist,spec_hdf5,,,,,,,,
educational_VMEC/from_STELLOPT_246/Asym/d3d_curhole,spectre,success,,3,spectre_mhd,vmec_indata_or_spectre_toml,spectre_json,,,,,,,,
educational_VMEC/from_STELLOPT_246/Asym/d3d_curhole,vmec2000,success,,3,vmec_family,vmec_indata,wout_netcdf,0.9669394247432403,0.0,2.028559423148569,1.6469108392539522,20.057007198235237,0.2798148887220578,0.0,1363247.1010368555
educational_VMEC/from_STELLOPT_246/Asym/d3d_curhole,vmecpp,success,,3,vmec_family,vmec_indata,wout_netcdf,0.9669388034987936,0.0,2.028559423148569,1.6545138093678873,20.057007198235237,0.27981488872205784,0.0,1363306.7599151975
educational_VMEC/from_STELLOPT_246/Asym/d3d_curhole,vmex,success,,3,vmec_family,vmec_indata,wout_netcdf,0.9669388855153834,0.0,2.02855942314857,1.6527900406996885,20.057007198235233,0.27981488872205784,0.0,1363304.3538396123
educational_VMEC/from_STELLOPT_246/Asym/d3d_curhole5,chease,failed,Unsupported: CHEASE requires a 2-D GEQDSK input,3,grad_shafranov,vmec_indata_via_geqdsk,geqdsk,,,,,,,,
educational_VMEC/from_STELLOPT_246/Asym/d3d_curhole5,desc,success,,3,vmec_family,vmec_indata,wout_netcdf,0.9669601137298532,0.005541434088614943,2.028559421669478,1.7098118773616096,20.057007183610988,0.27999473890000015,10000.1,1374750.0643130436
educational_VMEC/from_STELLOPT_246/Asym/d3d_curhole5,educational_vmec,success,,3,vmec_family,vmec_indata,wout_netcdf,0.966967052889776,0.0055685378972754225,2.028559423148569,1.7054374562095422,20.057007198235237,0.2798186073350868,10000.096052200033,1375064.8229912724
educational_VMEC/from_STELLOPT_246/Asym/d3d_curhole5,freegs,failed,Unsupported: FreeGS is restricted to 2-D Grad-Shafranov cases,3,grad_shafranov,vmec_indata_or_case,geqdsk,,,,,,,,
educational_VMEC/from_STELLOPT_246/Asym/d3d_curhole5,gvec,success,,3,vmec_family,vmec_indata,gvec_state,,,2.0285594216693505,1.75134583588898,20.0570071836097,-0.2799947389,10000.1,
educational_VMEC/from_STELLOPT_246/Asym/d3d_curhole5,jvmec,success,,3,vmec_family,vmec_indata,wout_netcdf,0.9669759243403843,0.0,2.0285594216693426,1.73417865245484,20.05700718360965,0.2798186073350868,0.0,1373879.370535065
educational_VMEC/from_STELLOPT_246/Asym/d3d_curhole5,parvmec,success,,3,vmec_family,vmec_indata,wout_netcdf,0.9669759323543855,0.00559106030126028,2.028559423148569,1.7342131704710722,20.057007198235237,0.2798186073350868,10000.096052200033,1373879.661232646
educational_VMEC/from_STELLOPT_246/Asym/d3d_curhole5,spec,failed,Unsupported: SPEC requires a native .sp input,3,spec_mhd,spec_namelist,spec_hdf5,,,,,,,,
educational_VMEC/from_STELLOPT_246/Asym/d3d_curhole5,spectre,success,,3,spectre_mhd,vmec_indata_or_spectre_toml,spectre_json,,,,,,,,
educational_VMEC/from_STELLOPT_246/Asym/d3d_curhole5,vmec2000,success,,3,vmec_family,vmec_indata,wout_netcdf,0.9669749926084563,0.0055900440891241245,2.028559423148569,1.7333543265196951,20.057007198235237,0.2798186073350868,10000.096052200033,1373870.9447462035
educational_VMEC/from_STELLOPT_246/Asym/d3d_curhole5,vmecpp,success,,3,vmec_family,vmec_indata,wout_netcdf,0.9669757822129404,0.005590912018791306,2.028559423148569,1.7336881809050304,20.057007198235237,0.27981860733508684,10000.096052200033,1373878.9986403384
educational_VMEC/from_STELLOPT_246/Asym/d3d_curhole5,vmex,success,,3,vmec_family,vmec_indata,wout_netcdf,0.9669759241935285,0.005591051371267115,2.02855942314857,1.734178620032021,20.057007198235233,0.27981860733508684,10000.096052200033,1373879.3719055094
educational_VMEC/from_STELLOPT_246/Asym/d3d_curhole55,chease,failed,Unsupported: CHEASE requires a 2-D GEQDSK input,3,grad_shafranov,vmec_indata_via_geqdsk,geqdsk,,,,,,,,
educational_VMEC/from_STELLOPT_246/Asym/d3d_curhole55,desc,success,,3,vmec_family,vmec_indata,wout_netcdf,0.9669534242213804,0.006017120785249544,2.028559421669309,1.6507337755983162,20.057007183609336,0.27999473890000015,10000.024000000001,1374222.547568171
educational_VMEC/from_STELLOPT_246/Asym/d3d_curhole55,educational_vmec,success,,3,vmec_family,vmec_indata,wout_netcdf,0.9669497971429204,0.006019610643001732,2.028559423148569,1.6268493934292676,20.057007198235237,0.2792937239524779,9997.324229589618,1371896.6376270975
educational_VMEC/from_STELLOPT_246/Asym/d3d_curhole55,freegs,failed,Unsupported: FreeGS is restricted to 2-D Grad-Shafranov cases,3,grad_shafranov,vmec_indata_or_case,geqdsk,,,,,,,,
educational_VMEC/from_STELLOPT_246/Asym/d3d_curhole55,gvec,success,,3,vmec_family,vmec_indata,gvec_state,,,2.0285594216693505,1.68455978070947,20.0570071836097,-0.2799947389,10000.024,
educational_VMEC/from_STELLOPT_246/Asym/d3d_curhole55,jvmec,success,,3,vmec_family,vmec_indata,wout_netcdf,0.9669467516468883,0.0,2.0285594216693426,1.671712551440281,20.05700718360965,0.2792937239524779,0.0,1370778.181572647
educational_VMEC/from_STELLOPT_246/Asym/d3d_curhole55,parvmec,success,,3,vmec_family,vmec_indata,wout_netcdf,0.9669467281899318,0.00602436978440338,2.028559423148569,1.6712556499541245,20.057007198235237,0.2792937239524779,9997.324229589618,1370777.1414118274
educational_VMEC/from_STELLOPT_246/Asym/d3d_curhole55,spec,failed,Unsupported: SPEC requires a native .sp input,3,spec_mhd,spec_namelist,spec_hdf5,,,,,,,,
educational_VMEC/from_STELLOPT_246/Asym/d3d_curhole55,spectre,success,,3,spectre_mhd,vmec_indata_or_spectre_toml,spectre_json,,,,,,,,
educational_VMEC/from_STELLOPT_246/Asym/d3d_curhole55,vmec2000,success,,3,vmec_family,vmec_indata,wout_netcdf,0.9668518023650964,0.006022906200467157,2.028559423148569,1.6456413734888646,20.057007198235237,0.2792937239524779,9997.324229589618,1370775.759658922
educational_VMEC/from_STELLOPT_246/Asym/d3d_curhole55,vmecpp,success,,3,vmec_family,vmec_indata,wout_netcdf,0.9669468494476235,0.006024650575557653,2.028559423148569,1.674874057843952,20.057007198235237,0.2792937239524781,9997.324229589618,1370786.0971693655
educational_VMEC/from_STELLOPT_246/Asym/d3d_curhole55,vmex,success,,3,vmec_family,vmec_indata,wout_netcdf,0.966946751556384,0.006024371008163203,2.02855942314857,1.6713234678419215,20.057007198235233,0.2792937239524779,9997.324229589618,1370777.069056637
educational_VMEC/from_STELLOPT_246/Asym/d3d_fixed,chease,failed,Unsupported: CHEASE requires a 2-D GEQDSK input,3,grad_shafranov,vmec_indata_via_geqdsk,geqdsk,,,,,,,,
educational_VMEC/from_STELLOPT_246/Asym/d3d_fixed,desc,success,,3,vmec_family,vmec_indata,wout_netcdf,0.9367783931653888,0.006445589712348225,2.1075419324190574,1.7118982624298873,17.63402437891621,-0.163149365768097,46055.1,-1368004.950400016
educational_VMEC/from_STELLOPT_246/Asym/d3d_fixed,educational_vmec,failed,Unsupported: required MGRID fixture unavailable: ../../../MAKEGRID/Examples/mgrid_d3d_ef.nc,3,vmec_family,vmec_indata,wout_netcdf,,,,,,,,
educational_VMEC/from_STELLOPT_246/Asym/d3d_fixed,freegs,failed,Unsupported: FreeGS is restricted to 2-D Grad-Shafranov cases,3,grad_shafranov,vmec_indata_or_case,geqdsk,,,,,,,,
educational_VMEC/from_STELLOPT_246/Asym/d3d_fixed,gvec,failed,Unsupported: required MGRID fixture unavailable: ../../../MAKEGRID/Examples/mgrid_d3d_ef.nc,3,vmec_family,vmec_indata,gvec_state,,,,,,,,
educational_VMEC/from_STELLOPT_246/Asym/d3d_fixed,jvmec,failed,Unsupported: required MGRID fixture unavailable: ../../../MAKEGRID/Examples/mgrid_d3d_ef.nc,3,vmec_family,vmec_indata,wout_netcdf,,,,,,,,
educational_VMEC/from_STELLOPT_246/Asym/d3d_fixed,parvmec,failed,Unsupported: required MGRID fixture unavailable: ../../../MAKEGRID/Examples/mgrid_d3d_ef.nc,3,vmec_family,vmec_indata,wout_netcdf,,,,,,,,
educational_VMEC/from_STELLOPT_246/Asym/d3d_fixed,spec,failed,Unsupported: SPEC requires a native .sp input,3,spec_mhd,spec_namelist,spec_hdf5,,,,,,,,
educational_VMEC/from_STELLOPT_246/Asym/d3d_fixed,spectre,failed,Unsupported: required MGRID fixture unavailable: ../../../MAKEGRID/Examples/mgrid_d3d_ef.nc,3,spectre_mhd,vmec_indata_or_spectre_toml,spectre_json,,,,,,,,
educational_VMEC/from_STELLOPT_246/Asym/d3d_fixed,vmec2000,failed,Unsupported: required MGRID fixture unavailable: ../../../MAKEGRID/Examples/mgrid_d3d_ef.nc,3,vmec_family,vmec_indata,wout_netcdf,,,,,,,,
educational_VMEC/from_STELLOPT_246/Asym/d3d_fixed,vmecpp,failed,Unsupported: required MGRID fixture unavailable: ../../../MAKEGRID/Examples/mgrid_d3d_ef.nc,3,vmec_family,vmec_indata,wout_netcdf,,,,,,,,
educational_VMEC/from_STELLOPT_246/Asym/d3d_fixed,vmex,failed,Unsupported: required MGRID fixture unavailable: ../../../MAKEGRID/Examples/mgrid_d3d_ef.nc,3,vmec_family,vmec_indata,wout_netcdf,,,,,,,,
educational_VMEC/from_STELLOPT_246/Asym/test,chease,failed,Unsupported: CHEASE requires a 2-D GEQDSK input,3,grad_shafranov,vmec_indata_via_geqdsk,geqdsk,,,,,,,,
educational_VMEC/from_STELLOPT_246/Asym/test,desc,success,,3,vmec_family,vmec_indata,wout_netcdf,0.9669601137298532,0.005541434088614943,2.028559421669478,1.7098118773616096,20.057007183610988,0.27999473890000015,10000.1,1374750.0643130436
educational_VMEC/from_STELLOPT_246/Asym/test,educational_vmec,success,,3,vmec_family,vmec_indata,wout_netcdf,0.9669694055730723,0.00557270530399535,2.028559423148569,1.7066904242417171,20.057007198235237,0.27954516164928245,10000.091597589613,1373049.8873334057
educational_VMEC/from_STELLOPT_246/Asym/test,freegs,failed,Unsupported: FreeGS is restricted to 2-D Grad-Shafranov cases,3,grad_shafranov,vmec_indata_or_case,geqdsk,,,,,,,,
educational_VMEC/from_STELLOPT_246/Asym/test,gvec,success,,3,vmec_family,vmec_indata,gvec_state,,,2.0285594216693505,1.75134583588898,20.0570071836097,-0.2799947389,10000.1,
educational_VMEC/from_STELLOPT_246/Asym/test,jvmec,failed,Run failed,3,vmec_family,vmec_indata,wout_netcdf,,,,,,,,
educational_VMEC/from_STELLOPT_246/Asym/test,parvmec,success,,3,vmec_family,vmec_indata,wout_netcdf,0.9669720276160857,0.005585909600198679,2.028559423148569,1.7313572672026685,20.057007198235237,0.27954516164928245,10000.091597589613,1371736.3057926765
educational_VMEC/from_STELLOPT_246/Asym/test,spec,failed,Unsupported: SPEC requires a native .sp input,3,spec_mhd,spec_namelist,spec_hdf5,,,,,,,,
educational_VMEC/from_STELLOPT_246/Asym/test,spectre,success,,3,spectre_mhd,vmec_indata_or_spectre_toml,spectre_json,,,,,,,,
educational_VMEC/from_STELLOPT_246/Asym/test,vmec2000,success,,3,vmec_family,vmec_indata,wout_netcdf,0.9669708737720059,0.005585126168468827,2.028559423148569,1.7306292312742346,20.057007198235237,0.27954516164928245,10000.091597589613,1371731.1152352297
educational_VMEC/from_STELLOPT_246/Asym/test,vmecpp,success,,3,vmec_family,vmec_indata,wout_netcdf,0.9669727002091876,0.00558697479478453,2.028559423148569,1.7354972317524013,20.057007198235237,0.27954516164928245,10000.091597589613,1371729.8899885188
educational_VMEC/from_STELLOPT_246/Asym/test,vmex,failed,Run failed,3,vmec_family,vmec_indata,wout_netcdf,,,,,,,,
educational_VMEC/from_STELLOPT_246/Benchmarks/atf,chease,failed,Unsupported: CHEASE requires a 2-D GEQDSK input,3,grad_shafranov,vmec_indata_via_geqdsk,geqdsk,,,,,,,,
educational_VMEC/from_STELLOPT_246/Benchmarks/atf,desc,success,,3,vmec_family,vmec_indata,wout_netcdf,0.05538694723575738,0.010774892302857903,7.679256032073904,1.7123146795135062,1.6938044284534275,8.97,36500.0,-1331979.0939713954
educational_VMEC/from_STELLOPT_246/Benchmarks/atf,educational_vmec,success,,3,vmec_family,vmec_indata,wout_netcdf,0.04890114647357653,0.025042252249682054,7.67925602798276,1.81320533599936,1.6938044275510518,0.9699250000000001,60004.248624208914,-21611.770263683607
educational_VMEC/from_STELLOPT_246/Benchmarks/atf,freegs,failed,Unsupported: FreeGS is restricted to 2-D Grad-Shafranov cases,3,grad_shafranov,vmec_indata_or_case,geqdsk,,,,,,,,
educational_VMEC/from_STELLOPT_246/Benchmarks/atf,gvec,success,,3,vmec_family,vmec_indata,gvec_state,,,7.679256027982767,1.81286261603849,1.69380442755106,-0.97,36500.0,
educational_VMEC/from_STELLOPT_246/Benchmarks/atf,jvmec,success,,3,vmec_family,vmec_indata,wout_netcdf,0.0489000006776929,0.0,7.679463524049393,1.8197144418597253,1.693711075569355,0.9699249999999997,0.0,-18739.11180158746
educational_VMEC/from_STELLOPT_246/Benchmarks/atf,parvmec,success,,3,vmec_family,vmec_indata,wout_netcdf,0.048899998121140785,0.025026780268066633,7.67925602798276,1.8197176474336434,1.6938044275510518,0.9699250000000001,59215.39565031862,-18740.061272239127
educational_VMEC/from_STELLOPT_246/Benchmarks/atf,spec,failed,Unsupported: SPEC requires a native .sp input,3,spec_mhd,spec_namelist,spec_hdf5,,,,,,,,
educational_VMEC/from_STELLOPT_246/Benchmarks/atf,spectre,failed,Run failed,3,spectre_mhd,vmec_indata_or_spectre_toml,spectre_json,,,,,,,,
educational_VMEC/from_STELLOPT_246/Benchmarks/atf,vmec2000,success,,3,vmec_family,vmec_indata,wout_netcdf,0.0488999981211409,0.025026780268067178,7.67925602798276,1.81971764743115,1.6938044275510518,0.9699250000000001,59215.39565061483,-18740.06127229024
educational_VMEC/from_STELLOPT_246/Benchmarks/atf,vmecpp,success,,3,vmec_family,vmec_indata,wout_netcdf,0.04889999611964984,0.0250267980264785,7.6792560279828015,1.81974374880967,1.6938044275510555,0.9699250000000001,59211.498420878306,-18739.465559578246
educational_VMEC/from_STELLOPT_246/Benchmarks/atf,vmex,success,,3,vmec_family,vmec_indata,wout_netcdf,0.04889999812114116,0.025026780268066824,7.679256027982771,1.819717647433758,1.693804427551054,0.9699250000000001,59215.39565030819,-18740.061272131432
educational_VMEC/from_STELLOPT_246/Benchmarks/atf0,chease,failed,Unsupported: CHEASE requires a 2-D GEQDSK input,3,grad_shafranov,vmec_indata_via_geqdsk,geqdsk,,,,,,,,
educational_VMEC/from_STELLOPT_246/Benchmarks/atf0,desc,success,,3,vmec_family,vmec_indata,wout_netcdf,0.05549950837028705,0.020012354721876863,7.679526250163139,1.7091662656780005,1.6938139604731182,8.97,68000.0,-1343335.6690889292
educational_VMEC/from_STELLOPT_246/Benchmarks/atf0,educational_vmec,success,,3,vmec_family,vmec_indata,wout_netcdf,0.048905166475712615,0.025594207347070342,7.67952624979994,1.8193830767317645,1.6938139603930062,0.9699250000000001,67979.6,-22330.617443260697
educational_VMEC/from_STELLOPT_246/Benchmarks/atf0,freegs,failed,Unsupported: FreeGS is restricted to 2-D Grad-Shafranov cases,3,grad_shafranov,vmec_indata_or_case,geqdsk,,,,,,,,
educational_VMEC/from_STELLOPT_246/Benchmarks/atf0,gvec,success,,3,vmec_family,vmec_indata,gvec_state,,,7.679526249799925,1.83331481847068,1.693813960393,-0.97,68000.0,
educational_VMEC/from_STELLOPT_246/Benchmarks/atf0,jvmec,failed,Run failed,3,vmec_family,vmec_indata,wout_netcdf,,,,,,,,
educational_VMEC/from_STELLOPT_246/Benchmarks/atf0,parvmec,success,,3,vmec_family,vmec_indata,wout_netcdf,0.048903664451590605,0.025627838495435352,7.67952624979994,1.8271161696121327,1.6938139603930062,0.9699250000000001,67979.6,-19499.262337764958
educational_VMEC/from_STELLOPT_246/Benchmarks/atf0,spec,failed,Unsupported: SPEC requires a native .sp input,3,spec_mhd,spec_namelist,spec_hdf5,,,,,,,,
educational_VMEC/from_STELLOPT_246/Benchmarks/atf0,spectre,success,,3,spectre_mhd,vmec_indata_or_spectre_toml,spectre_json,,,,,,,,
educational_VMEC/from_STELLOPT_246/Benchmarks/atf0,vmec2000,success,,3,vmec_family,vmec_indata,wout_netcdf,0.04890366445159059,0.02562783849543678,7.67952624979994,1.8271161696148375,1.6938139603930062,0.9699250000000001,67979.6,-19499.26233763952
educational_VMEC/from_STELLOPT_246/Benchmarks/atf0,vmecpp,success,,3,vmec_family,vmec_indata,wout_netcdf,0.04890366214206326,0.02562777904300373,7.679526249799913,1.8271204775794816,1.6938139603930038,0.9699250000000001,67979.6,-19498.121163669715
educational_VMEC/from_STELLOPT_246/Benchmarks/atf0,vmex,failed,Run failed,3,vmec_family,vmec_indata,wout_netcdf,,,,,,,,
educational_VMEC/from_STELLOPT_246/Benchmarks/atf14,chease,failed,Unsupported: CHEASE requires a 2-D GEQDSK input,3,grad_shafranov,vmec_indata_via_geqdsk,geqdsk,,,,,,,,
educational_VMEC/from_STELLOPT_246/Benchmarks/atf14,desc,success,,3,vmec_family,vmec_indata,wout_netcdf,0.05538694723575738,0.010774892302857903,7.679256032073904,1.7123146795135062,1.6938044284534275,8.97,36500.0,-1331979.0939713954
educational_VMEC/from_STELLOPT_246/Benchmarks/atf14,educational_vmec,success,,3,vmec_family,vmec_indata,wout_netcdf,0.04890114647357653,0.025042252249682054,7.67925602798276,1.81320533599936,1.6938044275510518,0.9699250000000001,60004.248624208914,-21611.770263683607
educational_VMEC/from_STELLOPT_246/Benchmarks/atf14,freegs,failed,Unsupported: FreeGS is restricted to 2-D Grad-Shafranov cases,3,grad_shafranov,vmec_indata_or_case,geqdsk,,,,,,,,
educational_VMEC/from_STELLOPT_246/Benchmarks/atf14,gvec,success,,3,vmec_family,vmec_indata,gvec_state,,,7.679256027982767,1.81286261603849,1.69380442755106,-0.97,36500.0,
educational_VMEC/from_STELLOPT_246/Benchmarks/atf14,jvmec,failed,Run failed,3,vmec_family,vmec_indata,wout_netcdf,,,,,,,,
educational_VMEC/from_STELLOPT_246/Benchmarks/atf14,parvmec,success,,3,vmec_family,vmec_indata,wout_netcdf,0.04890006546172741,0.02502564737754419,7.67925602798276,1.8200136910822968,1.6938044275510518,0.9699250000000001,59174.446118813255,-18772.60143658002
educational_VMEC/from_STELLOPT_246/Benchmarks/atf14,spec,failed,Unsupported: SPEC requires a native .sp input,3,spec_mhd,spec_namelist,spec_hdf5,,,,,,,,
educational_VMEC/from_STELLOPT_246/Benchmarks/atf14,spectre,failed,Run failed,3,spectre_mhd,vmec_indata_or_spectre_toml,spectre_json,,,,,,,,
educational_VMEC/from_STELLOPT_246/Benchmarks/atf14,vmec2000,success,,3,vmec_family,vmec_indata,wout_netcdf,0.04890006546172722,0.02502564737755393,7.67925602798276,1.8200136910791727,1.6938044275510518,0.9699250000000001,59174.44612099059,-18772.60143645766
educational_VMEC/from_STELLOPT_246/Benchmarks/atf14,vmecpp,success,,3,vmec_family,vmec_indata,wout_netcdf,0.04889999648862236,0.025026788149262583,7.6792560279828015,1.819756555660062,1.6938044275510555,0.9699250000000001,59209.87513598605,-18739.541542108596
educational_VMEC/from_STELLOPT_246/Benchmarks/atf14,vmex,success,,3,vmec_family,vmec_indata,wout_netcdf,0.04890007315793115,0.025025652245107666,7.679256027982771,1.8198338690102858,1.693804427551054,0.9699250000000001,59195.27387043177,-18772.733347647714
educational_VMEC/from_STELLOPT_246/Benchmarks/atf14_10X8,chease,failed,Unsupported: CHEASE requires a 2-D GEQDSK input,3,grad_shafranov,vmec_indata_via_geqdsk,geqdsk,,,,,,,,
educational_VMEC/from_STELLOPT_246/Benchmarks/atf14_10X8,desc,success,,3,vmec_family,vmec_indata,wout_netcdf,0.0550104554733869,0.010822053298883309,7.6792560282970435,1.7524694601120032,1.6938044276203639,8.97,36500.0,-1413376.9524233101
educational_VMEC/from_STELLOPT_246/Benchmarks/atf14_10X8,educational_vmec,success,,3,vmec_family,vmec_indata,wout_netcdf,0.048907774669100394,0.02507161975319402,7.679256027982732,1.8051303658554347,1.6938044275510515,0.9699479166666667,61193.94894499804,-19784.708664924652
educational_VMEC/from_STELLOPT_246/Benchmarks/atf14_10X8,freegs,failed,Unsupported: FreeGS is restricted to 2-D Grad-Shafranov cases,3,grad_shafranov,vmec_indata_or_case,geqdsk,,,,,,,,
educational_VMEC/from_STELLOPT_246/Benchmarks/atf14_10X8,gvec,success,,3,vmec_family,vmec_indata,gvec_state,,,7.679256027982767,1.81295526925033,1.69380442755105,-0.97,36500.0,
educational_VMEC/from_STELLOPT_246/Benchmarks/atf14_10X8,jvmec,failed,Run failed,3,vmec_family,vmec_indata,wout_netcdf,,,,,,,,
educational_VMEC/from_STELLOPT_246/Benchmarks/atf14_10X8,parvmec,success,,3,vmec_family,vmec_indata,wout_netcdf,0.04890014086271345,0.02502313778529474,7.679256027982732,1.8211485712185256,1.6938044275510515,0.9699479166666667,59020.603043346935,-18879.748054481133
educational_VMEC/from_STELLOPT_246/Benchmarks/atf14_10X8,spec,failed,Unsupported: SPEC requires a native .sp input,3,spec_mhd,spec_namelist,spec_hdf5,,,,,,,,
educational_VMEC/from_STELLOPT_246/Benchmarks/atf14_10X8,spectre,failed,Run failed,3,spectre_mhd,vmec_indata_or_spectre_toml,spectre_json,,,,,,,,
educational_VMEC/from_STELLOPT_246/Benchmarks/atf14_10X8,vmec2000,success,,3,vmec_family,vmec_indata,wout_netcdf,0.048900140862713486,0.02502313778529514,7.679256027982732,1.8211485712179216,1.6938044275510515,0.9699479166666667,59020.60304345076,-18879.748054472257
educational_VMEC/from_STELLOPT_246/Benchmarks/atf14_10X8,vmecpp,success,,3,vmec_family,vmec_indata,wout_netcdf,0.04890014179850979,0.025023220476539074,7.679256027982797,1.8209571453474134,1.693804427551055,0.9699479166666667,59043.79716502344,-18878.206028040928
educational_VMEC/from_STELLOPT_246/Benchmarks/atf14_10X8,vmex,failed,Run failed,3,vmec_family,vmec_indata,wout_netcdf,,,,,,,,
educational_VMEC/from_STELLOPT_246/Benchmarks/atf14_9X6,chease,failed,Unsupported: CHEASE requires a 2-D GEQDSK input,3,grad_shafranov,vmec_indata_via_geqdsk,geqdsk,,,,,,,,
educational_VMEC/from_STELLOPT_246/Benchmarks/atf14_9X6,desc,success,,3,vmec_family,vmec_indata,wout_netcdf,0.05506311733833749,0.010833197115539572,7.679256027935723,1.7736244547684648,1.6938044275406734,8.97,36500.0,-1361278.4583826347
educational_VMEC/from_STELLOPT_246/Benchmarks/atf14_9X6,educational_vmec,success,,3,vmec_family,vmec_indata,wout_netcdf,0.04890297772727198,0.02505197496487085,7.679256027982757,1.8094038456173158,1.6938044275510589,0.96998125,60612.47255950009,-19461.274359344272
educational_VMEC/from_STELLOPT_246/Benchmarks/atf14_9X6,freegs,failed,Unsupported: FreeGS is restricted to 2-D Grad-Shafranov cases,3,grad_shafranov,vmec_indata_or_case,geqdsk,,,,,,,,
educational_VMEC/from_STELLOPT_246/Benchmarks/atf14_9X6,gvec,success,,3,vmec_family,vmec_indata,gvec_state,,,7.679256027982767,1.81290781952255,1.69380442755105,-0.97,36500.0,
educational_VMEC/from_STELLOPT_246/Benchmarks/atf14_9X6,jvmec,failed,Run failed,3,vmec_family,vmec_indata,wout_netcdf,,,,,,,,
educational_VMEC/from_STELLOPT_246/Benchmarks/atf14_9X6,parvmec,success,,3,vmec_family,vmec_indata,wout_netcdf,0.04890021480138036,0.02502209156143871,7.679256027982757,1.8228586411441887,1.6938044275510589,0.96998125,58778.906491247595,-18887.666807242378
educational_VMEC/from_STELLOPT_246/Benchmarks/atf14_9X6,spec,failed,Unsupported: SPEC requires a native .sp input,3,spec_mhd,spec_namelist,spec_hdf5,,,,,,,,
educational_VMEC/from_STELLOPT_246/Benchmarks/atf14_9X6,spectre,failed,Run failed,3,spectre_mhd,vmec_indata_or_spectre_toml,spectre_json,,,,,,,,
educational_VMEC/from_STELLOPT_246/Benchmarks/atf14_9X6,vmec2000,success,,3,vmec_family,vmec_indata,wout_netcdf,0.04890021480138007,0.025022091561438208,7.679256027982757,1.8228586411640215,1.6938044275510589,0.96998125,58778.90649046206,-18887.666807404654
educational_VMEC/from_STELLOPT_246/Benchmarks/atf14_9X6,vmecpp,success,,3,vmec_family,vmec_indata,wout_netcdf,0.04890021350816128,0.025022118097192146,7.679256027982779,1.8228601184152096,1.6938044275510544,0.96998125,58780.48981674394,-18887.036065419416
educational_VMEC/from_STELLOPT_246/Benchmarks/atf14_9X6,vmex,failed,Run failed,3,vmec_family,vmec_indata,wout_netcdf,,,,,,,,
educational_VMEC/from_STELLOPT_246/Benchmarks/atf_lb,chease,failed,Unsupported: CHEASE requires a 2-D GEQDSK input,3,grad_shafranov,vmec_indata_via_geqdsk,geqdsk,,,,,,,,
educational_VMEC/from_STELLOPT_246/Benchmarks/atf_lb,desc,success,,3,vmec_family,vmec_indata,wout_netcdf,0.04888465282616321,0.001293366321182509,7.679526249775519,1.716728628901429,1.6938139603876228,0.9437209070873959,3650.0,-5.800219784743798e-11
educational_VMEC/from_STELLOPT_246/Benchmarks/atf_lb,educational_vmec,success,,3,vmec_family,vmec_indata,wout_netcdf,0.04887960756975479,0.002565678404270168,7.67952624979994,1.7523843588805086,1.6938139603930062,0.9622852578990293,7087.134218562944,2.1941541465675396e-10
educational_VMEC/from_STELLOPT_246/Benchmarks/atf_lb,freegs,failed,Unsupported: FreeGS is restricted to 2-D Grad-Shafranov cases,3,grad_shafranov,vmec_indata_or_case,geqdsk,,,,,,,,
educational_VMEC/from_STELLOPT_246/Benchmarks/atf_lb,gvec,success,,3,vmec_family,vmec_indata,gvec_state,,,7.67952624979989,1.75985091774361,1.693813960393,-0.971250140234924,3650.0,
educational_VMEC/from_STELLOPT_246/Benchmarks/atf_lb,jvmec,success,,3,vmec_family,vmec_indata,wout_netcdf,0.04887959904333179,0.0,7.679880309179459,1.764697375134071,1.6935906429919225,0.9673877596443333,0.0,4.979198477139679e-10
educational_VMEC/from_STELLOPT_246/Benchmarks/atf_lb,parvmec,success,,3,vmec_family,vmec_indata,wout_netcdf,0.04887959904333179,0.0025620940689930647,7.67952624979994,1.7646973751330364,1.6938139603930062,0.9673877596443368,6909.068017518472,1.054386612742153e-10
educational_VMEC/from_STELLOPT_246/Benchmarks/atf_lb,spec,failed,Unsupported: SPEC requires a native .sp input,3,spec_mhd,spec_namelist,spec_hdf5,,,,,,,,
educational_VMEC/from_STELLOPT_246/Benchmarks/atf_lb,spectre,failed,Run failed,3,spectre_mhd,vmec_indata_or_spectre_toml,spectre_json,,,,,,,,
educational_VMEC/from_STELLOPT_246/Benchmarks/atf_lb,vmec2000,success,,3,vmec_family,vmec_indata,wout_netcdf,0.048879599043331994,0.002562094068992027,7.67952624979994,1.7646973751391517,1.6938139603930062,0.967387759644482,6909.068017431572,-6.911788849595091e-11
educational_VMEC/from_STELLOPT_246/Benchmarks/atf_lb,vmecpp,success,,3,vmec_family,vmec_indata,wout_netcdf,0.048879599043331556,0.00256209406900111,7.679526249799913,1.7646973750909174,1.6938139603930038,0.9673877596457718,6909.068018119179,-1.0828469197698974e-10
educational_VMEC/from_STELLOPT_246/Benchmarks/atf_lb,vmex,success,,3,vmec_family,vmec_indata,wout_netcdf,0.04887959904333197,0.002562094068987597,7.6795262497999035,1.7646973751657173,1.6938139603930036,0.9673877596444562,6909.068017052976,4.590918574118308e-11
educational_VMEC/from_STELLOPT_246/Benchmarks/atf_test,chease,failed,Unsupported: CHEASE requires a 2-D GEQDSK input,3,grad_shafranov,vmec_indata_via_geqdsk,geqdsk,,,,,,,,
educational_VMEC/from_STELLOPT_246/Benchmarks/atf_test,desc,success,,3,vmec_family,vmec_indata,wout_netcdf,0.05940349273932634,0.020619742219142256,7.6797135482177685,1.7197806712738917,1.693703645981321,8.97,68000.0,-2057300.7582233858
educational_VMEC/from_STELLOPT_246/Benchmarks/atf_test,educational_vmec,success,,3,vmec_family,vmec_indata,wout_netcdf,0.048836446999561835,0.02518413522963476,7.679713548217734,1.7842758298303092,1.6937036459813204,0.9676851851851851,67370.37037037038,-27591.344241588213
educational_VMEC/from_STELLOPT_246/Benchmarks/atf_test,freegs,failed,Unsupported: FreeGS is restricted to 2-D Grad-Shafranov cases,3,grad_shafranov,vmec_indata_or_case,geqdsk,,,,,,,,
educational_VMEC/from_STELLOPT_246/Benchmarks/atf_test,gvec,success,,3,vmec_family,vmec_indata,gvec_state,,,7.679713548217786,1.82768920331703,1.69370364598132,-0.97,68000.0,
educational_VMEC/from_STELLOPT_246/Benchmarks/atf_test,jvmec,success,,3,vmec_family,vmec_indata,wout_netcdf,0.048834957706746576,0.0,7.680070161375972,1.8003131927806588,1.6934808989220589,0.9676851851851851,0.0,-19296.725355400515
educational_VMEC/from_STELLOPT_246/Benchmarks/atf_test,parvmec,success,,3,vmec_family,vmec_indata,wout_netcdf,0.04883343623286897,0.02527105684467119,7.679713548217734,1.7925486100863548,1.6937036459813204,0.9676851851851851,67370.37037037038,-19122.86492165786
educational_VMEC/from_STELLOPT_246/Benchmarks/atf_test,spec,failed,Unsupported: SPEC requires a native .sp input,3,spec_mhd,spec_namelist,spec_hdf5,,,,,,,,
educational_VMEC/from_STELLOPT_246/Benchmarks/atf_test,spectre,success,,3,spectre_mhd,vmec_indata_or_spectre_toml,spectre_json,,,,,,,,
educational_VMEC/from_STELLOPT_246/Benchmarks/atf_test,vmec2000,success,,3,vmec_family,vmec_indata,wout_netcdf,0.04883343623286892,0.025271056844670823,7.679713548217734,1.7925486100863346,1.6937036459813204,0.9676851851851851,67370.37037037038,-19122.86492165418
educational_VMEC/from_STELLOPT_246/Benchmarks/atf_test,vmecpp,success,,3,vmec_family,vmec_indata,wout_netcdf,0.04883495770793467,0.025334828635426233,7.679713548217769,1.8003131830836339,1.6937036459813237,0.9676851851851851,67370.37037037038,-19296.723769509936
educational_VMEC/from_STELLOPT_246/Benchmarks/atf_test,vmex,failed,Run failed,3,vmec_family,vmec_indata,wout_netcdf,,,,,,,,
educational_VMEC/from_STELLOPT_246/Benchmarks/bean10,chease,failed,Unsupported: CHEASE requires a 2-D GEQDSK input,3,grad_shafranov,vmec_indata_via_geqdsk,geqdsk,,,,,,,,
educational_VMEC/from_STELLOPT_246/Benchmarks/bean10,desc,success,,3,vmec_family,vmec_indata,wout_netcdf,9.049835576586535,0.03586352642965774,2.5186698763686497,3.5632918170703993,109.65924858441322,0.14827682999993685,276299.34,2147986.59766101
educational_VMEC/from_STELLOPT_246/Benchmarks/bean10,educational_vmec,success,,3,vmec_family,vmec_indata,wout_netcdf,9.047701882701515,0.03580611912245025,2.5186698763972992,3.551504503732695,109.65924858566052,0.14698681358699184,275085.7781825449,2667129.948413549
educational_VMEC/from_STELLOPT_246/Benchmarks/bean10,freegs,failed,Unsupported: FreeGS is restricted to 2-D Grad-Shafranov cases,3,grad_shafranov,vmec_indata_or_case,geqdsk,,,,,,,,
educational_VMEC/from_STELLOPT_246/Benchmarks/bean10,gvec,success,,3,vmec_family,vmec_indata,gvec_state,,,2.518669876254773,3.55305518274559,109.659248579455,-0.148275903583388,276299.340177182,
educational_VMEC/from_STELLOPT_246/Benchmarks/bean10,jvmec,success,,3,vmec_family,vmec_indata,wout_netcdf,9.047143695723241,0.0,2.5186698762547683,3.552208493470655,109.65924857945494,0.14698681358699184,0.0,2780796.827352997
educational_VMEC/from_STELLOPT_246/Benchmarks/bean10,parvmec,success,,3,vmec_family,vmec_indata,wout_netcdf,9.047143681275966,0.03581002178888307,2.5186698763972992,3.552208487482441,109.65924858566052,0.14698681358699184,275085.7781825449,2780751.1672376283
educational_VMEC/from_STELLOPT_246/Benchmarks/bean10,spec,failed,Unsupported: SPEC requires a native .sp input,3,spec_mhd,spec_namelist,spec_hdf5,,,,,,,,
educational_VMEC/from_STELLOPT_246/Benchmarks/bean10,spectre,success,,3,spectre_mhd,vmec_indata_or_spectre_toml,spectre_json,,,,,,,,
educational_VMEC/from_STELLOPT_246/Benchmarks/bean10,vmec2000,success,,3,vmec_family,vmec_indata,wout_netcdf,9.047143681275966,0.03581002178888307,2.5186698763972992,3.552208487482441,109.65924858566052,0.14698681358699184,275085.7781825449,2780751.1672376283
educational_VMEC/from_STELLOPT_246/Benchmarks/bean10,vmecpp,success,,3,vmec_family,vmec_indata,wout_netcdf,9.04714370597657,0.03581002433336178,2.5186698763972992,3.5522085507562338,109.65924858566052,0.14698681358699184,275085.7781825449,2780975.130035641
educational_VMEC/from_STELLOPT_246/Benchmarks/bean10,vmex,success,,3,vmec_family,vmec_indata,wout_netcdf,9.047143681275996,0.03581002178888507,2.518669876397297,3.5522084874824778,109.65924858566052,0.14698681358699184,275085.7781825449,2780751.1674116803
educational_VMEC/from_STELLOPT_246/Benchmarks/bean14,chease,failed,Unsupported: CHEASE requires a 2-D GEQDSK input,3,grad_shafranov,vmec_indata_via_geqdsk,geqdsk,,,,,,,,
educational_VMEC/from_STELLOPT_246/Benchmarks/bean14,desc,success,,3,vmec_family,vmec_indata,wout_netcdf,9.049835576586535,0.03586352642965774,2.5186698763686497,3.5632918170703993,109.65924858441322,0.14827682999993685,276299.34,2147986.59766101
educational_VMEC/from_STELLOPT_246/Benchmarks/bean14,educational_vmec,success,,3,vmec_family,vmec_indata,wout_netcdf,9.047701882701515,0.03580611912245025,2.5186698763972992,3.551504503732695,109.65924858566052,0.14698681358699184,275085.7781825449,2667129.948413549
educational_VMEC/from_STELLOPT_246/Benchmarks/bean14,freegs,failed,Unsupported: FreeGS is restricted to 2-D Grad-Shafranov cases,3,grad_shafranov,vmec_indata_or_case,geqdsk,,,,,,,,
educational_VMEC/from_STELLOPT_246/Benchmarks/bean14,gvec,success,,3,vmec_family,vmec_indata,gvec_state,,,2.518669876254773,3.55305518274559,109.659248579455,-0.148275903583388,276299.340177182,
educational_VMEC/from_STELLOPT_246/Benchmarks/bean14,jvmec,failed,Run failed,3,vmec_family,vmec_indata,wout_netcdf,,,,,,,,
educational_VMEC/from_STELLOPT_246/Benchmarks/bean14,parvmec,success,,3,vmec_family,vmec_indata,wout_netcdf,9.047143510528398,0.035810002809043555,2.5186698763972992,3.5522081448914733,109.65924858566052,0.14698681358699184,275085.7781825449,2779109.7409798484
educational_VMEC/from_STELLOPT_246/Benchmarks/bean14,spec,failed,Unsupported: SPEC requires a native .sp input,3,spec_mhd,spec_namelist,spec_hdf5,,,,,,,,
educational_VMEC/from_STELLOPT_246/Benchmarks/bean14,spectre,success,,3,spectre_mhd,vmec_indata_or_spectre_toml,spectre_json,,,,,,,,
educational_VMEC/from_STELLOPT_246/Benchmarks/bean14,vmec2000,success,,3,vmec_family,vmec_indata,wout_netcdf,9.047143510528398,0.035810002809043555,2.5186698763972992,3.5522081448914733,109.65924858566052,0.14698681358699184,275085.7781825449,2779109.7409798484
educational_VMEC/from_STELLOPT_246/Benchmarks/bean14,vmecpp,success,,3,vmec_family,vmec_indata,wout_netcdf,9.047143749382084,0.03581002832968067,2.5186698763972992,3.5522086823458348,109.65924858566052,0.14698681358699184,275085.7781825449,2779511.47019754
educational_VMEC/from_STELLOPT_246/Benchmarks/bean14,vmex,failed,Run failed,3,vmec_family,vmec_indata,wout_netcdf,,,,,,,,
educational_VMEC/from_STELLOPT_246/Benchmarks/bean14_test,chease,failed,Unsupported: CHEASE requires a 2-D GEQDSK input,3,grad_shafranov,vmec_indata_via_geqdsk,geqdsk,,,,,,,,
educational_VMEC/from_STELLOPT_246/Benchmarks/bean14_test,desc,success,,3,vmec_family,vmec_indata,wout_netcdf,9.07639549299577,0.03354021898038822,2.517712209925167,3.3486227794119277,109.61830963642272,0.14827682999993685,276299.34,1371758.166746317
educational_VMEC/from_STELLOPT_246/Benchmarks/bean14_test,educational_vmec,success,,3,vmec_family,vmec_indata,wout_netcdf,9.054688198471585,0.03529162422215945,2.5177122099251643,3.5370689747515893,109.6183096364229,0.13614442178347907,246203.90233636348,2110294.153976352
educational_VMEC/from_STELLOPT_246/Benchmarks/bean14_test,freegs,failed,Unsupported: FreeGS is restricted to 2-D Grad-Shafranov cases,3,grad_shafranov,vmec_indata_or_case,geqdsk,,,,,,,,
educational_VMEC/from_STELLOPT_246/Benchmarks/bean14_test,gvec,success,,3,vmec_family,vmec_indata,gvec_state,,,2.5177122099251674,3.54932993116499,109.618309636423,-0.148275903583388,276299.340177182,
educational_VMEC/from_STELLOPT_246/Benchmarks/bean14_test,jvmec,success,,3,vmec_family,vmec_indata,wout_netcdf,9.054288499636861,0.0,2.517712209925174,3.545964183402743,109.6183096364233,0.13614442178347907,0.0,2190459.8655459466
educational_VMEC/from_STELLOPT_246/Benchmarks/bean14_test,parvmec,success,,3,vmec_family,vmec_indata,wout_netcdf,9.054288461018682,0.03532332121673218,2.5177122099251643,3.5459639838744343,109.6183096364229,0.13614442178347907,246203.90233636348,2190448.420527692
educational_VMEC/from_STELLOPT_246/Benchmarks/bean14_test,spec,failed,Unsupported: SPEC requires a native .sp input,3,spec_mhd,spec_namelist,spec_hdf5,,,,,,,,
educational_VMEC/from_STELLOPT_246/Benchmarks/bean14_test,spectre,failed,Run failed,3,spectre_mhd,vmec_indata_or_spectre_toml,spectre_json,,,,,,,,
educational_VMEC/from_STELLOPT_246/Benchmarks/bean14_test,vmec2000,success,,3,vmec_family,vmec_indata,wout_netcdf,9.054288461018682,0.03532332121673218,2.5177122099251643,3.5459639838744343,109.6183096364229,0.13614442178347907,246203.90233636348,2190448.420527692
educational_VMEC/from_STELLOPT_246/Benchmarks/bean14_test,vmecpp,success,,3,vmec_family,vmec_indata,wout_netcdf,9.054288462012712,0.035323321334421835,2.5177122099251643,3.5459639886586807,109.6183096364229,0.13614442178347907,246203.90233636348,2190448.5908845477
educational_VMEC/from_STELLOPT_246/Benchmarks/bean14_test,vmex,success,,3,vmec_family,vmec_indata,wout_netcdf,9.05428845952569,0.03532332101106436,2.5177122099251643,3.545963975252187,109.6183096364229,0.13614442178347663,246203.90233636348,2190447.847955314
educational_VMEC/from_STELLOPT_246/Benchmarks/bean20,chease,failed,Unsupported: CHEASE requires a 2-D GEQDSK input,3,grad_shafranov,vmec_indata_via_geqdsk,geqdsk,,,,,,,,
educational_VMEC/from_STELLOPT_246/Benchmarks/bean20,desc,success,,3,vmec_family,vmec_indata,wout_netcdf,9.049835576586535,0.03586352642965774,2.5186698763686497,3.5632918170703993,109.65924858441322,0.14827682999993685,276299.34,2147986.59766101
educational_VMEC/from_STELLOPT_246/Benchmarks/bean20,educational_vmec,success,,3,vmec_family,vmec_indata,wout_netcdf,9.04750828272568,0.0358025508000025,2.5186698763972992,3.5518702537605815,109.65924858566052,0.1464956785642535,274586.5674245541,2732257.600962391
educational_VMEC/from_STELLOPT_246/Benchmarks/bean20,freegs,failed,Unsupported: FreeGS is restricted to 2-D Grad-Shafranov cases,3,grad_shafranov,vmec_indata_or_case,geqdsk,,,,,,,,
educational_VMEC/from_STELLOPT_246/Benchmarks/bean20,gvec,success,,3,vmec_family,vmec_indata,gvec_state,,,2.518669876254773,3.55305518274559,109.659248579455,-0.148275903583388,276299.340177182,
educational_VMEC/from_STELLOPT_246/Benchmarks/bean20,jvmec,failed,Run failed,3,vmec_family,vmec_indata,wout_netcdf,,,,,,,,
educational_VMEC/from_STELLOPT_246/Benchmarks/bean20,parvmec,success,,3,vmec_family,vmec_indata,wout_netcdf,9.04721468404845,0.035806510291456456,2.5186698763972992,3.5521335153990776,109.65924858566052,0.1464956785642535,274586.5674245541,2781052.840499447
educational_VMEC/from_STELLOPT_246/Benchmarks/bean20,spec,failed,Unsupported: SPEC requires a native .sp input,3,spec_mhd,spec_namelist,spec_hdf5,,,,,,,,
educational_VMEC/from_STELLOPT_246/Benchmarks/bean20,spectre,success,,3,spectre_mhd,vmec_indata_or_spectre_toml,spectre_json,,,,,,,,
educational_VMEC/from_STELLOPT_246/Benchmarks/bean20,vmec2000,success,,3,vmec_family,vmec_indata,wout_netcdf,9.04721468404845,0.035806510291456456,2.5186698763972992,3.5521335153990776,109.65924858566052,0.1464956785642535,274586.5674245541,2781052.840499447
educational_VMEC/from_STELLOPT_246/Benchmarks/bean20,vmecpp,success,,3,vmec_family,vmec_indata,wout_netcdf,9.047211080949577,0.03580610467723174,2.5186698763972992,3.5521544912596497,109.65924858566052,0.1464956785642635,274586.5674245541,2780821.259858349
educational_VMEC/from_STELLOPT_246/Benchmarks/bean20,vmex,success,,3,vmec_family,vmec_indata,wout_netcdf,9.047214691097318,0.035806489179434936,2.518669876397297,3.5521929220231305,109.65924858566052,0.1464956785642635,274586.5674245541,2780755.4160056547
educational_VMEC/from_STELLOPT_246/Benchmarks/belt14,chease,failed,Unsupported: CHEASE requires a 2-D GEQDSK input,3,grad_shafranov,vmec_indata_via_geqdsk,geqdsk,,,,,,,,
educational_VMEC/from_STELLOPT_246/Benchmarks/belt14,desc,failed,Run failed,3,vmec_family,vmec_indata,wout_netcdf,,,,,,,,
educational_VMEC/from_STELLOPT_246/Benchmarks/belt14,educational_vmec,success,,3,vmec_family,vmec_indata,wout_netcdf,0.0,0.0,0.0,0.0,0.0,0.1482759035833885,0.0,0.0
educational_VMEC/from_STELLOPT_246/Benchmarks/belt14,freegs,failed,Unsupported: FreeGS is restricted to 2-D Grad-Shafranov cases,3,grad_shafranov,vmec_indata_or_case,geqdsk,,,,,,,,
educational_VMEC/from_STELLOPT_246/Benchmarks/belt14,gvec,failed,Run failed,3,vmec_family,vmec_indata,gvec_state,,,,,,,,
educational_VMEC/from_STELLOPT_246/Benchmarks/belt14,jvmec,failed,Run failed,3,vmec_family,vmec_indata,wout_netcdf,,,,,,,,
educational_VMEC/from_STELLOPT_246/Benchmarks/belt14,parvmec,success,,3,vmec_family,vmec_indata,wout_netcdf,2.1020004677520294e-06,0.0,0.0,,0.0,,,-0.0
educational_VMEC/from_STELLOPT_246/Benchmarks/belt14,spec,failed,Unsupported: SPEC requires a native .sp input,3,spec_mhd,spec_namelist,spec_hdf5,,,,,,,,
educational_VMEC/from_STELLOPT_246/Benchmarks/belt14,spectre,failed,Run failed,3,spectre_mhd,vmec_indata_or_spectre_toml,spectre_json,,,,,,,,
educational_VMEC/from_STELLOPT_246/Benchmarks/belt14,vmec2000,success,,3,vmec_family,vmec_indata,wout_netcdf,2.0996447886393192e-07,0.0,0.0,,0.0,,,-0.0
educational_VMEC/from_STELLOPT_246/Benchmarks/belt14,vmecpp,success,,3,vmec_family,vmec_indata,wout_netcdf,0.0,,5.754387676103544,3.0,16.095158981882165,0.1482759035833885,0.0,0.0
educational_VMEC/from_STELLOPT_246/Benchmarks/belt14,vmex,success,,3,vmec_family,vmec_indata,wout_netcdf,51.2099789808843,0.008610806177476983,5.754387676103554,3.049831030998931,16.095158981882157,0.14698681358699184,2750857.7818254484,3211978.0196435656
educational_VMEC/from_STELLOPT_246/Benchmarks/belt20,chease,failed,Unsupported: CHEASE requires a 2-D GEQDSK input,3,grad_shafranov,vmec_indata_via_geqdsk,geqdsk,,,,,,,,
educational_VMEC/from_STELLOPT_246/Benchmarks/belt20,desc,success,,3,vmec_family,vmec_indata,wout_netcdf,51.4389180744873,0.008536145496013968,5.766989671347531,3.0507348360971607,16.024893725398197,0.14827682999993685,2762993.4,3133699.4789654026
educational_VMEC/from_STELLOPT_246/Benchmarks/belt20,educational_vmec,success,,3,vmec_family,vmec_indata,wout_netcdf,4.148718405853439e-14,0.0,0.0,-5300157475516920.0,0.0,0.13807666872690838,0.0,2.1581104958645625e-05
educational_VMEC/from_STELLOPT_246/Benchmarks/belt20,freegs,failed,Unsupported: FreeGS is restricted to 2-D Grad-Shafranov cases,3,grad_shafranov,vmec_indata_or_case,geqdsk,,,,,,,,
educational_VMEC/from_STELLOPT_246/Benchmarks/belt20,gvec,failed,Run failed,3,vmec_family,vmec_indata,gvec_state,,,,,,,,
educational_VMEC/from_STELLOPT_246/Benchmarks/belt20,jvmec,failed,Run failed,3,vmec_family,vmec_indata,wout_netcdf,,,,,,,,
educational_VMEC/from_STELLOPT_246/Benchmarks/belt20,parvmec,success,,3,vmec_family,vmec_indata,wout_netcdf,51.438865830370496,0.00853252099372721,5.76698967134746,3.0485976657327454,16.024893725398034,0.14698681358699184,2750857.7818254484,3252327.47657173
educational_VMEC/from_STELLOPT_246/Benchmarks/belt20,spec,failed,Unsupported: SPEC requires a native .sp input,3,spec_mhd,spec_namelist,spec_hdf5,,,,,,,,
educational_VMEC/from_STELLOPT_246/Benchmarks/belt20,spectre,failed,Run failed,3,spectre_mhd,vmec_indata_or_spectre_toml,spectre_json,,,,,,,,
educational_VMEC/from_STELLOPT_246/Benchmarks/belt20,vmec2000,success,,3,vmec_family,vmec_indata,wout_netcdf,51.438865830370496,0.00853252099372721,5.76698967134746,3.0485976657327454,16.024893725398034,0.14698681358699184,2750857.7818254484,3252327.47657173
educational_VMEC/from_STELLOPT_246/Benchmarks/belt20,vmecpp,success,,3,vmec_family,vmec_indata,wout_netcdf,99.74287571906699,0.0041593357148865615,5.76698967134746,2.9410142443628637,16.024893725398034,0.13807666872689994,2619980.188922965,1637556.6724094106
educational_VMEC/from_STELLOPT_246/Benchmarks/belt20,vmex,failed,Run failed,3,vmec_family,vmec_indata,wout_netcdf,,,,,,,,
educational_VMEC/from_STELLOPT_246/Benchmarks/c82_test,chease,failed,Unsupported: CHEASE requires a 2-D GEQDSK input,3,grad_shafranov,vmec_indata_via_geqdsk,geqdsk,,,,,,,,
educational_VMEC/from_STELLOPT_246/Benchmarks/c82_test,desc,success,,3,vmec_family,vmec_indata,wout_netcdf,0.08132441725252315,2.2696073890831907e-05,3.4208604962101044,1.512661101534607,5.271435345498176,0.2026964055596543,11.0,-7.909390615559725e-12
educational_VMEC/from_STELLOPT_246/Benchmarks/c82_test,educational_vmec,success,,3,vmec_family,vmec_indata,wout_netcdf,0.08095811665308975,0.0,3.4208604962100972,1.4744668890062036,5.2714353454981815,0.24570619469001936,0.0,4.255493527005604e-11
educational_VMEC/from_STELLOPT_246/Benchmarks/c82_test,freegs,failed,Unsupported: FreeGS is restricted to 2-D Grad-Shafranov cases,3,grad_shafranov,vmec_indata_or_case,geqdsk,,,,,,,,
educational_VMEC/from_STELLOPT_246/Benchmarks/c82_test,gvec,failed,Run failed,3,vmec_family,vmec_indata,gvec_state,,,,,,,,
educational_VMEC/from_STELLOPT_246/Benchmarks/c82_test,jvmec,success,,3,vmec_family,vmec_indata,wout_netcdf,0.0809558250790107,0.0,3.474922482080996,1.4618683045125997,5.152123729266796,0.24534775697292227,0.0,1.9786689647860456e-11
educational_VMEC/from_STELLOPT_246/Benchmarks/c82_test,parvmec,success,,3,vmec_family,vmec_indata,wout_netcdf,0.08095582507901067,0.0,3.4208604962100964,1.4618683045117071,5.2714353454981815,0.24534775697295527,0.0,-6.58652819784944e-11
educational_VMEC/from_STELLOPT_246/Benchmarks/c82_test,spec,failed,Unsupported: SPEC requires a native .sp input,3,spec_mhd,spec_namelist,spec_hdf5,,,,,,,,
educational_VMEC/from_STELLOPT_246/Benchmarks/c82_test,spectre,failed,Run failed,3,spectre_mhd,vmec_indata_or_spectre_toml,spectre_json,,,,,,,,
educational_VMEC/from_STELLOPT_246/Benchmarks/c82_test,vmec2000,success,,3,vmec_family,vmec_indata,wout_netcdf,0.08095582507901079,0.0,3.4208604962100972,1.4618683045129013,5.2714353454981815,0.2453477569729312,0.0,-1.0218605475675878e-10
educational_VMEC/from_STELLOPT_246/Benchmarks/c82_test,vmecpp,success,,3,vmec_family,vmec_indata,wout_netcdf,0.08095582507777242,0.0,3.4208604962101,1.4618683025070591,5.271435345498181,0.2453477566450993,0.0,-2.3554292197247584e-10
educational_VMEC/from_STELLOPT_246/Benchmarks/c82_test,vmex,success,,3,vmec_family,vmec_indata,wout_netcdf,0.0809558250790107,0.0,3.4208604962101044,1.4618683045115852,5.2714353454981815,0.24534775697299924,0.0,-3.0899761915836876e-11
educational_VMEC/from_STELLOPT_246/Benchmarks/c82vac,chease,failed,Unsupported: CHEASE requires a 2-D GEQDSK input,3,grad_shafranov,vmec_indata_via_geqdsk,geqdsk,,,,,,,,
educational_VMEC/from_STELLOPT_246/Benchmarks/c82vac,desc,success,,3,vmec_family,vmec_indata,wout_netcdf,0.08164886760904845,2.2364520511522828e-05,3.4278144594616387,1.500565414542855,5.215151689039412,0.271454959187707,11.0,1.537937064136613e-11
educational_VMEC/from_STELLOPT_246/Benchmarks/c82vac,educational_vmec,success,,3,vmec_family,vmec_indata,wout_netcdf,0.08160781162956696,0.0,3.4278144593892255,1.4507320395828929,5.215151688929255,0.29184273239708747,0.0,1.9908662392265073e-10
educational_VMEC/from_STELLOPT_246/Benchmarks/c82vac,freegs,failed,Unsupported: FreeGS is restricted to 2-D Grad-Shafranov cases,3,grad_shafranov,vmec_indata_or_case,geqdsk,,,,,,,,
educational_VMEC/from_STELLOPT_246/Benchmarks/c82vac,gvec,failed,Run failed,3,vmec_family,vmec_indata,gvec_state,,,,,,,,
educational_VMEC/from_STELLOPT_246/Benchmarks/c82vac,jvmec,success,,3,vmec_family,vmec_indata,wout_netcdf,0.08160549863806939,0.0,3.480217550246218,1.4434939664853732,5.0997838505131,0.2934922054367819,0.0,-4.6525825726784204e-10
educational_VMEC/from_STELLOPT_246/Benchmarks/c82vac,parvmec,success,,3,vmec_family,vmec_indata,wout_netcdf,0.08160549103878895,0.0,3.4278144593892255,1.4434887246830712,5.215151688929255,0.2934557308057004,0.0,-1.9542744159051217e-10
educational_VMEC/from_STELLOPT_246/Benchmarks/c82vac,spec,failed,Unsupported: SPEC requires a native .sp input,3,spec_mhd,spec_namelist,spec_hdf5,,,,,,,,
educational_VMEC/from_STELLOPT_246/Benchmarks/c82vac,spectre,failed,Run failed,3,spectre_mhd,vmec_indata_or_spectre_toml,spectre_json,,,,,,,,
educational_VMEC/from_STELLOPT_246/Benchmarks/c82vac,vmec2000,success,,3,vmec_family,vmec_indata,wout_netcdf,0.08160549103878854,0.0,3.4278144593892255,1.44348872468564,5.215151688929255,0.29345573080483245,0.0,-5.9631119486702736e-12
educational_VMEC/from_STELLOPT_246/Benchmarks/c82vac,vmecpp,success,,3,vmec_family,vmec_indata,wout_netcdf,0.08160546829833232,0.0,3.4278144593892343,1.443455873379505,5.215151688929255,0.29338471533382326,0.0,-5.339695699491109e-11
educational_VMEC/from_STELLOPT_246/Benchmarks/c82vac,vmex,success,,3,vmec_family,vmec_indata,wout_netcdf,0.08160549103878821,0.0,3.427814459389234,1.4434887246928698,5.2151516889292475,0.29345573080398146,0.0,-8.890457814381135e-11
educational_VMEC/from_STELLOPT_246/Benchmarks/c82vac14,chease,failed,Unsupported: CHEASE requires a 2-D GEQDSK input,3,grad_shafranov,vmec_indata_via_geqdsk,geqdsk,,,,,,,,
educational_VMEC/from_STELLOPT_246/Benchmarks/c82vac14,desc,success,,3,vmec_family,vmec_indata,wout_netcdf,0.08164886760904845,2.2364520511522828e-05,3.4278144594616387,1.500565414542855,5.215151689039412,0.271454959187707,11.0,1.537937064136613e-11
educational_VMEC/from_STELLOPT_246/Benchmarks/c82vac14,educational_vmec,success,,3,vmec_family,vmec_indata,wout_netcdf,0.08160781162956696,0.0,3.4278144593892255,1.4507320395828929,5.215151688929255,0.29184273239708747,0.0,1.9908662392265073e-10
educational_VMEC/from_STELLOPT_246/Benchmarks/c82vac14,freegs,failed,Unsupported: FreeGS is restricted to 2-D Grad-Shafranov cases,3,grad_shafranov,vmec_indata_or_case,geqdsk,,,,,,,,
educational_VMEC/from_STELLOPT_246/Benchmarks/c82vac14,gvec,failed,Run failed,3,vmec_family,vmec_indata,gvec_state,,,,,,,,
educational_VMEC/from_STELLOPT_246/Benchmarks/c82vac14,jvmec,success,,3,vmec_family,vmec_indata,wout_netcdf,0.08160549801725306,0.0,3.480217550246218,1.4437466729819333,5.0997838505131,0.29349122425252394,0.0,2.2537852660542423e-10
educational_VMEC/from_STELLOPT_246/Benchmarks/c82vac14,parvmec,success,,3,vmec_family,vmec_indata,wout_netcdf,0.08160540986167437,0.0,3.4278144593892255,1.443308638323812,5.215151688929255,0.293537055730523,0.0,-2.467915195120129e-10
educational_VMEC/from_STELLOPT_246/Benchmarks/c82vac14,spec,failed,Unsupported: SPEC requires a native .sp input,3,spec_mhd,spec_namelist,spec_hdf5,,,,,,,,
educational_VMEC/from_STELLOPT_246/Benchmarks/c82vac14,spectre,failed,Run failed,3,spectre_mhd,vmec_indata_or_spectre_toml,spectre_json,,,,,,,,
educational_VMEC/from_STELLOPT_246/Benchmarks/c82vac14,vmec2000,success,,3,vmec_family,vmec_indata,wout_netcdf,0.08160539490286221,0.0,3.4278144593892255,1.4434631420963193,5.215151688929255,0.2934994652757818,0.0,4.4167686001628237e-10
educational_VMEC/from_STELLOPT_246/Benchmarks/c82vac14,vmecpp,success,,3,vmec_family,vmec_indata,wout_netcdf,0.08160546654169798,0.0,3.4278144593892343,1.4436164979069672,5.215151688929255,0.2933819667752333,0.0,1.2332799712022613e-11
educational_VMEC/from_STELLOPT_246/Benchmarks/c82vac14,vmex,success,,3,vmec_family,vmec_indata,wout_netcdf,0.08160548736924696,0.0,3.427814459389234,1.4436854803779506,5.2151516889292475,0.293449628843538,0.0,7.237049501340742e-11
educational_VMEC/from_STELLOPT_246/Benchmarks/c82vac20,chease,failed,Unsupported: CHEASE requires a 2-D GEQDSK input,3,grad_shafranov,vmec_indata_via_geqdsk,geqdsk,,,,,,,,
educational_VMEC/from_STELLOPT_246/Benchmarks/c82vac20,desc,success,,3,vmec_family,vmec_indata,wout_netcdf,0.08164886760904845,2.2364520511522828e-05,3.4278144594616387,1.500565414542855,5.215151689039412,0.271454959187707,11.0,1.537937064136613e-11
educational_VMEC/from_STELLOPT_246/Benchmarks/c82vac20,educational_vmec,success,,3,vmec_family,vmec_indata,wout_netcdf,0.08160781162956696,0.0,3.4278144593892255,1.4507320395828929,5.215151688929255,0.29184273239708747,0.0,1.9908662392265073e-10
educational_VMEC/from_STELLOPT_246/Benchmarks/c82vac20,freegs,failed,Unsupported: FreeGS is restricted to 2-D Grad-Shafranov cases,3,grad_shafranov,vmec_indata_or_case,geqdsk,,,,,,,,
educational_VMEC/from_STELLOPT_246/Benchmarks/c82vac20,gvec,failed,Run failed,3,vmec_family,vmec_indata,gvec_state,,,,,,,,
educational_VMEC/from_STELLOPT_246/Benchmarks/c82vac20,jvmec,failed,Run failed,3,vmec_family,vmec_indata,wout_netcdf,,,,,,,,
educational_VMEC/from_STELLOPT_246/Benchmarks/c82vac20,parvmec,success,,3,vmec_family,vmec_indata,wout_netcdf,0.08160548865797163,0.0,3.4278144593892255,1.443704047544778,5.215151688929255,0.29345117834484014,0.0,-4.3056378774830595e-10
educational_VMEC/from_STELLOPT_246/Benchmarks/c82vac20,spec,failed,Unsupported: SPEC requires a native .sp input,3,spec_mhd,spec_namelist,spec_hdf5,,,,,,,,
educational_VMEC/from_STELLOPT_246/Benchmarks/c82vac20,spectre,failed,Run failed,3,spectre_mhd,vmec_indata_or_spectre_toml,spectre_json,,,,,,,,
educational_VMEC/from_STELLOPT_246/Benchmarks/c82vac20,vmec2000,success,,3,vmec_family,vmec_indata,wout_netcdf,0.08160548865797117,0.0,3.4278144593892255,1.4437040474965566,5.215151688929255,0.2934511783446905,0.0,-3.3054613733651816e-10
educational_VMEC/from_STELLOPT_246/Benchmarks/c82vac20,vmecpp,success,,3,vmec_family,vmec_indata,wout_netcdf,0.08160546660414614,0.0,3.4278144593892343,1.4436255096335908,5.215151688929255,0.29338197352554723,0.0,1.0232158002831947e-10
educational_VMEC/from_STELLOPT_246/Benchmarks/c82vac20,vmex,failed,Run failed,3,vmec_family,vmec_indata,wout_netcdf,,,,,,,,
educational_VMEC/from_STELLOPT_246/Benchmarks/chs,chease,failed,Unsupported: CHEASE requires a 2-D GEQDSK input,3,grad_shafranov,vmec_indata_via_geqdsk,geqdsk,,,,,,,,
educational_VMEC/from_STELLOPT_246/Benchmarks/chs,desc,success,,3,vmec_family,vmec_indata,wout_netcdf,0.22364015748925484,0.00988537605014864,3.362426823803406,1.5766726164292795,5.735573050771573,0.3585876812068395,29170.0,7.557862143757071e-11
educational_VMEC/from_STELLOPT_246/Benchmarks/chs,educational_vmec,success,,3,vmec_family,vmec_indata,wout_netcdf,0.2236382956067747,0.009876920668563305,3.3624268238043156,1.5571460269552626,5.735573050773125,0.3683044936212413,29166.52708333333,-1.3335686721571705e-10
educational_VMEC/from_STELLOPT_246/Benchmarks/chs,freegs,failed,Unsupported: FreeGS is restricted to 2-D Grad-Shafranov cases,3,grad_shafranov,vmec_indata_or_case,geqdsk,,,,,,,,
educational_VMEC/from_STELLOPT_246/Benchmarks/chs,gvec,failed,Run failed,3,vmec_family,vmec_indata,gvec_state,,,,,,,,
educational_VMEC/from_STELLOPT_246/Benchmarks/chs,jvmec,success,,3,vmec_family,vmec_indata,wout_netcdf,0.22362204331216218,0.0,3.3478599046039705,1.5491485449934193,5.685347746020874,0.3705868651408484,0.0,9.665662367708272e-10
educational_VMEC/from_STELLOPT_246/Benchmarks/chs,parvmec,success,,3,vmec_family,vmec_indata,wout_netcdf,0.22362199210751646,0.00984727912729771,3.3624268238043156,1.5491507815793544,5.735573050773125,0.37069364235833735,29166.52708333333,2.2497195079074217e-10
educational_VMEC/from_STELLOPT_246/Benchmarks/chs,spec,failed,Unsupported: SPEC requires a native .sp input,3,spec_mhd,spec_namelist,spec_hdf5,,,,,,,,
educational_VMEC/from_STELLOPT_246/Benchmarks/chs,spectre,failed,Run failed,3,spectre_mhd,vmec_indata_or_spectre_toml,spectre_json,,,,,,,,
educational_VMEC/from_STELLOPT_246/Benchmarks/chs,vmec2000,success,,3,vmec_family,vmec_indata,wout_netcdf,0.2236219921075172,0.009847279127297569,3.3624268238043156,1.5491507815790004,5.735573050773125,0.37069364235833213,29166.52708333333,2.710505431213761e-11
educational_VMEC/from_STELLOPT_246/Benchmarks/chs,vmecpp,failed,Run failed,3,vmec_family,vmec_indata,wout_netcdf,,,,,,,,
educational_VMEC/from_STELLOPT_246/Benchmarks/chs,vmex,success,,3,vmec_family,vmec_indata,wout_netcdf,0.22362199210751757,0.009847279127297326,3.362426823804315,1.5491507815778447,5.73557305077313,0.370693642358662,29166.52708333333,3.5778671692021646e-11
educational_VMEC/from_STELLOPT_246/Benchmarks/chs14,chease,failed,Unsupported: CHEASE requires a 2-D GEQDSK input,3,grad_shafranov,vmec_indata_via_geqdsk,geqdsk,,,,,,,,
educational_VMEC/from_STELLOPT_246/Benchmarks/chs14,desc,success,,3,vmec_family,vmec_indata,wout_netcdf,0.22364015748925484,0.00988537605014864,3.362426823803406,1.5766726164292795,5.735573050771573,0.3585876812068395,29170.0,7.557862143757071e-11
educational_VMEC/from_STELLOPT_246/Benchmarks/chs14,educational_vmec,success,,3,vmec_family,vmec_indata,wout_netcdf,0.2236382956067747,0.009876920668563305,3.3624268238043156,1.5571460269552626,5.735573050773125,0.3683044936212413,29166.52708333333,-1.3335686721571705e-10
educational_VMEC/from_STELLOPT_246/Benchmarks/chs14,freegs,failed,Unsupported: FreeGS is restricted to 2-D Grad-Shafranov cases,3,grad_shafranov,vmec_indata_or_case,geqdsk,,,,,,,,
educational_VMEC/from_STELLOPT_246/Benchmarks/chs14,gvec,failed,Run failed,3,vmec_family,vmec_indata,gvec_state,,,,,,,,
educational_VMEC/from_STELLOPT_246/Benchmarks/chs14,jvmec,success,,3,vmec_family,vmec_indata,wout_netcdf,0.2236220374220245,0.0,3.3478599046039705,1.5491695060065482,5.685347746020874,0.3706353163362106,0.0,-2.1467203015212988e-10
educational_VMEC/from_STELLOPT_246/Benchmarks/chs14,parvmec,success,,3,vmec_family,vmec_indata,wout_netcdf,0.22362195750831118,0.009847262754554735,3.3624268238043156,1.549184446750863,5.735573050773125,0.3707784569089335,29166.52708333333,-8.456776945386934e-10
educational_VMEC/from_STELLOPT_246/Benchmarks/chs14,spec,failed,Unsupported: SPEC requires a native .sp input,3,spec_mhd,spec_namelist,spec_hdf5,,,,,,,,
educational_VMEC/from_STELLOPT_246/Benchmarks/chs14,spectre,failed,Run failed,3,spectre_mhd,vmec_indata_or_spectre_toml,spectre_json,,,,,,,,
educational_VMEC/from_STELLOPT_246/Benchmarks/chs14,vmec2000,success,,3,vmec_family,vmec_indata,wout_netcdf,0.22362195750842248,0.009847262755026263,3.3624268238043156,1.5491844466549705,5.735573050773125,0.3707784568688755,29166.52708333333,8.706143445058601e-10
educational_VMEC/from_STELLOPT_246/Benchmarks/chs14,vmecpp,failed,Run failed,3,vmec_family,vmec_indata,wout_netcdf,,,,,,,,
educational_VMEC/from_STELLOPT_246/Benchmarks/chs14,vmex,success,,3,vmec_family,vmec_indata,wout_netcdf,0.22362199165149063,0.009847279341362642,3.362426823804315,1.5491671441010455,5.73557305077313,0.3706929894429354,29166.52708333333,-1.5504091066542713e-10
educational_VMEC/from_STELLOPT_246/Benchmarks/circle,chease,failed,Unsupported: CHEASE requires a 2-D GEQDSK input,3,grad_shafranov,vmec_indata_via_geqdsk,geqdsk,,,,,,,,
educational_VMEC/from_STELLOPT_246/Benchmarks/circle,desc,failed,Run failed,3,vmec_family,vmec_indata,wout_netcdf,,,,,,,,
educational_VMEC/from_STELLOPT_246/Benchmarks/circle,educational_vmec,success,,3,vmec_family,vmec_indata,wout_netcdf,1366.649781911395,0.011905107235660736,29.726516052318477,2.9999804048130265,0.6031224291231548,0.14698681358699184,2750857781.8254485,1063063.4518391164
educational_VMEC/from_STELLOPT_246/Benchmarks/circle,freegs,failed,Unsupported: FreeGS is restricted to 2-D Grad-Shafranov cases,3,grad_shafranov,vmec_indata_or_case,geqdsk,,,,,,,,
educational_VMEC/from_STELLOPT_246/Benchmarks/circle,gvec,success,,3,vmec_family,vmec_indata,gvec_state,,,29.72651605231867,3.03607849683857,0.603122429123155,-0.148275903583388,2762993401.77182,
educational_VMEC/from_STELLOPT_246/Benchmarks/circle,jvmec,failed,Run failed,3,vmec_family,vmec_indata,wout_netcdf,,,,,,,,
educational_VMEC/from_STELLOPT_246/Benchmarks/circle,parvmec,success,,3,vmec_family,vmec_indata,wout_netcdf,1366.7138051301306,0.012059021715230121,29.726516052318477,3.0367401561423537,0.6031224291231548,0.14698681358699184,2750857781.8254485,3605147.4606754417
educational_VMEC/from_STELLOPT_246/Benchmarks/circle,spec,failed,Unsupported: SPEC requires a native .sp input,3,spec_mhd,spec_namelist,spec_hdf5,,,,,,,,
educational_VMEC/from_STELLOPT_246/Benchmarks/circle,spectre,success,,3,spectre_mhd,vmec_indata_or_spectre_toml,spectre_json,,,,,,,,
educational_VMEC/from_STELLOPT_246/Benchmarks/circle,vmec2000,success,,3,vmec_family,vmec_indata,wout_netcdf,1366.7138051301306,0.012059021715230121,29.726516052318477,3.0367401561423537,0.6031224291231548,0.14698681358699184,2750857781.8254485,3605147.4606754417
educational_VMEC/from_STELLOPT_246/Benchmarks/circle,vmecpp,success,,3,vmec_family,vmec_indata,wout_netcdf,1366.7138599443479,0.01205906994539556,29.726516052318477,3.0367415557750457,0.6031224291231548,0.14698681358699184,2750857781.8254485,3617407.610294414
educational_VMEC/from_STELLOPT_246/Benchmarks/circle,vmex,failed,Run failed,3,vmec_family,vmec_indata,wout_netcdf,,,,,,,,
educational_VMEC/from_STELLOPT_246/Benchmarks/cooper,chease,failed,Unsupported: CHEASE requires a 2-D GEQDSK input,3,grad_shafranov,vmec_indata_via_geqdsk,geqdsk,,,,,,,,
educational_VMEC/from_STELLOPT_246/Benchmarks/cooper,desc,failed,Run failed,3,vmec_family,vmec_indata,wout_netcdf,,,,,,,,
educational_VMEC/from_STELLOPT_246/Benchmarks/cooper,educational_vmec,success,,3,vmec_family,vmec_indata,wout_netcdf,363.9624157516852,0.05025464151662984,3.362953490139739,9.289830982311413,1007.2233808012804,0.3323733512052772,1273256.3680555555,-2.144985578045322e-08
educational_VMEC/from_STELLOPT_246/Benchmarks/cooper,freegs,failed,Unsupported: FreeGS is restricted to 2-D Grad-Shafranov cases,3,grad_shafranov,vmec_indata_or_case,geqdsk,,,,,,,,
educational_VMEC/from_STELLOPT_246/Benchmarks/cooper,gvec,failed,Run failed,3,vmec_family,vmec_indata,gvec_state,,,,,,,,
educational_VMEC/from_STELLOPT_246/Benchmarks/cooper,jvmec,failed,Run failed,3,vmec_family,vmec_indata,wout_netcdf,,,,,,,,
educational_VMEC/from_STELLOPT_246/Benchmarks/cooper,parvmec,success,,3,vmec_family,vmec_indata,wout_netcdf,363.87648393000575,0.05036937736055579,3.36295349013974,9.353126370799677,1007.2233808012805,0.3505665962207355,1273256.3680555555,-5.218915577476224e-08
educational_VMEC/from_STELLOPT_246/Benchmarks/cooper,spec,failed,Unsupported: SPEC requires a native .sp input,3,spec_mhd,spec_namelist,spec_hdf5,,,,,,,,
educational_VMEC/from_STELLOPT_246/Benchmarks/cooper,spectre,failed,Run failed,3,spectre_mhd,vmec_indata_or_spectre_toml,spectre_json,,,,,,,,
educational_VMEC/from_STELLOPT_246/Benchmarks/cooper,vmec2000,success,,3,vmec_family,vmec_indata,wout_netcdf,363.87648393000717,0.05036937736055432,3.362953490139739,9.353126370794742,1007.2233808012804,0.3505665962204785,1273256.3680555555,-3.478120569333498e-09
educational_VMEC/from_STELLOPT_246/Benchmarks/cooper,vmecpp,success,,3,vmec_family,vmec_indata,wout_netcdf,363.8765564143841,0.05036955189356415,3.3629534901397617,9.353289833634216,1007.2233808012816,0.3505864336110407,1273256.3680555555,3.453834440669823e-08
educational_VMEC/from_STELLOPT_246/Benchmarks/cooper,vmex,failed,Run failed,3,vmec_family,vmec_indata,wout_netcdf,,,,,,,,
educational_VMEC/from_STELLOPT_246/Benchmarks/d3d,chease,failed,Unsupported: CHEASE requires a 2-D GEQDSK input,3,grad_shafranov,vmec_indata_via_geqdsk,geqdsk,,,,,,,,
educational_VMEC/from_STELLOPT_246/Benchmarks/d3d,desc,success,,3,vmec_family,vmec_indata,wout_netcdf,0.9364578537029358,0.006454543683654483,2.10754193241909,1.7125619634637967,17.63402437891649,0.1590924530000083,46055.1,1358435.415317495
educational_VMEC/from_STELLOPT_246/Benchmarks/d3d,educational_vmec,failed,Unsupported: required MGRID fixture unavailable: ../../../MAKEGRID/Examples/mgrid_d3d_ef.nc,3,vmec_family,vmec_indata,wout_netcdf,,,,,,,,
educational_VMEC/from_STELLOPT_246/Benchmarks/d3d,freegs,failed,Unsupported: FreeGS is restricted to 2-D Grad-Shafranov cases,3,grad_shafranov,vmec_indata_or_case,geqdsk,,,,,,,,
educational_VMEC/from_STELLOPT_246/Benchmarks/d3d,gvec,failed,Unsupported: required MGRID fixture unavailable: ../../../MAKEGRID/Examples/mgrid_d3d_ef.nc,3,vmec_family,vmec_indata,gvec_state,,,,,,,,
educational_VMEC/from_STELLOPT_246/Benchmarks/d3d,jvmec,failed,Unsupported: required MGRID fixture unavailable: ../../../MAKEGRID/Examples/mgrid_d3d_ef.nc,3,vmec_family,vmec_indata,wout_netcdf,,,,,,,,
educational_VMEC/from_STELLOPT_246/Benchmarks/d3d,parvmec,failed,Unsupported: required MGRID fixture unavailable: ../../../MAKEGRID/Examples/mgrid_d3d_ef.nc,3,vmec_family,vmec_indata,wout_netcdf,,,,,,,,
educational_VMEC/from_STELLOPT_246/Benchmarks/d3d,spec,failed,Unsupported: SPEC requires a native .sp input,3,spec_mhd,spec_namelist,spec_hdf5,,,,,,,,
educational_VMEC/from_STELLOPT_246/Benchmarks/d3d,spectre,failed,Unsupported: required MGRID fixture unavailable: ../../../MAKEGRID/Examples/mgrid_d3d_ef.nc,3,spectre_mhd,vmec_indata_or_spectre_toml,spectre_json,,,,,,,,
educational_VMEC/from_STELLOPT_246/Benchmarks/d3d,vmec2000,failed,Unsupported: required MGRID fixture unavailable: ../../../MAKEGRID/Examples/mgrid_d3d_ef.nc,3,vmec_family,vmec_indata,wout_netcdf,,,,,,,,
educational_VMEC/from_STELLOPT_246/Benchmarks/d3d,vmecpp,failed,Unsupported: required MGRID fixture unavailable: ../../../MAKEGRID/Examples/mgrid_d3d_ef.nc,3,vmec_family,vmec_indata,wout_netcdf,,,,,,,,
educational_VMEC/from_STELLOPT_246/Benchmarks/d3d,vmex,failed,Unsupported: required MGRID fixture unavailable: ../../../MAKEGRID/Examples/mgrid_d3d_ef.nc,3,vmec_family,vmec_indata,wout_netcdf,,,,,,,,
educational_VMEC/from_STELLOPT_246/Benchmarks/d3d.072475.01605,chease,failed,Unsupported: CHEASE requires a 2-D GEQDSK input,3,grad_shafranov,vmec_indata_via_geqdsk,geqdsk,,,,,,,,
educational_VMEC/from_STELLOPT_246/Benchmarks/d3d.072475.01605,desc,failed,Run failed,3,vmec_family,vmec_indata,wout_netcdf,,,,,,,,
educational_VMEC/from_STELLOPT_246/Benchmarks/d3d.072475.01605,educational_vmec,failed,Unsupported: required MGRID fixture unavailable: ..\..\..\MAKEGRID\Examples\mgrid_d3d_ef.nc,3,vmec_family,vmec_indata,wout_netcdf,,,,,,,,
educational_VMEC/from_STELLOPT_246/Benchmarks/d3d.072475.01605,freegs,failed,Unsupported: FreeGS is restricted to 2-D Grad-Shafranov cases,3,grad_shafranov,vmec_indata_or_case,geqdsk,,,,,,,,
educational_VMEC/from_STELLOPT_246/Benchmarks/d3d.072475.01605,gvec,failed,Unsupported: required MGRID fixture unavailable: ..\..\..\MAKEGRID\Examples\mgrid_d3d_ef.nc,3,vmec_family,vmec_indata,gvec_state,,,,,,,,
educational_VMEC/from_STELLOPT_246/Benchmarks/d3d.072475.01605,jvmec,failed,Unsupported: required MGRID fixture unavailable: ..\..\..\MAKEGRID\Examples\mgrid_d3d_ef.nc,3,vmec_family,vmec_indata,wout_netcdf,,,,,,,,
educational_VMEC/from_STELLOPT_246/Benchmarks/d3d.072475.01605,parvmec,failed,Unsupported: required MGRID fixture unavailable: ..\..\..\MAKEGRID\Examples\mgrid_d3d_ef.nc,3,vmec_family,vmec_indata,wout_netcdf,,,,,,,,
educational_VMEC/from_STELLOPT_246/Benchmarks/d3d.072475.01605,spec,failed,Unsupported: SPEC requires a native .sp input,3,spec_mhd,spec_namelist,spec_hdf5,,,,,,,,
educational_VMEC/from_STELLOPT_246/Benchmarks/d3d.072475.01605,spectre,failed,Unsupported: required MGRID fixture unavailable: ..\..\..\MAKEGRID\Examples\mgrid_d3d_ef.nc,3,spectre_mhd,vmec_indata_or_spectre_toml,spectre_json,,,,,,,,
educational_VMEC/from_STELLOPT_246/Benchmarks/d3d.072475.01605,vmec2000,failed,Unsupported: required MGRID fixture unavailable: ..\..\..\MAKEGRID\Examples\mgrid_d3d_ef.nc,3,vmec_family,vmec_indata,wout_netcdf,,,,,,,,
educational_VMEC/from_STELLOPT_246/Benchmarks/d3d.072475.01605,vmecpp,failed,Unsupported: required MGRID fixture unavailable: ..\..\..\MAKEGRID\Examples\mgrid_d3d_ef.nc,3,vmec_family,vmec_indata,wout_netcdf,,,,,,,,
educational_VMEC/from_STELLOPT_246/Benchmarks/d3d.072475.01605,vmex,failed,Unsupported: required MGRID fixture unavailable: ..\..\..\MAKEGRID\Examples\mgrid_d3d_ef.nc,3,vmec_family,vmec_indata,wout_netcdf,,,,,,,,
educational_VMEC/from_STELLOPT_246/Benchmarks/d3d_curhole,chease,failed,Unsupported: CHEASE requires a 2-D GEQDSK input,3,grad_shafranov,vmec_indata_via_geqdsk,geqdsk,,,,,,,,
educational_VMEC/from_STELLOPT_246/Benchmarks/d3d_curhole,desc,success,,3,vmec_family,vmec_indata,wout_netcdf,0.9669245658250402,7.263205318736038e-06,2.0285357956339327,1.6168944023816154,20.05756012979696,0.27999473890000015,11.0,1364282.0694426203
educational_VMEC/from_STELLOPT_246/Benchmarks/d3d_curhole,educational_vmec,success,,3,vmec_family,vmec_indata,wout_netcdf,0.9669283128885351,0.0,2.0285357971416413,1.6071486557731325,20.057560144704713,0.2798257067693924,0.0,1363003.1565837858
educational_VMEC/from_STELLOPT_246/Benchmarks/d3d_curhole,freegs,failed,Unsupported: FreeGS is restricted to 2-D Grad-Shafranov cases,3,grad_shafranov,vmec_indata_or_case,geqdsk,,,,,,,,
educational_VMEC/from_STELLOPT_246/Benchmarks/d3d_curhole,gvec,success,,3,vmec_family,vmec_indata,gvec_state,,,2.0285594216693505,1.65323099189671,20.0570071836097,-0.2799947389,0.0,
educational_VMEC/from_STELLOPT_246/Benchmarks/d3d_curhole,jvmec,success,,3,vmec_family,vmec_indata,wout_netcdf,0.966915958594079,0.0,2.0285357956338808,1.6547352493092273,20.057560129796446,0.27982570676939306,0.0,1363303.3050281522
educational_VMEC/from_STELLOPT_246/Benchmarks/d3d_curhole,parvmec,failed,No VMEC NetCDF output produced by PARVMEC,3,vmec_family,vmec_indata,wout_netcdf,,,,,,,,
educational_VMEC/from_STELLOPT_246/Benchmarks/d3d_curhole,spec,failed,Unsupported: SPEC requires a native .sp input,3,spec_mhd,spec_namelist,spec_hdf5,,,,,,,,
educational_VMEC/from_STELLOPT_246/Benchmarks/d3d_curhole,spectre,success,,3,spectre_mhd,vmec_indata_or_spectre_toml,spectre_json,,,,,,,,
educational_VMEC/from_STELLOPT_246/Benchmarks/d3d_curhole,vmec2000,failed,No wout file found (likely failed to converge),3,vmec_family,vmec_indata,wout_netcdf,,,,,,,,
educational_VMEC/from_STELLOPT_246/Benchmarks/d3d_curhole,vmecpp,failed,Run failed,3,vmec_family,vmec_indata,wout_netcdf,,,,,,,,
educational_VMEC/from_STELLOPT_246/Benchmarks/d3d_curhole,vmex,failed,Run failed,3,vmec_family,vmec_indata,wout_netcdf,,,,,,,,
educational_VMEC/from_STELLOPT_246/Benchmarks/dshape10,chease,failed,Unsupported: CHEASE requires a 2-D GEQDSK input,3,grad_shafranov,vmec_indata_via_geqdsk,geqdsk,,,,,,,,
educational_VMEC/from_STELLOPT_246/Benchmarks/dshape10,desc,success,,3,vmec_family,vmec_indata,wout_netcdf,10.390710789326793,0.02236737251757782,2.591781728376432,3.1969919959753508,81.5149829595795,0.14827682999993685,276299.34,1597762.1685203256
educational_VMEC/from_STELLOPT_246/Benchmarks/dshape10,educational_vmec,failed,Unsupported: required MGRID fixture unavailable: mgrid.tftr,3,vmec_family,vmec_indata,wout_netcdf,,,,,,,,
educational_VMEC/from_STELLOPT_246/Benchmarks/dshape10,freegs,failed,Unsupported: FreeGS is restricted to 2-D Grad-Shafranov cases,3,grad_shafranov,vmec_indata_or_case,geqdsk,,,,,,,,
educational_VMEC/from_STELLOPT_246/Benchmarks/dshape10,gvec,failed,Unsupported: required MGRID fixture unavailable: mgrid.tftr,3,vmec_family,vmec_indata,gvec_state,,,,,,,,
educational_VMEC/from_STELLOPT_246/Benchmarks/dshape10,jvmec,failed,Unsupported: required MGRID fixture unavailable: mgrid.tftr,3,vmec_family,vmec_indata,wout_netcdf,,,,,,,,
educational_VMEC/from_STELLOPT_246/Benchmarks/dshape10,parvmec,failed,Unsupported: required MGRID fixture unavailable: mgrid.tftr,3,vmec_family,vmec_indata,wout_netcdf,,,,,,,,
educational_VMEC/from_STELLOPT_246/Benchmarks/dshape10,spec,failed,Unsupported: SPEC requires a native .sp input,3,spec_mhd,spec_namelist,spec_hdf5,,,,,,,,
educational_VMEC/from_STELLOPT_246/Benchmarks/dshape10,spectre,failed,Unsupported: required MGRID fixture unavailable: mgrid.tftr,3,spectre_mhd,vmec_indata_or_spectre_toml,spectre_json,,,,,,,,
educational_VMEC/from_STELLOPT_246/Benchmarks/dshape10,vmec2000,failed,Unsupported: required MGRID fixture unavailable: mgrid.tftr,3,vmec_family,vmec_indata,wout_netcdf,,,,,,,,
educational_VMEC/from_STELLOPT_246/Benchmarks/dshape10,vmecpp,failed,Unsupported: required MGRID fixture unavailable: mgrid.tftr,3,vmec_family,vmec_indata,wout_netcdf,,,,,,,,
educational_VMEC/from_STELLOPT_246/Benchmarks/dshape10,vmex,failed,Unsupported: required MGRID fixture unavailable: mgrid.tftr,3,vmec_family,vmec_indata,wout_netcdf,,,,,,,,
educational_VMEC/from_STELLOPT_246/Benchmarks/dshape14,chease,failed,Unsupported: CHEASE requires a 2-D GEQDSK input,3,grad_shafranov,vmec_indata_via_geqdsk,geqdsk,,,,,,,,
educational_VMEC/from_STELLOPT_246/Benchmarks/dshape14,desc,success,,3,vmec_family,vmec_indata,wout_netcdf,10.390710789326793,0.02236737251757782,2.591781728376432,3.1969919959753508,81.5149829595795,0.14827682999993685,276299.34,1597762.1685203256
educational_VMEC/from_STELLOPT_246/Benchmarks/dshape14,educational_vmec,failed,Unsupported: required MGRID fixture unavailable: mgrid.tftr,3,vmec_family,vmec_indata,wout_netcdf,,,,,,,,
educational_VMEC/from_STELLOPT_246/Benchmarks/dshape14,freegs,failed,Unsupported: FreeGS is restricted to 2-D Grad-Shafranov cases,3,grad_shafranov,vmec_indata_or_case,geqdsk,,,,,,,,
educational_VMEC/from_STELLOPT_246/Benchmarks/dshape14,gvec,failed,Unsupported: required MGRID fixture unavailable: mgrid.tftr,3,vmec_family,vmec_indata,gvec_state,,,,,,,,
educational_VMEC/from_STELLOPT_246/Benchmarks/dshape14,jvmec,failed,Unsupported: required MGRID fixture unavailable: mgrid.tftr,3,vmec_family,vmec_indata,wout_netcdf,,,,,,,,
educational_VMEC/from_STELLOPT_246/Benchmarks/dshape14,parvmec,failed,Unsupported: required MGRID fixture unavailable: mgrid.tftr,3,vmec_family,vmec_indata,wout_netcdf,,,,,,,,
educational_VMEC/from_STELLOPT_246/Benchmarks/dshape14,spec,failed,Unsupported: SPEC requires a native .sp input,3,spec_mhd,spec_namelist,spec_hdf5,,,,,,,,
educational_VMEC/from_STELLOPT_246/Benchmarks/dshape14,spectre,failed,Unsupported: required MGRID fixture unavailable: mgrid.tftr,3,spectre_mhd,vmec_indata_or_spectre_toml,spectre_json,,,,,,,,
educational_VMEC/from_STELLOPT_246/Benchmarks/dshape14,vmec2000,failed,Unsupported: required MGRID fixture unavailable: mgrid.tftr,3,vmec_family,vmec_indata,wout_netcdf,,,,,,,,
educational_VMEC/from_STELLOPT_246/Benchmarks/dshape14,vmecpp,failed,Unsupported: required MGRID fixture unavailable: mgrid.tftr,3,vmec_family,vmec_indata,wout_netcdf,,,,,,,,
educational_VMEC/from_STELLOPT_246/Benchmarks/dshape14,vmex,failed,Unsupported: required MGRID fixture unavailable: mgrid.tftr,3,vmec_family,vmec_indata,wout_netcdf,,,,,,,,
educational_VMEC/from_STELLOPT_246/Benchmarks/dshape20,chease,failed,Unsupported: CHEASE requires a 2-D GEQDSK input,3,grad_shafranov,vmec_indata_via_geqdsk,geqdsk,,,,,,,,
educational_VMEC/from_STELLOPT_246/Benchmarks/dshape20,desc,success,,3,vmec_family,vmec_indata,wout_netcdf,10.390710789326793,0.02236737251757782,2.591781728376432,3.1969919959753508,81.5149829595795,0.14827682999993685,276299.34,1597762.1685203256
educational_VMEC/from_STELLOPT_246/Benchmarks/dshape20,educational_vmec,failed,Unsupported: required MGRID fixture unavailable: mgrid.tftr,3,vmec_family,vmec_indata,wout_netcdf,,,,,,,,
educational_VMEC/from_STELLOPT_246/Benchmarks/dshape20,freegs,failed,Unsupported: FreeGS is restricted to 2-D Grad-Shafranov cases,3,grad_shafranov,vmec_indata_or_case,geqdsk,,,,,,,,
educational_VMEC/from_STELLOPT_246/Benchmarks/dshape20,gvec,failed,Unsupported: required MGRID fixture unavailable: mgrid.tftr,3,vmec_family,vmec_indata,gvec_state,,,,,,,,
educational_VMEC/from_STELLOPT_246/Benchmarks/dshape20,jvmec,failed,Unsupported: required MGRID fixture unavailable: mgrid.tftr,3,vmec_family,vmec_indata,wout_netcdf,,,,,,,,
educational_VMEC/from_STELLOPT_246/Benchmarks/dshape20,parvmec,failed,Unsupported: required MGRID fixture unavailable: mgrid.tftr,3,vmec_family,vmec_indata,wout_netcdf,,,,,,,,
educational_VMEC/from_STELLOPT_246/Benchmarks/dshape20,spec,failed,Unsupported: SPEC requires a native .sp input,3,spec_mhd,spec_namelist,spec_hdf5,,,,,,,,
educational_VMEC/from_STELLOPT_246/Benchmarks/dshape20,spectre,failed,Unsupported: required MGRID fixture unavailable: mgrid.tftr,3,spectre_mhd,vmec_indata_or_spectre_toml,spectre_json,,,,,,,,
educational_VMEC/from_STELLOPT_246/Benchmarks/dshape20,vmec2000,failed,Unsupported: required MGRID fixture unavailable: mgrid.tftr,3,vmec_family,vmec_indata,wout_netcdf,,,,,,,,
educational_VMEC/from_STELLOPT_246/Benchmarks/dshape20,vmecpp,failed,Unsupported: required MGRID fixture unavailable: mgrid.tftr,3,vmec_family,vmec_indata,wout_netcdf,,,,,,,,
educational_VMEC/from_STELLOPT_246/Benchmarks/dshape20,vmex,failed,Unsupported: required MGRID fixture unavailable: mgrid.tftr,3,vmec_family,vmec_indata,wout_netcdf,,,,,,,,
educational_VMEC/from_STELLOPT_246/Benchmarks/dshape_test,chease,failed,Unsupported: CHEASE requires a 2-D GEQDSK input,3,grad_shafranov,vmec_indata_via_geqdsk,geqdsk,,,,,,,,
educational_VMEC/from_STELLOPT_246/Benchmarks/dshape_test,desc,success,,3,vmec_family,vmec_indata,wout_netcdf,10.390710789326793,0.02236737251757782,2.591781728376432,3.1969919959753508,81.5149829595795,0.14827682999993685,276299.34,1597762.1685203256
educational_VMEC/from_STELLOPT_246/Benchmarks/dshape_test,educational_vmec,failed,Unsupported: required MGRID fixture unavailable: mgrid.tftr,3,vmec_family,vmec_indata,wout_netcdf,,,,,,,,
educational_VMEC/from_STELLOPT_246/Benchmarks/dshape_test,freegs,failed,Unsupported: FreeGS is restricted to 2-D Grad-Shafranov cases,3,grad_shafranov,vmec_indata_or_case,geqdsk,,,,,,,,
educational_VMEC/from_STELLOPT_246/Benchmarks/dshape_test,gvec,failed,Unsupported: required MGRID fixture unavailable: mgrid.tftr,3,vmec_family,vmec_indata,gvec_state,,,,,,,,
educational_VMEC/from_STELLOPT_246/Benchmarks/dshape_test,jvmec,failed,Unsupported: required MGRID fixture unavailable: mgrid.tftr,3,vmec_family,vmec_indata,wout_netcdf,,,,,,,,
educational_VMEC/from_STELLOPT_246/Benchmarks/dshape_test,parvmec,failed,Unsupported: required MGRID fixture unavailable: mgrid.tftr,3,vmec_family,vmec_indata,wout_netcdf,,,,,,,,
educational_VMEC/from_STELLOPT_246/Benchmarks/dshape_test,spec,failed,Unsupported: SPEC requires a native .sp input,3,spec_mhd,spec_namelist,spec_hdf5,,,,,,,,
educational_VMEC/from_STELLOPT_246/Benchmarks/dshape_test,spectre,failed,Unsupported: required MGRID fixture unavailable: mgrid.tftr,3,spectre_mhd,vmec_indata_or_spectre_toml,spectre_json,,,,,,,,
educational_VMEC/from_STELLOPT_246/Benchmarks/dshape_test,vmec2000,failed,Unsupported: required MGRID fixture unavailable: mgrid.tftr,3,vmec_family,vmec_indata,wout_netcdf,,,,,,,,
educational_VMEC/from_STELLOPT_246/Benchmarks/dshape_test,vmecpp,failed,Unsupported: required MGRID fixture unavailable: mgrid.tftr,3,vmec_family,vmec_indata,wout_netcdf,,,,,,,,
educational_VMEC/from_STELLOPT_246/Benchmarks/dshape_test,vmex,failed,Unsupported: required MGRID fixture unavailable: mgrid.tftr,3,vmec_family,vmec_indata,wout_netcdf,,,,,,,,
educational_VMEC/from_STELLOPT_246/Benchmarks/elaz,chease,failed,Unsupported: CHEASE requires a 2-D GEQDSK input,3,grad_shafranov,vmec_indata_via_geqdsk,geqdsk,,,,,,,,
educational_VMEC/from_STELLOPT_246/Benchmarks/elaz,desc,success,,3,vmec_family,vmec_indata,wout_netcdf,0.9812252583060758,0.006305531208117808,2.0285594216693084,1.7130881046948303,20.05700718360932,-0.1446368970471993,42291.380000000005,-889806.8800005543
educational_VMEC/from_STELLOPT_246/Benchmarks/elaz,educational_vmec,failed,Unsupported: required MGRID fixture unavailable: ..\..\..\MAKEGRID\Examples\mgrid_d3d_ef.nc,3,vmec_family,vmec_indata,wout_netcdf,,,,,,,,
educational_VMEC/from_STELLOPT_246/Benchmarks/elaz,freegs,failed,Unsupported: FreeGS is restricted to 2-D Grad-Shafranov cases,3,grad_shafranov,vmec_indata_or_case,geqdsk,,,,,,,,
educational_VMEC/from_STELLOPT_246/Benchmarks/elaz,gvec,failed,Unsupported: required MGRID fixture unavailable: ..\..\..\MAKEGRID\Examples\mgrid_d3d_ef.nc,3,vmec_family,vmec_indata,gvec_state,,,,,,,,
educational_VMEC/from_STELLOPT_246/Benchmarks/elaz,jvmec,failed,Unsupported: required MGRID fixture unavailable: ..\..\..\MAKEGRID\Examples\mgrid_d3d_ef.nc,3,vmec_family,vmec_indata,wout_netcdf,,,,,,,,
educational_VMEC/from_STELLOPT_246/Benchmarks/elaz,parvmec,failed,Unsupported: required MGRID fixture unavailable: ..\..\..\MAKEGRID\Examples\mgrid_d3d_ef.nc,3,vmec_family,vmec_indata,wout_netcdf,,,,,,,,
educational_VMEC/from_STELLOPT_246/Benchmarks/elaz,spec,failed,Unsupported: SPEC requires a native .sp input,3,spec_mhd,spec_namelist,spec_hdf5,,,,,,,,
educational_VMEC/from_STELLOPT_246/Benchmarks/elaz,spectre,failed,Unsupported: required MGRID fixture unavailable: ..\..\..\MAKEGRID\Examples\mgrid_d3d_ef.nc,3,spectre_mhd,vmec_indata_or_spectre_toml,spectre_json,,,,,,,,
educational_VMEC/from_STELLOPT_246/Benchmarks/elaz,vmec2000,failed,Unsupported: required MGRID fixture unavailable: ..\..\..\MAKEGRID\Examples\mgrid_d3d_ef.nc,3,vmec_family,vmec_indata,wout_netcdf,,,,,,,,
educational_VMEC/from_STELLOPT_246/Benchmarks/elaz,vmecpp,failed,Unsupported: required MGRID fixture unavailable: ..\..\..\MAKEGRID\Examples\mgrid_d3d_ef.nc,3,vmec_family,vmec_indata,wout_netcdf,,,,,,,,
educational_VMEC/from_STELLOPT_246/Benchmarks/elaz,vmex,failed,Unsupported: required MGRID fixture unavailable: ..\..\..\MAKEGRID\Examples\mgrid_d3d_ef.nc,3,vmec_family,vmec_indata,wout_netcdf,,,,,,,,
educational_VMEC/from_STELLOPT_246/Benchmarks/ellipse10,chease,failed,Unsupported: CHEASE requires a 2-D GEQDSK input,3,grad_shafranov,vmec_indata_via_geqdsk,geqdsk,,,,,,,,
educational_VMEC/from_STELLOPT_246/Benchmarks/ellipse10,desc,failed,Run failed,3,vmec_family,vmec_indata,wout_netcdf,,,,,,,,
educational_VMEC/from_STELLOPT_246/Benchmarks/ellipse10,educational_vmec,success,,3,vmec_family,vmec_indata,wout_netcdf,3.1308130279988666,0.29649669677145735,1.2247201770796858,3.127343996336127,355.32008680554947,0.14698681358699184,275085.7781825449,8909232.29926829
educational_VMEC/from_STELLOPT_246/Benchmarks/ellipse10,freegs,failed,Unsupported: FreeGS is restricted to 2-D Grad-Shafranov cases,3,grad_shafranov,vmec_indata_or_case,geqdsk,,,,,,,,
educational_VMEC/from_STELLOPT_246/Benchmarks/ellipse10,gvec,success,,3,vmec_family,vmec_indata,gvec_state,,,1.2247201770796852,3.12581746704881,355.320086805549,-0.148275903583388,276299.340177182,
educational_VMEC/from_STELLOPT_246/Benchmarks/ellipse10,jvmec,success,,3,vmec_family,vmec_indata,wout_netcdf,3.131385899809719,0.0,1.2247201770796772,3.126577480936371,355.3200868055463,0.14698681358699184,0.0,8997714.848702334
educational_VMEC/from_STELLOPT_246/Benchmarks/ellipse10,parvmec,success,,3,vmec_family,vmec_indata,wout_netcdf,3.131385899813443,0.2966655158742036,1.2247201770796858,3.1265774809336997,355.32008680554947,0.14698681358699184,275085.7781825449,8997714.900408413
educational_VMEC/from_STELLOPT_246/Benchmarks/ellipse10,spec,failed,Unsupported: SPEC requires a native .sp input,3,spec_mhd,spec_namelist,spec_hdf5,,,,,,,,
educational_VMEC/from_STELLOPT_246/Benchmarks/ellipse10,spectre,failed,Run failed,3,spectre_mhd,vmec_indata_or_spectre_toml,spectre_json,,,,,,,,
educational_VMEC/from_STELLOPT_246/Benchmarks/ellipse10,vmec2000,success,,3,vmec_family,vmec_indata,wout_netcdf,3.131385899813443,0.2966655158742036,1.2247201770796858,3.1265774809336997,355.32008680554947,0.14698681358699184,275085.7781825449,8997714.900408413
educational_VMEC/from_STELLOPT_246/Benchmarks/ellipse10,vmecpp,success,,3,vmec_family,vmec_indata,wout_netcdf,3.131385899809674,0.2966655158734768,1.2247201770796858,3.1265774809357487,355.32008680554947,0.14698681358699184,275085.7781825449,8997714.848737346
educational_VMEC/from_STELLOPT_246/Benchmarks/ellipse10,vmex,success,,3,vmec_family,vmec_indata,wout_netcdf,3.1313858998141164,0.2966655158743812,1.2247201770796863,3.1265774809339995,355.32008680554964,0.14698681358699184,275085.7781825449,8997714.910227405
educational_VMEC/from_STELLOPT_246/Benchmarks/ellipse14,chease,failed,Unsupported: CHEASE requires a 2-D GEQDSK input,3,grad_shafranov,vmec_indata_via_geqdsk,geqdsk,,,,,,,,
educational_VMEC/from_STELLOPT_246/Benchmarks/ellipse14,desc,failed,Run failed,3,vmec_family,vmec_indata,wout_netcdf,,,,,,,,
educational_VMEC/from_STELLOPT_246/Benchmarks/ellipse14,educational_vmec,failed,Unsupported: required MGRID fixture unavailable: mgrid.tftr,3,vmec_family,vmec_indata,wout_netcdf,,,,,,,,
educational_VMEC/from_STELLOPT_246/Benchmarks/ellipse14,freegs,failed,Unsupported: FreeGS is restricted to 2-D Grad-Shafranov cases,3,grad_shafranov,vmec_indata_or_case,geqdsk,,,,,,,,
educational_VMEC/from_STELLOPT_246/Benchmarks/ellipse14,gvec,failed,Unsupported: required MGRID fixture unavailable: mgrid.tftr,3,vmec_family,vmec_indata,gvec_state,,,,,,,,
educational_VMEC/from_STELLOPT_246/Benchmarks/ellipse14,jvmec,failed,Unsupported: required MGRID fixture unavailable: mgrid.tftr,3,vmec_family,vmec_indata,wout_netcdf,,,,,,,,
educational_VMEC/from_STELLOPT_246/Benchmarks/ellipse14,parvmec,failed,Unsupported: required MGRID fixture unavailable: mgrid.tftr,3,vmec_family,vmec_indata,wout_netcdf,,,,,,,,
educational_VMEC/from_STELLOPT_246/Benchmarks/ellipse14,spec,failed,Unsupported: SPEC requires a native .sp input,3,spec_mhd,spec_namelist,spec_hdf5,,,,,,,,
educational_VMEC/from_STELLOPT_246/Benchmarks/ellipse14,spectre,failed,Unsupported: required MGRID fixture unavailable: mgrid.tftr,3,spectre_mhd,vmec_indata_or_spectre_toml,spectre_json,,,,,,,,
educational_VMEC/from_STELLOPT_246/Benchmarks/ellipse14,vmec2000,failed,Unsupported: required MGRID fixture unavailable: mgrid.tftr,3,vmec_family,vmec_indata,wout_netcdf,,,,,,,,
educational_VMEC/from_STELLOPT_246/Benchmarks/ellipse14,vmecpp,failed,Unsupported: required MGRID fixture unavailable: mgrid.tftr,3,vmec_family,vmec_indata,wout_netcdf,,,,,,,,
educational_VMEC/from_STELLOPT_246/Benchmarks/ellipse14,vmex,failed,Unsupported: required MGRID fixture unavailable: mgrid.tftr,3,vmec_family,vmec_indata,wout_netcdf,,,,,,,,
educational_VMEC/from_STELLOPT_246/Benchmarks/ellipse20,chease,failed,Unsupported: CHEASE requires a 2-D GEQDSK input,3,grad_shafranov,vmec_indata_via_geqdsk,geqdsk,,,,,,,,
educational_VMEC/from_STELLOPT_246/Benchmarks/ellipse20,desc,failed,Run failed,3,vmec_family,vmec_indata,wout_netcdf,,,,,,,,
educational_VMEC/from_STELLOPT_246/Benchmarks/ellipse20,educational_vmec,failed,Unsupported: required MGRID fixture unavailable: mgrid.tftr,3,vmec_family,vmec_indata,wout_netcdf,,,,,,,,
educational_VMEC/from_STELLOPT_246/Benchmarks/ellipse20,freegs,failed,Unsupported: FreeGS is restricted to 2-D Grad-Shafranov cases,3,grad_shafranov,vmec_indata_or_case,geqdsk,,,,,,,,
educational_VMEC/from_STELLOPT_246/Benchmarks/ellipse20,gvec,failed,Unsupported: required MGRID fixture unavailable: mgrid.tftr,3,vmec_family,vmec_indata,gvec_state,,,,,,,,
educational_VMEC/from_STELLOPT_246/Benchmarks/ellipse20,jvmec,failed,Unsupported: required MGRID fixture unavailable: mgrid.tftr,3,vmec_family,vmec_indata,wout_netcdf,,,,,,,,
educational_VMEC/from_STELLOPT_246/Benchmarks/ellipse20,parvmec,failed,Unsupported: required MGRID fixture unavailable: mgrid.tftr,3,vmec_family,vmec_indata,wout_netcdf,,,,,,,,
educational_VMEC/from_STELLOPT_246/Benchmarks/ellipse20,spec,failed,Unsupported: SPEC requires a native .sp input,3,spec_mhd,spec_namelist,spec_hdf5,,,,,,,,
educational_VMEC/from_STELLOPT_246/Benchmarks/ellipse20,spectre,failed,Unsupported: required MGRID fixture unavailable: mgrid.tftr,3,spectre_mhd,vmec_indata_or_spectre_toml,spectre_json,,,,,,,,
educational_VMEC/from_STELLOPT_246/Benchmarks/ellipse20,vmec2000,failed,Unsupported: required MGRID fixture unavailable: mgrid.tftr,3,vmec_family,vmec_indata,wout_netcdf,,,,,,,,
educational_VMEC/from_STELLOPT_246/Benchmarks/ellipse20,vmecpp,failed,Unsupported: required MGRID fixture unavailable: mgrid.tftr,3,vmec_family,vmec_indata,wout_netcdf,,,,,,,,
educational_VMEC/from_STELLOPT_246/Benchmarks/ellipse20,vmex,failed,Unsupported: required MGRID fixture unavailable: mgrid.tftr,3,vmec_family,vmec_indata,wout_netcdf,,,,,,,,
educational_VMEC/from_STELLOPT_246/Benchmarks/ellipse_negj,chease,failed,Unsupported: CHEASE requires a 2-D GEQDSK input,3,grad_shafranov,vmec_indata_via_geqdsk,geqdsk,,,,,,,,
educational_VMEC/from_STELLOPT_246/Benchmarks/ellipse_negj,desc,failed,Run failed,3,vmec_family,vmec_indata,wout_netcdf,,,,,,,,
educational_VMEC/from_STELLOPT_246/Benchmarks/ellipse_negj,educational_vmec,failed,Unsupported: required MGRID fixture unavailable: mgrid.tftr,3,vmec_family,vmec_indata,wout_netcdf,,,,,,,,
educational_VMEC/from_STELLOPT_246/Benchmarks/ellipse_negj,freegs,failed,Unsupported: FreeGS is restricted to 2-D Grad-Shafranov cases,3,grad_shafranov,vmec_indata_or_case,geqdsk,,,,,,,,
educational_VMEC/from_STELLOPT_246/Benchmarks/ellipse_negj,gvec,failed,Unsupported: required MGRID fixture unavailable: mgrid.tftr,3,vmec_family,vmec_indata,gvec_state,,,,,,,,
educational_VMEC/from_STELLOPT_246/Benchmarks/ellipse_negj,jvmec,failed,Unsupported: required MGRID fixture unavailable: mgrid.tftr,3,vmec_family,vmec_indata,wout_netcdf,,,,,,,,
educational_VMEC/from_STELLOPT_246/Benchmarks/ellipse_negj,parvmec,failed,Unsupported: required MGRID fixture unavailable: mgrid.tftr,3,vmec_family,vmec_indata,wout_netcdf,,,,,,,,
educational_VMEC/from_STELLOPT_246/Benchmarks/ellipse_negj,spec,failed,Unsupported: SPEC requires a native .sp input,3,spec_mhd,spec_namelist,spec_hdf5,,,,,,,,
educational_VMEC/from_STELLOPT_246/Benchmarks/ellipse_negj,spectre,failed,Unsupported: required MGRID fixture unavailable: mgrid.tftr,3,spectre_mhd,vmec_indata_or_spectre_toml,spectre_json,,,,,,,,
educational_VMEC/from_STELLOPT_246/Benchmarks/ellipse_negj,vmec2000,failed,Unsupported: required MGRID fixture unavailable: mgrid.tftr,3,vmec_family,vmec_indata,wout_netcdf,,,,,,,,
educational_VMEC/from_STELLOPT_246/Benchmarks/ellipse_negj,vmecpp,failed,Unsupported: required MGRID fixture unavailable: mgrid.tftr,3,vmec_family,vmec_indata,wout_netcdf,,,,,,,,
educational_VMEC/from_STELLOPT_246/Benchmarks/ellipse_negj,vmex,failed,Unsupported: required MGRID fixture unavailable: mgrid.tftr,3,vmec_family,vmec_indata,wout_netcdf,,,,,,,,
educational_VMEC/from_STELLOPT_246/Benchmarks/hanson,chease,failed,Unsupported: CHEASE requires a 2-D GEQDSK input,3,grad_shafranov,vmec_indata_via_geqdsk,geqdsk,,,,,,,,
educational_VMEC/from_STELLOPT_246/Benchmarks/hanson,desc,success,,3,vmec_family,vmec_indata,wout_netcdf,0.09552778465911399,0.030210437359395933,4.369255146932168,1.4840983906893521,2.8619166725818457,0.29815324865615966,53727.85200000002,174249.80182000165
educational_VMEC/from_STELLOPT_246/Benchmarks/hanson,educational_vmec,failed,Unsupported: required MGRID fixture unavailable: /home/hansonj/data_files/mgrid.c01r00_z16mod.nc,3,vmec_family,vmec_indata,wout_netcdf,,,,,,,,
educational_VMEC/from_STELLOPT_246/Benchmarks/hanson,freegs,failed,Unsupported: FreeGS is restricted to 2-D Grad-Shafranov cases,3,grad_shafranov,vmec_indata_or_case,geqdsk,,,,,,,,
educational_VMEC/from_STELLOPT_246/Benchmarks/hanson,gvec,failed,Unsupported: required MGRID fixture unavailable: /home/hansonj/data_files/mgrid.c01r00_z16mod.nc,3,vmec_family,vmec_indata,gvec_state,,,,,,,,
educational_VMEC/from_STELLOPT_246/Benchmarks/hanson,jvmec,failed,Unsupported: required MGRID fixture unavailable: /home/hansonj/data_files/mgrid.c01r00_z16mod.nc,3,vmec_family,vmec_indata,wout_netcdf,,,,,,,,
educational_VMEC/from_STELLOPT_246/Benchmarks/hanson,parvmec,failed,Unsupported: required MGRID fixture unavailable: /home/hansonj/data_files/mgrid.c01r00_z16mod.nc,3,vmec_family,vmec_indata,wout_netcdf,,,,,,,,
educational_VMEC/from_STELLOPT_246/Benchmarks/hanson,spec,failed,Unsupported: SPEC requires a native .sp input,3,spec_mhd,spec_namelist,spec_hdf5,,,,,,,,
educational_VMEC/from_STELLOPT_246/Benchmarks/hanson,spectre,failed,Unsupported: required MGRID fixture unavailable: /home/hansonj/data_files/mgrid.c01r00_z16mod.nc,3,spectre_mhd,vmec_indata_or_spectre_toml,spectre_json,,,,,,,,
educational_VMEC/from_STELLOPT_246/Benchmarks/hanson,vmec2000,failed,Unsupported: required MGRID fixture unavailable: /home/hansonj/data_files/mgrid.c01r00_z16mod.nc,3,vmec_family,vmec_indata,wout_netcdf,,,,,,,,
educational_VMEC/from_STELLOPT_246/Benchmarks/hanson,vmecpp,failed,Unsupported: required MGRID fixture unavailable: /home/hansonj/data_files/mgrid.c01r00_z16mod.nc,3,vmec_family,vmec_indata,wout_netcdf,,,,,,,,
educational_VMEC/from_STELLOPT_246/Benchmarks/hanson,vmex,failed,Unsupported: required MGRID fixture unavailable: /home/hansonj/data_files/mgrid.c01r00_z16mod.nc,3,vmec_family,vmec_indata,wout_netcdf,,,,,,,,
educational_VMEC/from_STELLOPT_246/Benchmarks/heliac,chease,failed,Unsupported: CHEASE requires a 2-D GEQDSK input,3,grad_shafranov,vmec_indata_via_geqdsk,geqdsk,,,,,,,,
educational_VMEC/from_STELLOPT_246/Benchmarks/heliac,desc,success,,3,vmec_family,vmec_indata,wout_netcdf,8.566063442608781,6.114738435460494e-05,10.249435969457434,4.141247972095343,13.390684036404597,-1.6,3661.0,-9912.854751940527
educational_VMEC/from_STELLOPT_246/Benchmarks/heliac,educational_vmec,success,,3,vmec_family,vmec_indata,wout_netcdf,8.565126730258422,0.0022204643096123055,10.249435969485337,4.149925335405883,13.390684036441026,-1.5999999999999999,128321.02695368872,73698.27857825944
educational_VMEC/from_STELLOPT_246/Benchmarks/heliac,freegs,failed,Unsupported: FreeGS is restricted to 2-D Grad-Shafranov cases,3,grad_shafranov,vmec_indata_or_case,geqdsk,,,,,,,,
educational_VMEC/from_STELLOPT_246/Benchmarks/heliac,gvec,failed,Run failed,3,vmec_family,vmec_indata,gvec_state,,,,,,,,
educational_VMEC/from_STELLOPT_246/Benchmarks/heliac,jvmec,success,,3,vmec_family,vmec_indata,wout_netcdf,8.565080640399117,0.0,11.048550805166634,4.159299942599827,11.818468606205402,-1.5999999999999999,0.0,87294.19158365419
educational_VMEC/from_STELLOPT_246/Benchmarks/heliac,parvmec,success,,3,vmec_family,vmec_indata,wout_netcdf,8.565075220531352,0.002218530683127847,10.249435969485337,4.1596541538888046,13.390684036441026,-1.5999999999999999,127549.49278931034,88016.15596458118
educational_VMEC/from_STELLOPT_246/Benchmarks/heliac,spec,failed,Unsupported: SPEC requires a native .sp input,3,spec_mhd,spec_namelist,spec_hdf5,,,,,,,,
educational_VMEC/from_STELLOPT_246/Benchmarks/heliac,spectre,failed,Run failed,3,spectre_mhd,vmec_indata_or_spectre_toml,spectre_json,,,,,,,,
educational_VMEC/from_STELLOPT_246/Benchmarks/heliac,vmec2000,success,,3,vmec_family,vmec_indata,wout_netcdf,8.565075220531364,0.0022185306831273345,10.249435969485337,4.159654153884529,13.390684036441026,-1.5999999999999999,127549.49278970873,88016.15595012433
educational_VMEC/from_STELLOPT_246/Benchmarks/heliac,vmecpp,success,,3,vmec_family,vmec_indata,wout_netcdf,8.565070234666575,0.0022183984294745812,10.249435969485283,4.16018092289821,13.390684036440991,-1.5999999999999999,127500.07358956842,89257.79474794175
educational_VMEC/from_STELLOPT_246/Benchmarks/heliac,vmex,success,,3,vmec_family,vmec_indata,wout_netcdf,8.565075220531357,0.0022185306831272495,10.249435969485274,4.159654153889219,13.390684036440978,-1.5999999999999999,127549.49278929256,88016.15595735956
educational_VMEC/from_STELLOPT_246/Benchmarks/heliac.m8,chease,failed,Unsupported: CHEASE requires a 2-D GEQDSK input,3,grad_shafranov,vmec_indata_via_geqdsk,geqdsk,,,,,,,,
educational_VMEC/from_STELLOPT_246/Benchmarks/heliac.m8,desc,success,,3,vmec_family,vmec_indata,wout_netcdf,8.565168366418554,6.122498374742626e-05,10.249435969485289,4.146010950489191,13.390684036440984,-1.6,3661.0,104382.5938261851
educational_VMEC/from_STELLOPT_246/Benchmarks/heliac.m8,educational_vmec,success,,3,vmec_family,vmec_indata,wout_netcdf,8.565103536006717,0.0022206065965107813,10.249435969485338,4.149368731793492,13.39068403644101,-1.5999999999999999,128480.09770983801,74544.0506811265
educational_VMEC/from_STELLOPT_246/Benchmarks/heliac.m8,freegs,failed,Unsupported: FreeGS is restricted to 2-D Grad-Shafranov cases,3,grad_shafranov,vmec_indata_or_case,geqdsk,,,,,,,,
educational_VMEC/from_STELLOPT_246/Benchmarks/heliac.m8,gvec,failed,Run failed,3,vmec_family,vmec_indata,gvec_state,,,,,,,,
educational_VMEC/from_STELLOPT_246/Benchmarks/heliac.m8,jvmec,success,,3,vmec_family,vmec_indata,wout_netcdf,8.565046737917108,0.0,11.048550805166634,4.159611666680242,11.818468606205402,-1.5999999999999999,0.0,87480.88179465584
educational_VMEC/from_STELLOPT_246/Benchmarks/heliac.m8,parvmec,success,,3,vmec_family,vmec_indata,wout_netcdf,8.565041338105761,0.002218393895677437,10.24943596948534,4.159952394606249,13.390684036441014,-1.5999999999999999,127601.23595824023,88427.58599459712
educational_VMEC/from_STELLOPT_246/Benchmarks/heliac.m8,spec,failed,Unsupported: SPEC requires a native .sp input,3,spec_mhd,spec_namelist,spec_hdf5,,,,,,,,
educational_VMEC/from_STELLOPT_246/Benchmarks/heliac.m8,spectre,failed,Run failed,3,spectre_mhd,vmec_indata_or_spectre_toml,spectre_json,,,,,,,,
educational_VMEC/from_STELLOPT_246/Benchmarks/heliac.m8,vmec2000,success,,3,vmec_family,vmec_indata,wout_netcdf,8.565041338105749,0.0022183938956777637,10.249435969485338,4.159952394608098,13.39068403644101,-1.5999999999999999,127601.2359580455,88427.58601644728
educational_VMEC/from_STELLOPT_246/Benchmarks/heliac.m8,vmecpp,success,,3,vmec_family,vmec_indata,wout_netcdf,8.56503603123353,0.002218222140820171,10.249435969485283,4.1606033917865926,13.39068403644099,-1.5999999999999999,127542.20875813908,89907.22891792624
educational_VMEC/from_STELLOPT_246/Benchmarks/heliac.m8,vmex,success,,3,vmec_family,vmec_indata,wout_netcdf,8.56504133810572,0.0022183938956778023,10.249435969485306,4.159952394607372,13.390684036440987,-1.5999999999999999,127601.23595810085,88427.5860178527
educational_VMEC/from_STELLOPT_246/Benchmarks/heliac14,chease,failed,Unsupported: CHEASE requires a 2-D GEQDSK input,3,grad_shafranov,vmec_indata_via_geqdsk,geqdsk,,,,,,,,
educational_VMEC/from_STELLOPT_246/Benchmarks/heliac14,desc,success,,3,vmec_family,vmec_indata,wout_netcdf,8.566063442608781,6.114738435460494e-05,10.249435969457434,4.141247972095343,13.390684036404597,-1.6,3661.0,-9912.854751940527
educational_VMEC/from_STELLOPT_246/Benchmarks/heliac14,educational_vmec,success,,3,vmec_family,vmec_indata,wout_netcdf,8.565126730258422,0.0022204643096123055,10.249435969485337,4.149925335405883,13.390684036441026,-1.5999999999999999,128321.02695368872,73698.27857825944
educational_VMEC/from_STELLOPT_246/Benchmarks/heliac14,freegs,failed,Unsupported: FreeGS is restricted to 2-D Grad-Shafranov cases,3,grad_shafranov,vmec_indata_or_case,geqdsk,,,,,,,,
educational_VMEC/from_STELLOPT_246/Benchmarks/heliac14,gvec,failed,Run failed,3,vmec_family,vmec_indata,gvec_state,,,,,,,,
educational_VMEC/from_STELLOPT_246/Benchmarks/heliac14,jvmec,success,,3,vmec_family,vmec_indata,wout_netcdf,8.565080515377216,0.0,11.048550805166634,4.159276062970285,11.818468606205402,-1.5999999999999999,0.0,87541.22560080745
educational_VMEC/from_STELLOPT_246/Benchmarks/heliac14,parvmec,success,,3,vmec_family,vmec_indata,wout_netcdf,8.56507510449893,0.0022185443176022486,10.249435969485337,4.159612464114508,13.390684036441026,-1.5999999999999999,127551.12078560918,88191.93645013969
educational_VMEC/from_STELLOPT_246/Benchmarks/heliac14,spec,failed,Unsupported: SPEC requires a native .sp input,3,spec_mhd,spec_namelist,spec_hdf5,,,,,,,,
educational_VMEC/from_STELLOPT_246/Benchmarks/heliac14,spectre,failed,Run failed,3,spectre_mhd,vmec_indata_or_spectre_toml,spectre_json,,,,,,,,
educational_VMEC/from_STELLOPT_246/Benchmarks/heliac14,vmec2000,success,,3,vmec_family,vmec_indata,wout_netcdf,8.565075104498938,0.0022185443176018283,10.249435969485337,4.159612464113445,13.390684036441026,-1.5999999999999999,127551.12078561285,88191.93645262084
educational_VMEC/from_STELLOPT_246/Benchmarks/heliac14,vmecpp,success,,3,vmec_family,vmec_indata,wout_netcdf,8.56507026597217,0.0022183948153426288,10.249435969485283,4.16016706136421,13.390684036440991,-1.5999999999999999,127499.58338438872,89365.9675477105
educational_VMEC/from_STELLOPT_246/Benchmarks/heliac14,vmex,success,,3,vmec_family,vmec_indata,wout_netcdf,8.565075104498954,0.002218544317601096,10.249435969485274,4.159612464110125,13.390684036440978,-1.5999999999999999,127551.12078539171,88191.9364836049
educational_VMEC/from_STELLOPT_246/Benchmarks/helias,chease,failed,Unsupported: CHEASE requires a 2-D GEQDSK input,3,grad_shafranov,vmec_indata_via_geqdsk,geqdsk,,,,,,,,
educational_VMEC/from_STELLOPT_246/Benchmarks/helias,desc,success,,3,vmec_family,vmec_indata,wout_netcdf,3.2886438041758517,0.0493760002286374,11.289427708902943,11.765837671403956,229.15177393421888,0.6950000000000001,43770.0,-48142.51052123847
educational_VMEC/from_STELLOPT_246/Benchmarks/helias,educational_vmec,success,,3,vmec_family,vmec_indata,wout_netcdf,3.287957610875962,0.04705237793158783,11.289427708903093,11.639192886724976,229.15177393422292,0.695,39704.42974748475,25947.17515782997
educational_VMEC/from_STELLOPT_246/Benchmarks/helias,freegs,failed,Unsupported: FreeGS is restricted to 2-D Grad-Shafranov cases,3,grad_shafranov,vmec_indata_or_case,geqdsk,,,,,,,,
educational_VMEC/from_STELLOPT_246/Benchmarks/helias,gvec,success,,3,vmec_family,vmec_indata,gvec_state,,,11.289427708903236,11.7186993488194,229.151773934224,-0.695,43770.0,
educational_VMEC/from_STELLOPT_246/Benchmarks/helias,jvmec,success,,3,vmec_family,vmec_indata,wout_netcdf,3.288004486289497,0.0,11.321378698620922,11.675804184243864,229.42407645234448,0.695,0.0,18916.87775696241
educational_VMEC/from_STELLOPT_246/Benchmarks/helias,parvmec,success,,3,vmec_family,vmec_indata,wout_netcdf,3.288004310978149,0.04703501973506191,11.289427708903089,11.675193140272892,229.15177393422286,0.695,39532.965019022085,18930.64748028213
educational_VMEC/from_STELLOPT_246/Benchmarks/helias,spec,failed,Unsupported: SPEC requires a native .sp input,3,spec_mhd,spec_namelist,spec_hdf5,,,,,,,,
educational_VMEC/from_STELLOPT_246/Benchmarks/helias,spectre,failed,Run failed,3,spectre_mhd,vmec_indata_or_spectre_toml,spectre_json,,,,,,,,
educational_VMEC/from_STELLOPT_246/Benchmarks/helias,vmec2000,success,,3,vmec_family,vmec_indata,wout_netcdf,3.2880043109782107,0.04703501973505758,11.289427708903093,11.675193140273441,229.15177393422292,0.695,39532.96501901371,18930.647480513104
educational_VMEC/from_STELLOPT_246/Benchmarks/helias,vmecpp,success,,3,vmec_family,vmec_indata,wout_netcdf,3.288004730467601,0.04703487207790592,11.28942770890315,11.67726080262979,229.15177393422337,0.695,39523.12031617403,18934.28722931969
educational_VMEC/from_STELLOPT_246/Benchmarks/helias,vmex,success,,3,vmec_family,vmec_indata,wout_netcdf,3.288004310978167,0.04703501973506465,11.289427708903133,11.675193140233322,229.15177393422343,0.695,39532.965019205265,18930.647479165753
educational_VMEC/from_STELLOPT_246/Benchmarks/helias.m8,chease,failed,Unsupported: CHEASE requires a 2-D GEQDSK input,3,grad_shafranov,vmec_indata_via_geqdsk,geqdsk,,,,,,,,
educational_VMEC/from_STELLOPT_246/Benchmarks/helias.m8,desc,success,,3,vmec_family,vmec_indata,wout_netcdf,3.2883477118721216,0.04933557349538545,11.289427708903135,11.738220502326108,229.15177393422275,0.6950000000000001,43770.0,5854.44906652667
educational_VMEC/from_STELLOPT_246/Benchmarks/helias.m8,educational_vmec,success,,3,vmec_family,vmec_indata,wout_netcdf,3.287957335733929,0.04705213674504405,11.289427708903196,11.639497310456976,229.15177393422334,0.695,39704.37105344943,25341.92564170293
educational_VMEC/from_STELLOPT_246/Benchmarks/helias.m8,freegs,failed,Unsupported: FreeGS is restricted to 2-D Grad-Shafranov cases,3,grad_shafranov,vmec_indata_or_case,geqdsk,,,,,,,,
educational_VMEC/from_STELLOPT_246/Benchmarks/helias.m8,gvec,success,,3,vmec_family,vmec_indata,gvec_state,,,11.289427708903236,11.7187465733089,229.151773934223,-0.695,43770.0,
educational_VMEC/from_STELLOPT_246/Benchmarks/helias.m8,jvmec,success,,3,vmec_family,vmec_indata,wout_netcdf,3.2880035597018917,0.0,11.321378698620922,11.675051006120299,229.42407645234448,0.695,0.0,18921.66439252026
educational_VMEC/from_STELLOPT_246/Benchmarks/helias.m8,parvmec,success,,3,vmec_family,vmec_indata,wout_netcdf,3.288003952957156,0.047034944875481065,11.2894277089032,11.676052671814562,229.15177393422343,0.695,39531.09958734917,18912.421014309977
educational_VMEC/from_STELLOPT_246/Benchmarks/helias.m8,spec,failed,Unsupported: SPEC requires a native .sp input,3,spec_mhd,spec_namelist,spec_hdf5,,,,,,,,
educational_VMEC/from_STELLOPT_246/Benchmarks/helias.m8,spectre,failed,Run failed,3,spectre_mhd,vmec_indata_or_spectre_toml,spectre_json,,,,,,,,
educational_VMEC/from_STELLOPT_246/Benchmarks/helias.m8,vmec2000,success,,3,vmec_family,vmec_indata,wout_netcdf,3.2880039529571223,0.047034944875484264,11.289427708903196,11.676052671786689,229.15177393422334,0.695,39531.09958748367,18912.421014383715
educational_VMEC/from_STELLOPT_246/Benchmarks/helias.m8,vmecpp,success,,3,vmec_family,vmec_indata,wout_netcdf,3.2880041170877354,0.047034882060866416,11.289427708903185,11.676995985087476,229.1517739342238,0.695,39526.61660339129,18904.899358707586
educational_VMEC/from_STELLOPT_246/Benchmarks/helias.m8,vmex,success,,3,vmec_family,vmec_indata,wout_netcdf,3.2880039529571214,0.047034944875485145,11.289427708903194,11.676052671786746,229.15177393422343,0.695,39531.099587483004,18912.421014173244
educational_VMEC/from_STELLOPT_246/Benchmarks/helias14,chease,failed,Unsupported: CHEASE requires a 2-D GEQDSK input,3,grad_shafranov,vmec_indata_via_geqdsk,geqdsk,,,,,,,,
educational_VMEC/from_STELLOPT_246/Benchmarks/helias14,desc,success,,3,vmec_family,vmec_indata,wout_netcdf,3.2886438041758517,0.0493760002286374,11.289427708902943,11.765837671403956,229.15177393421888,0.6950000000000001,43770.0,-48142.51052123847
educational_VMEC/from_STELLOPT_246/Benchmarks/helias14,educational_vmec,success,,3,vmec_family,vmec_indata,wout_netcdf,3.287957610875962,0.04705237793158783,11.289427708903093,11.639192886724976,229.15177393422292,0.695,39704.42974748475,25947.17515782997
educational_VMEC/from_STELLOPT_246/Benchmarks/helias14,freegs,failed,Unsupported: FreeGS is restricted to 2-D Grad-Shafranov cases,3,grad_shafranov,vmec_indata_or_case,geqdsk,,,,,,,,
educational_VMEC/from_STELLOPT_246/Benchmarks/helias14,gvec,success,,3,vmec_family,vmec_indata,gvec_state,,,11.289427708903236,11.7186993488194,229.151773934223,-0.695,43770.0,
educational_VMEC/from_STELLOPT_246/Benchmarks/helias14,jvmec,success,,3,vmec_family,vmec_indata,wout_netcdf,3.2880047376910904,0.0,11.321378698620922,11.67762798470814,229.42407645234448,0.695,0.0,18945.342907875973
educational_VMEC/from_STELLOPT_246/Benchmarks/helias14,parvmec,success,,3,vmec_family,vmec_indata,wout_netcdf,3.2880047592756427,0.04703485161385631,11.289427708903089,11.67764699823928,229.15177393422286,0.695,39522.20663416492,18940.991527708156
educational_VMEC/from_STELLOPT_246/Benchmarks/helias14,spec,failed,Unsupported: SPEC requires a native .sp input,3,spec_mhd,spec_namelist,spec_hdf5,,,,,,,,
educational_VMEC/from_STELLOPT_246/Benchmarks/helias14,spectre,failed,Run failed,3,spectre_mhd,vmec_indata_or_spectre_toml,spectre_json,,,,,,,,
educational_VMEC/from_STELLOPT_246/Benchmarks/helias14,vmec2000,success,,3,vmec_family,vmec_indata,wout_netcdf,3.2880047592757378,0.047034851613827845,11.289427708903093,11.677646998315128,229.15177393422292,0.695,39522.20663216348,18940.99137400675
educational_VMEC/from_STELLOPT_246/Benchmarks/helias14,vmecpp,success,,3,vmec_family,vmec_indata,wout_netcdf,3.2880048532017168,0.04703483223162503,11.28942770890315,11.677688722654628,229.15177393422337,0.695,39521.08491563448,18934.75884885906
educational_VMEC/from_STELLOPT_246/Benchmarks/helias14,vmex,success,,3,vmec_family,vmec_indata,wout_netcdf,3.2880048922311396,0.04703483235892172,11.289427708903133,11.677648911077583,229.15177393422343,0.695,39521.76154244317,18928.609573673526
educational_VMEC/from_STELLOPT_246/Benchmarks/m45.OHseries.1_fb,chease,failed,Unsupported: CHEASE requires a 2-D GEQDSK input,3,grad_shafranov,vmec_indata_via_geqdsk,geqdsk,,,,,,,,
educational_VMEC/from_STELLOPT_246/Benchmarks/m45.OHseries.1_fb,desc,success,,3,vmec_family,vmec_indata,wout_netcdf,0.07925831844749169,0.0001868175616701228,4.01852239121007,1.4324565775670643,3.12452904793468,0.3176272100441993,232.5144,33348.6107999771
educational_VMEC/from_STELLOPT_246/Benchmarks/m45.OHseries.1_fb,educational_vmec,success,,3,vmec_family,vmec_indata,wout_netcdf,0.09465191708245545,0.0,0.0,0.0,0.0,0.9551839940428133,9.06842767237183e-308,-33922.79529241512
educational_VMEC/from_STELLOPT_246/Benchmarks/m45.OHseries.1_fb,freegs,failed,Unsupported: FreeGS is restricted to 2-D Grad-Shafranov cases,3,grad_shafranov,vmec_indata_or_case,geqdsk,,,,,,,,
educational_VMEC/from_STELLOPT_246/Benchmarks/m45.OHseries.1_fb,gvec,failed,Run failed,3,vmec_family,vmec_indata,gvec_state,,,,,,,,
educational_VMEC/from_STELLOPT_246/Benchmarks/m45.OHseries.1_fb,jvmec,failed,Run failed,3,vmec_family,vmec_indata,wout_netcdf,,,,,,,,
educational_VMEC/from_STELLOPT_246/Benchmarks/m45.OHseries.1_fb,parvmec,success,,3,vmec_family,vmec_indata,wout_netcdf,0.07924793977216943,0.00018595818518824878,4.01852238462417,1.4178769445045243,3.1245290376000465,0.4013084883346906,232.49070509826325,-33367.9511096818
educational_VMEC/from_STELLOPT_246/Benchmarks/m45.OHseries.1_fb,spec,failed,Unsupported: SPEC requires a native .sp input,3,spec_mhd,spec_namelist,spec_hdf5,,,,,,,,
educational_VMEC/from_STELLOPT_246/Benchmarks/m45.OHseries.1_fb,spectre,failed,Run failed,3,spectre_mhd,vmec_indata_or_spectre_toml,spectre_json,,,,,,,,
educational_VMEC/from_STELLOPT_246/Benchmarks/m45.OHseries.1_fb,vmec2000,success,,3,vmec_family,vmec_indata,wout_netcdf,0.07924793977216898,0.0001859581851882488,4.01852238462417,1.4178769445044472,3.1245290376000465,0.4013084883348532,232.49070509826325,-33367.951109683
educational_VMEC/from_STELLOPT_246/Benchmarks/m45.OHseries.1_fb,vmecpp,success,,3,vmec_family,vmec_indata,wout_netcdf,0.09465191708260678,0.00015377115203350314,4.0185223846241795,1.4368451552152701,3.1245290376000487,0.955183994042988,234.74820343356916,-33922.795292415896
educational_VMEC/from_STELLOPT_246/Benchmarks/m45.OHseries.1_fb,vmex,success,,3,vmec_family,vmec_indata,wout_netcdf,0.0792479397721692,0.00018595818518826564,4.018522384624169,1.417876944503298,3.1245290376000496,0.40130848833484456,232.49070509826325,-33367.95110968223
educational_VMEC/from_STELLOPT_246/Benchmarks/qas14,chease,failed,Unsupported: CHEASE requires a 2-D GEQDSK input,3,grad_shafranov,vmec_indata_via_geqdsk,geqdsk,,,,,,,,
educational_VMEC/from_STELLOPT_246/Benchmarks/qas14,desc,success,,3,vmec_family,vmec_indata,wout_netcdf,0.08173399784894239,0.03483854258424525,3.427884205156138,1.5591585993028818,5.215144295291496,0.09164951628157428,35854.015799999994,194319.99996999998
educational_VMEC/from_STELLOPT_246/Benchmarks/qas14,educational_vmec,success,,3,vmec_family,vmec_indata,wout_netcdf,0.08179232337389483,0.035235833988294565,3.427884205155954,1.606906864008398,5.215144295291172,0.4635377768656429,35905.62545726761,-194276.31049354494
educational_VMEC/from_STELLOPT_246/Benchmarks/qas14,freegs,failed,Unsupported: FreeGS is restricted to 2-D Grad-Shafranov cases,3,grad_shafranov,vmec_indata_or_case,geqdsk,,,,,,,,
educational_VMEC/from_STELLOPT_246/Benchmarks/qas14,gvec,failed,Run failed,3,vmec_family,vmec_indata,gvec_state,,,,,,,,
educational_VMEC/from_STELLOPT_246/Benchmarks/qas14,jvmec,success,,3,vmec_family,vmec_indata,wout_netcdf,0.08195905203499435,0.0,3.4803429654393008,1.5502731638080827,5.099713905899035,0.4771132162072981,0.0,-194326.39403686087
educational_VMEC/from_STELLOPT_246/Benchmarks/qas14,parvmec,success,,3,vmec_family,vmec_indata,wout_netcdf,0.08175082012068943,0.035630241423564135,3.427884205155954,1.6744346354584954,5.215144295291172,0.4927270449286787,35905.62545726761,-194276.3104935445
educational_VMEC/from_STELLOPT_246/Benchmarks/qas14,spec,failed,Unsupported: SPEC requires a native .sp input,3,spec_mhd,spec_namelist,spec_hdf5,,,,,,,,
educational_VMEC/from_STELLOPT_246/Benchmarks/qas14,spectre,failed,Run failed,3,spectre_mhd,vmec_indata_or_spectre_toml,spectre_json,,,,,,,,
educational_VMEC/from_STELLOPT_246/Benchmarks/qas14,vmec2000,success,,3,vmec_family,vmec_indata,wout_netcdf,0.08175082012068902,0.03563024142353827,3.427884205155954,1.6744346354478437,5.215144295291172,0.4927270449154637,35905.62545726761,-194276.31049354706
educational_VMEC/from_STELLOPT_246/Benchmarks/qas14,vmecpp,success,,3,vmec_family,vmec_indata,wout_netcdf,0.08175082067321948,0.03563014031523043,3.427884205155929,1.674414508154656,5.215144295291181,0.4927271849096417,35905.62545726761,-194276.31049354715
educational_VMEC/from_STELLOPT_246/Benchmarks/qas14,vmex,failed,Run failed,3,vmec_family,vmec_indata,wout_netcdf,,,,,,,,
educational_VMEC/from_STELLOPT_246/Benchmarks/qas3,chease,failed,Unsupported: CHEASE requires a 2-D GEQDSK input,3,grad_shafranov,vmec_indata_via_geqdsk,geqdsk,,,,,,,,
educational_VMEC/from_STELLOPT_246/Benchmarks/qas3,desc,success,,3,vmec_family,vmec_indata,wout_netcdf,0.08173399784894239,0.03483854258424525,3.427884205156138,1.5591585993028818,5.215144295291496,0.09164951628157428,35854.015799999994,194319.99996999998
educational_VMEC/from_STELLOPT_246/Benchmarks/qas3,educational_vmec,success,,3,vmec_family,vmec_indata,wout_netcdf,0.08178634857200305,0.03517810971971042,3.427884205155954,1.5969637391133493,5.215144295291172,0.46348494815456165,35905.62545726761,-194276.31049354636
educational_VMEC/from_STELLOPT_246/Benchmarks/qas3,freegs,failed,Unsupported: FreeGS is restricted to 2-D Grad-Shafranov cases,3,grad_shafranov,vmec_indata_or_case,geqdsk,,,,,,,,
educational_VMEC/from_STELLOPT_246/Benchmarks/qas3,gvec,failed,Run failed,3,vmec_family,vmec_indata,gvec_state,,,,,,,,
educational_VMEC/from_STELLOPT_246/Benchmarks/qas3,jvmec,success,,3,vmec_family,vmec_indata,wout_netcdf,0.08195905322089686,0.0,3.4803429654393008,1.550272954534889,5.099713905899035,0.4769456441548911,0.0,-194326.39403686047
educational_VMEC/from_STELLOPT_246/Benchmarks/qas3,parvmec,success,,3,vmec_family,vmec_indata,wout_netcdf,0.08175082266938194,0.03562983403971078,3.427884205155954,1.674225767524351,5.215144295291172,0.4925064212251021,35905.62545726761,-194276.31049354645
educational_VMEC/from_STELLOPT_246/Benchmarks/qas3,spec,failed,Unsupported: SPEC requires a native .sp input,3,spec_mhd,spec_namelist,spec_hdf5,,,,,,,,
educational_VMEC/from_STELLOPT_246/Benchmarks/qas3,spectre,failed,Run failed,3,spectre_mhd,vmec_indata_or_spectre_toml,spectre_json,,,,,,,,
educational_VMEC/from_STELLOPT_246/Benchmarks/qas3,vmec2000,success,,3,vmec_family,vmec_indata,wout_netcdf,0.08175082266944698,0.035629834026281657,3.427884205155954,1.6742257625962522,5.215144295291172,0.49250641868397743,35905.62545726761,-194276.310493544
educational_VMEC/from_STELLOPT_246/Benchmarks/qas3,vmecpp,success,,3,vmec_family,vmec_indata,wout_netcdf,0.08175082200718592,0.0356296384370811,3.427884205155929,1.6741950951864955,5.215144295291181,0.4925030731303197,35905.62545726761,-194276.31049354695
educational_VMEC/from_STELLOPT_246/Benchmarks/qas3,vmex,success,,3,vmec_family,vmec_indata,wout_netcdf,0.0817508226677839,0.03562983436742153,3.4278842051559293,1.6742258881905607,5.215144295291181,0.49250648382219697,35905.62545726761,-194276.31049354596
educational_VMEC/from_STELLOPT_246/Benchmarks/qps14,chease,failed,Unsupported: CHEASE requires a 2-D GEQDSK input,3,grad_shafranov,vmec_indata_via_geqdsk,geqdsk,,,,,,,,
educational_VMEC/from_STELLOPT_246/Benchmarks/qps14,desc,success,,3,vmec_family,vmec_indata,wout_netcdf,0.028603426558955408,0.020059620843118763,2.752056845314716,1.0468256545719588,2.287371701866263,0.28376192866350275,22967.684700000005,-3.772643329939396
educational_VMEC/from_STELLOPT_246/Benchmarks/qps14,educational_vmec,failed,Unsupported: required MGRID fixture unavailable: mgrid_022803a.nc,3,vmec_family,vmec_indata,wout_netcdf,,,,,,,,
educational_VMEC/from_STELLOPT_246/Benchmarks/qps14,freegs,failed,Unsupported: FreeGS is restricted to 2-D Grad-Shafranov cases,3,grad_shafranov,vmec_indata_or_case,geqdsk,,,,,,,,
educational_VMEC/from_STELLOPT_246/Benchmarks/qps14,gvec,failed,Unsupported: required MGRID fixture unavailable: mgrid_022803a.nc,3,vmec_family,vmec_indata,gvec_state,,,,,,,,
educational_VMEC/from_STELLOPT_246/Benchmarks/qps14,jvmec,failed,Unsupported: required MGRID fixture unavailable: mgrid_022803a.nc,3,vmec_family,vmec_indata,wout_netcdf,,,,,,,,
educational_VMEC/from_STELLOPT_246/Benchmarks/qps14,parvmec,failed,Unsupported: required MGRID fixture unavailable: mgrid_022803a.nc,3,vmec_family,vmec_indata,wout_netcdf,,,,,,,,
educational_VMEC/from_STELLOPT_246/Benchmarks/qps14,spec,failed,Unsupported: SPEC requires a native .sp input,3,spec_mhd,spec_namelist,spec_hdf5,,,,,,,,
educational_VMEC/from_STELLOPT_246/Benchmarks/qps14,spectre,failed,Unsupported: required MGRID fixture unavailable: mgrid_022803a.nc,3,spectre_mhd,vmec_indata_or_spectre_toml,spectre_json,,,,,,,,
educational_VMEC/from_STELLOPT_246/Benchmarks/qps14,vmec2000,failed,Unsupported: required MGRID fixture unavailable: mgrid_022803a.nc,3,vmec_family,vmec_indata,wout_netcdf,,,,,,,,
educational_VMEC/from_STELLOPT_246/Benchmarks/qps14,vmecpp,failed,Unsupported: required MGRID fixture unavailable: mgrid_022803a.nc,3,vmec_family,vmec_indata,wout_netcdf,,,,,,,,
educational_VMEC/from_STELLOPT_246/Benchmarks/qps14,vmex,failed,Unsupported: required MGRID fixture unavailable: mgrid_022803a.nc,3,vmec_family,vmec_indata,wout_netcdf,,,,,,,,
educational_VMEC/from_STELLOPT_246/Benchmarks/qps_hb,chease,failed,Unsupported: CHEASE requires a 2-D GEQDSK input,3,grad_shafranov,vmec_indata_via_geqdsk,geqdsk,,,,,,,,
educational_VMEC/from_STELLOPT_246/Benchmarks/qps_hb,desc,success,,3,vmec_family,vmec_indata,wout_netcdf,0.028603426558955408,0.020059620843118763,2.752056845314716,1.0468256545719588,2.287371701866263,0.28376192866350275,22967.684700000005,-3.772643329939396
educational_VMEC/from_STELLOPT_246/Benchmarks/qps_hb,educational_vmec,failed,Unsupported: required MGRID fixture unavailable: mgrid_022803a.nc,3,vmec_family,vmec_indata,wout_netcdf,,,,,,,,
educational_VMEC/from_STELLOPT_246/Benchmarks/qps_hb,freegs,failed,Unsupported: FreeGS is restricted to 2-D Grad-Shafranov cases,3,grad_shafranov,vmec_indata_or_case,geqdsk,,,,,,,,
educational_VMEC/from_STELLOPT_246/Benchmarks/qps_hb,gvec,failed,Unsupported: required MGRID fixture unavailable: mgrid_022803a.nc,3,vmec_family,vmec_indata,gvec_state,,,,,,,,
educational_VMEC/from_STELLOPT_246/Benchmarks/qps_hb,jvmec,failed,Unsupported: required MGRID fixture unavailable: mgrid_022803a.nc,3,vmec_family,vmec_indata,wout_netcdf,,,,,,,,
educational_VMEC/from_STELLOPT_246/Benchmarks/qps_hb,parvmec,failed,Unsupported: required MGRID fixture unavailable: mgrid_022803a.nc,3,vmec_family,vmec_indata,wout_netcdf,,,,,,,,
educational_VMEC/from_STELLOPT_246/Benchmarks/qps_hb,spec,failed,Unsupported: SPEC requires a native .sp input,3,spec_mhd,spec_namelist,spec_hdf5,,,,,,,,
educational_VMEC/from_STELLOPT_246/Benchmarks/qps_hb,spectre,failed,Unsupported: required MGRID fixture unavailable: mgrid_022803a.nc,3,spectre_mhd,vmec_indata_or_spectre_toml,spectre_json,,,,,,,,
educational_VMEC/from_STELLOPT_246/Benchmarks/qps_hb,vmec2000,failed,Unsupported: required MGRID fixture unavailable: mgrid_022803a.nc,3,vmec_family,vmec_indata,wout_netcdf,,,,,,,,
educational_VMEC/from_STELLOPT_246/Benchmarks/qps_hb,vmecpp,failed,Unsupported: required MGRID fixture unavailable: mgrid_022803a.nc,3,vmec_family,vmec_indata,wout_netcdf,,,,,,,,
educational_VMEC/from_STELLOPT_246/Benchmarks/qps_hb,vmex,failed,Unsupported: required MGRID fixture unavailable: mgrid_022803a.nc,3,vmec_family,vmec_indata,wout_netcdf,,,,,,,,
educational_VMEC/from_STELLOPT_246/Benchmarks/seqrun,chease,failed,Unsupported: CHEASE requires a 2-D GEQDSK input,3,grad_shafranov,vmec_indata_via_geqdsk,geqdsk,,,,,,,,
educational_VMEC/from_STELLOPT_246/Benchmarks/seqrun,desc,failed,Unsupported: VMEC INDATA namelist is missing,3,vmec_family,vmec_indata,wout_netcdf,,,,,,,,
educational_VMEC/from_STELLOPT_246/Benchmarks/seqrun,educational_vmec,failed,Unsupported: VMEC INDATA namelist is missing,3,vmec_family,vmec_indata,wout_netcdf,,,,,,,,
educational_VMEC/from_STELLOPT_246/Benchmarks/seqrun,freegs,failed,Unsupported: FreeGS is restricted to 2-D Grad-Shafranov cases,3,grad_shafranov,vmec_indata_or_case,geqdsk,,,,,,,,
educational_VMEC/from_STELLOPT_246/Benchmarks/seqrun,gvec,failed,Unsupported: VMEC INDATA namelist is missing,3,vmec_family,vmec_indata,gvec_state,,,,,,,,
educational_VMEC/from_STELLOPT_246/Benchmarks/seqrun,jvmec,failed,Unsupported: VMEC INDATA namelist is missing,3,vmec_family,vmec_indata,wout_netcdf,,,,,,,,
educational_VMEC/from_STELLOPT_246/Benchmarks/seqrun,parvmec,failed,Unsupported: VMEC INDATA namelist is missing,3,vmec_family,vmec_indata,wout_netcdf,,,,,,,,
educational_VMEC/from_STELLOPT_246/Benchmarks/seqrun,spec,failed,Unsupported: SPEC requires a native .sp input,3,spec_mhd,spec_namelist,spec_hdf5,,,,,,,,
educational_VMEC/from_STELLOPT_246/Benchmarks/seqrun,spectre,failed,Unsupported: VMEC INDATA namelist is missing,3,spectre_mhd,vmec_indata_or_spectre_toml,spectre_json,,,,,,,,
educational_VMEC/from_STELLOPT_246/Benchmarks/seqrun,vmec2000,failed,Unsupported: VMEC INDATA namelist is missing,3,vmec_family,vmec_indata,wout_netcdf,,,,,,,,
educational_VMEC/from_STELLOPT_246/Benchmarks/seqrun,vmecpp,failed,Unsupported: VMEC INDATA namelist is missing,3,vmec_family,vmec_indata,wout_netcdf,,,,,,,,
educational_VMEC/from_STELLOPT_246/Benchmarks/seqrun,vmex,failed,Unsupported: VMEC INDATA namelist is missing,3,vmec_family,vmec_indata,wout_netcdf,,,,,,,,
educational_VMEC/from_STELLOPT_246/Benchmarks/test,chease,failed,Unsupported: CHEASE requires a 2-D GEQDSK input,3,grad_shafranov,vmec_indata_via_geqdsk,geqdsk,,,,,,,,
educational_VMEC/from_STELLOPT_246/Benchmarks/test,desc,success,,3,vmec_family,vmec_indata,wout_netcdf,2.7023367425312106,0.3589707129718886,1.2247202655938725,3.106568768284408,355.3200355878298,-0.17953069607722857,276299.34,-9000000.000000002
educational_VMEC/from_STELLOPT_246/Benchmarks/test,educational_vmec,failed,Unsupported: required MGRID fixture unavailable: mgrid.tftr,3,vmec_family,vmec_indata,wout_netcdf,,,,,,,,
educational_VMEC/from_STELLOPT_246/Benchmarks/test,freegs,failed,Unsupported: FreeGS is restricted to 2-D Grad-Shafranov cases,3,grad_shafranov,vmec_indata_or_case,geqdsk,,,,,,,,
educational_VMEC/from_STELLOPT_246/Benchmarks/test,gvec,failed,Unsupported: required MGRID fixture unavailable: mgrid.tftr,3,vmec_family,vmec_indata,gvec_state,,,,,,,,
educational_VMEC/from_STELLOPT_246/Benchmarks/test,jvmec,failed,Unsupported: required MGRID fixture unavailable: mgrid.tftr,3,vmec_family,vmec_indata,wout_netcdf,,,,,,,,
educational_VMEC/from_STELLOPT_246/Benchmarks/test,parvmec,failed,Unsupported: required MGRID fixture unavailable: mgrid.tftr,3,vmec_family,vmec_indata,wout_netcdf,,,,,,,,
educational_VMEC/from_STELLOPT_246/Benchmarks/test,spec,failed,Unsupported: SPEC requires a native .sp input,3,spec_mhd,spec_namelist,spec_hdf5,,,,,,,,
educational_VMEC/from_STELLOPT_246/Benchmarks/test,spectre,failed,Unsupported: required MGRID fixture unavailable: mgrid.tftr,3,spectre_mhd,vmec_indata_or_spectre_toml,spectre_json,,,,,,,,
educational_VMEC/from_STELLOPT_246/Benchmarks/test,vmec2000,failed,Unsupported: required MGRID fixture unavailable: mgrid.tftr,3,vmec_family,vmec_indata,wout_netcdf,,,,,,,,
educational_VMEC/from_STELLOPT_246/Benchmarks/test,vmecpp,failed,Unsupported: required MGRID fixture unavailable: mgrid.tftr,3,vmec_family,vmec_indata,wout_netcdf,,,,,,,,
educational_VMEC/from_STELLOPT_246/Benchmarks/test,vmex,failed,Unsupported: required MGRID fixture unavailable: mgrid.tftr,3,vmec_family,vmec_indata,wout_netcdf,,,,,,,,
educational_VMEC/from_STELLOPT_246/Benchmarks/test14,chease,failed,Unsupported: CHEASE requires a 2-D GEQDSK input,3,grad_shafranov,vmec_indata_via_geqdsk,geqdsk,,,,,,,,
educational_VMEC/from_STELLOPT_246/Benchmarks/test14,desc,success,,3,vmec_family,vmec_indata,wout_netcdf,7.185454761712844,0.04581216032609201,2.1213203435559973,3.1129921794836832,118.43525281286878,0.14827682999993685,276299.34,1575173.4907518472
educational_VMEC/from_STELLOPT_246/Benchmarks/test14,educational_vmec,failed,Unsupported: required MGRID fixture unavailable: mgrid.tftr,3,vmec_family,vmec_indata,wout_netcdf,,,,,,,,
educational_VMEC/from_STELLOPT_246/Benchmarks/test14,freegs,failed,Unsupported: FreeGS is restricted to 2-D Grad-Shafranov cases,3,grad_shafranov,vmec_indata_or_case,geqdsk,,,,,,,,
educational_VMEC/from_STELLOPT_246/Benchmarks/test14,gvec,failed,Unsupported: required MGRID fixture unavailable: mgrid.tftr,3,vmec_family,vmec_indata,gvec_state,,,,,,,,
educational_VMEC/from_STELLOPT_246/Benchmarks/test14,jvmec,failed,Unsupported: required MGRID fixture unavailable: mgrid.tftr,3,vmec_family,vmec_indata,wout_netcdf,,,,,,,,
educational_VMEC/from_STELLOPT_246/Benchmarks/test14,parvmec,failed,Unsupported: required MGRID fixture unavailable: mgrid.tftr,3,vmec_family,vmec_indata,wout_netcdf,,,,,,,,
educational_VMEC/from_STELLOPT_246/Benchmarks/test14,spec,failed,Unsupported: SPEC requires a native .sp input,3,spec_mhd,spec_namelist,spec_hdf5,,,,,,,,
educational_VMEC/from_STELLOPT_246/Benchmarks/test14,spectre,failed,Unsupported: required MGRID fixture unavailable: mgrid.tftr,3,spectre_mhd,vmec_indata_or_spectre_toml,spectre_json,,,,,,,,
educational_VMEC/from_STELLOPT_246/Benchmarks/test14,vmec2000,failed,Unsupported: required MGRID fixture unavailable: mgrid.tftr,3,vmec_family,vmec_indata,wout_netcdf,,,,,,,,
educational_VMEC/from_STELLOPT_246/Benchmarks/test14,vmecpp,failed,Unsupported: required MGRID fixture unavailable: mgrid.tftr,3,vmec_family,vmec_indata,wout_netcdf,,,,,,,,
educational_VMEC/from_STELLOPT_246/Benchmarks/test14,vmex,failed,Unsupported: required MGRID fixture unavailable: mgrid.tftr,3,vmec_family,vmec_indata,wout_netcdf,,,,,,,,
educational_VMEC/from_STELLOPT_246/Benchmarks/test_opt0,chease,failed,Unsupported: CHEASE requires a 2-D GEQDSK input,3,grad_shafranov,vmec_indata_via_geqdsk,geqdsk,,,,,,,,
educational_VMEC/from_STELLOPT_246/Benchmarks/test_opt0,desc,success,,3,vmec_family,vmec_indata,wout_netcdf,0.10813107707973599,0.003964012520180604,14.094804647157309,2.0525140175343184,0.831358642270702,0.47657623338677035,32208.204699999995,1.362172828235286e-11
educational_VMEC/from_STELLOPT_246/Benchmarks/test_opt0,educational_vmec,failed,Unsupported: required MGRID fixture unavailable: mgrid_w7as.nc,3,vmec_family,vmec_indata,wout_netcdf,,,,,,,,
educational_VMEC/from_STELLOPT_246/Benchmarks/test_opt0,freegs,failed,Unsupported: FreeGS is restricted to 2-D Grad-Shafranov cases,3,grad_shafranov,vmec_indata_or_case,geqdsk,,,,,,,,
educational_VMEC/from_STELLOPT_246/Benchmarks/test_opt0,gvec,failed,Unsupported: required MGRID fixture unavailable: mgrid_w7as.nc,3,vmec_family,vmec_indata,gvec_state,,,,,,,,
educational_VMEC/from_STELLOPT_246/Benchmarks/test_opt0,jvmec,failed,Unsupported: required MGRID fixture unavailable: mgrid_w7as.nc,3,vmec_family,vmec_indata,wout_netcdf,,,,,,,,
educational_VMEC/from_STELLOPT_246/Benchmarks/test_opt0,parvmec,failed,Unsupported: required MGRID fixture unavailable: mgrid_w7as.nc,3,vmec_family,vmec_indata,wout_netcdf,,,,,,,,
educational_VMEC/from_STELLOPT_246/Benchmarks/test_opt0,spec,failed,Unsupported: SPEC requires a native .sp input,3,spec_mhd,spec_namelist,spec_hdf5,,,,,,,,
educational_VMEC/from_STELLOPT_246/Benchmarks/test_opt0,spectre,failed,Unsupported: required MGRID fixture unavailable: mgrid_w7as.nc,3,spectre_mhd,vmec_indata_or_spectre_toml,spectre_json,,,,,,,,
educational_VMEC/from_STELLOPT_246/Benchmarks/test_opt0,vmec2000,failed,Unsupported: required MGRID fixture unavailable: mgrid_w7as.nc,3,vmec_family,vmec_indata,wout_netcdf,,,,,,,,
educational_VMEC/from_STELLOPT_246/Benchmarks/test_opt0,vmecpp,failed,Unsupported: required MGRID fixture unavailable: mgrid_w7as.nc,3,vmec_family,vmec_indata,wout_netcdf,,,,,,,,
educational_VMEC/from_STELLOPT_246/Benchmarks/test_opt0,vmex,failed,Unsupported: required MGRID fixture unavailable: mgrid_w7as.nc,3,vmec_family,vmec_indata,wout_netcdf,,,,,,,,
educational_VMEC/from_STELLOPT_246/Benchmarks/tichman,chease,failed,Unsupported: CHEASE requires a 2-D GEQDSK input,3,grad_shafranov,vmec_indata_via_geqdsk,geqdsk,,,,,,,,
educational_VMEC/from_STELLOPT_246/Benchmarks/tichman,desc,success,,3,vmec_family,vmec_indata,wout_netcdf,1.0610204130644652,0.005552603295850902,2.5143771221130775,1.6457812571229733,12.025829317942282,0.18236259999919607,55912.5528,765242.950229536
educational_VMEC/from_STELLOPT_246/Benchmarks/tichman,educational_vmec,failed,Unsupported: required MGRID fixture unavailable: ../../../MAKEGRID/Examples/mgrid_tichman.nc,3,vmec_family,vmec_indata,wout_netcdf,,,,,,,,
educational_VMEC/from_STELLOPT_246/Benchmarks/tichman,freegs,failed,Unsupported: FreeGS is restricted to 2-D Grad-Shafranov cases,3,grad_shafranov,vmec_indata_or_case,geqdsk,,,,,,,,
educational_VMEC/from_STELLOPT_246/Benchmarks/tichman,gvec,failed,Unsupported: required MGRID fixture unavailable: ../../../MAKEGRID/Examples/mgrid_tichman.nc,3,vmec_family,vmec_indata,gvec_state,,,,,,,,
educational_VMEC/from_STELLOPT_246/Benchmarks/tichman,jvmec,failed,Unsupported: required MGRID fixture unavailable: ../../../MAKEGRID/Examples/mgrid_tichman.nc,3,vmec_family,vmec_indata,wout_netcdf,,,,,,,,
educational_VMEC/from_STELLOPT_246/Benchmarks/tichman,parvmec,failed,Unsupported: required MGRID fixture unavailable: ../../../MAKEGRID/Examples/mgrid_tichman.nc,3,vmec_family,vmec_indata,wout_netcdf,,,,,,,,
educational_VMEC/from_STELLOPT_246/Benchmarks/tichman,spec,failed,Unsupported: SPEC requires a native .sp input,3,spec_mhd,spec_namelist,spec_hdf5,,,,,,,,
educational_VMEC/from_STELLOPT_246/Benchmarks/tichman,spectre,failed,Unsupported: required MGRID fixture unavailable: ../../../MAKEGRID/Examples/mgrid_tichman.nc,3,spectre_mhd,vmec_indata_or_spectre_toml,spectre_json,,,,,,,,
educational_VMEC/from_STELLOPT_246/Benchmarks/tichman,vmec2000,failed,Unsupported: required MGRID fixture unavailable: ../../../MAKEGRID/Examples/mgrid_tichman.nc,3,vmec_family,vmec_indata,wout_netcdf,,,,,,,,
educational_VMEC/from_STELLOPT_246/Benchmarks/tichman,vmecpp,failed,Unsupported: required MGRID fixture unavailable: ../../../MAKEGRID/Examples/mgrid_tichman.nc,3,vmec_family,vmec_indata,wout_netcdf,,,,,,,,
educational_VMEC/from_STELLOPT_246/Benchmarks/tichman,vmex,failed,Unsupported: required MGRID fixture unavailable: ../../../MAKEGRID/Examples/mgrid_tichman.nc,3,vmec_family,vmec_indata,wout_netcdf,,,,,,,,
educational_VMEC/from_STELLOPT_246/Benchmarks/tichman_orig,chease,failed,Unsupported: CHEASE requires a 2-D GEQDSK input,3,grad_shafranov,vmec_indata_via_geqdsk,geqdsk,,,,,,,,
educational_VMEC/from_STELLOPT_246/Benchmarks/tichman_orig,desc,success,,3,vmec_family,vmec_indata,wout_netcdf,1.061018525181401,0.005544437002921574,2.5144039828144296,1.6436165842246315,12.026204315892478,0.18236259999919607,55912.55279999999,754587.4716158913
educational_VMEC/from_STELLOPT_246/Benchmarks/tichman_orig,educational_vmec,success,,3,vmec_family,vmec_indata,wout_netcdf,1.0610038464842142,0.005523988074953421,2.514403982816402,1.6335354776096105,12.02620431590192,0.18276499465840568,55868.681588620944,757794.7926139442
educational_VMEC/from_STELLOPT_246/Benchmarks/tichman_orig,freegs,failed,Unsupported: FreeGS is restricted to 2-D Grad-Shafranov cases,3,grad_shafranov,vmec_indata_or_case,geqdsk,,,,,,,,
educational_VMEC/from_STELLOPT_246/Benchmarks/tichman_orig,gvec,success,,3,vmec_family,vmec_indata,gvec_state,,,2.5144304454462705,1.64904759274439,12.0259785564129,-0.182380044040867,55912.55275,
educational_VMEC/from_STELLOPT_246/Benchmarks/tichman_orig,jvmec,success,,3,vmec_family,vmec_indata,wout_netcdf,1.061022893294242,0.0,2.5144039828164084,1.6486873586924675,12.026204315901944,0.18276499465840568,0.0,787221.7879199536
educational_VMEC/from_STELLOPT_246/Benchmarks/tichman_orig,parvmec,failed,No VMEC NetCDF output produced by PARVMEC,3,vmec_family,vmec_indata,wout_netcdf,,,,,,,,
educational_VMEC/from_STELLOPT_246/Benchmarks/tichman_orig,spec,failed,Unsupported: SPEC requires a native .sp input,3,spec_mhd,spec_namelist,spec_hdf5,,,,,,,,
educational_VMEC/from_STELLOPT_246/Benchmarks/tichman_orig,spectre,success,,3,spectre_mhd,vmec_indata_or_spectre_toml,spectre_json,,,,,,,,
educational_VMEC/from_STELLOPT_246/Benchmarks/tichman_orig,vmec2000,failed,No wout file found (likely failed to converge),3,vmec_family,vmec_indata,wout_netcdf,,,,,,,,
educational_VMEC/from_STELLOPT_246/Benchmarks/tichman_orig,vmecpp,failed,Run failed,3,vmec_family,vmec_indata,wout_netcdf,,,,,,,,
educational_VMEC/from_STELLOPT_246/Benchmarks/tichman_orig,vmex,failed,Run failed,3,vmec_family,vmec_indata,wout_netcdf,,,,,,,,
educational_VMEC/from_STELLOPT_246/Benchmarks/uragon,chease,failed,Unsupported: CHEASE requires a 2-D GEQDSK input,3,grad_shafranov,vmec_indata_via_geqdsk,geqdsk,,,,,,,,
educational_VMEC/from_STELLOPT_246/Benchmarks/uragon,desc,success,,3,vmec_family,vmec_indata,wout_netcdf,2.986018458896179e-05,0.008804209541551936,8.669333591421706,0.9872083754503853,0.2461087215155349,-0.5666451586915147,100.0,4.943369134724828e-13
educational_VMEC/from_STELLOPT_246/Benchmarks/uragon,educational_vmec,success,,3,vmec_family,vmec_indata,wout_netcdf,2.986043849733886e-05,8.348665279236745e-05,8.669333591415691,0.9843303729633107,0.24610872151536636,-0.5999073536411654,0.9450156074317692,-1.5246593050577406e-12
educational_VMEC/from_STELLOPT_246/Benchmarks/uragon,freegs,failed,Unsupported: FreeGS is restricted to 2-D Grad-Shafranov cases,3,grad_shafranov,vmec_indata_or_case,geqdsk,,,,,,,,
educational_VMEC/from_STELLOPT_246/Benchmarks/uragon,gvec,success,,3,vmec_family,vmec_indata,gvec_state,,,8.66933359141572,1.04796243651429,0.246108721515366,0.509645248958514,100.0,
educational_VMEC/from_STELLOPT_246/Benchmarks/uragon,jvmec,success,,3,vmec_family,vmec_indata,wout_netcdf,2.9858599619055073e-05,0.0,8.39077492824081,1.0201805979652623,0.2638682832589547,-0.5657699543546832,0.0,-5.058904277476309e-12
educational_VMEC/from_STELLOPT_246/Benchmarks/uragon,parvmec,success,,3,vmec_family,vmec_indata,wout_netcdf,2.985859872015352e-05,8.096700636601931e-05,8.669333591415691,1.0201938887314788,0.24610872151536636,-0.5657601385983078,0.8161886026971817,2.2742834633777964e-12
educational_VMEC/from_STELLOPT_246/Benchmarks/uragon,spec,failed,Unsupported: SPEC requires a native .sp input,3,spec_mhd,spec_namelist,spec_hdf5,,,,,,,,
educational_VMEC/from_STELLOPT_246/Benchmarks/uragon,spectre,failed,Run failed,3,spectre_mhd,vmec_indata_or_spectre_toml,spectre_json,,,,,,,,
educational_VMEC/from_STELLOPT_246/Benchmarks/uragon,vmec2000,success,,3,vmec_family,vmec_indata,wout_netcdf,2.9858598720153402e-05,8.096700636572277e-05,8.669333591415691,1.0201938887431061,0.24610872151536636,-0.5657601385972506,0.8161886026581281,5.484538333471595e-13
educational_VMEC/from_STELLOPT_246/Benchmarks/uragon,vmecpp,success,,3,vmec_family,vmec_indata,wout_netcdf,2.9858598920296713e-05,8.096721667866947e-05,8.669333591415754,1.0201906706628925,0.24610872151536659,-0.5657640708812128,0.8161994634171201,-5.139372407465467e-12
educational_VMEC/from_STELLOPT_246/Benchmarks/uragon,vmex,success,,3,vmec_family,vmec_indata,wout_netcdf,2.985859872015349e-05,8.096700636612947e-05,8.669333591415763,1.0201938887273476,0.24610872151536653,-0.56576013859829,0.8161886027113,4.3198680309969317e-13
educational_VMEC/from_STELLOPT_246/Benchmarks/vinotron,chease,failed,Unsupported: CHEASE requires a 2-D GEQDSK input,3,grad_shafranov,vmec_indata_via_geqdsk,geqdsk,,,,,,,,
educational_VMEC/from_STELLOPT_246/Benchmarks/vinotron,desc,success,,3,vmec_family,vmec_indata,wout_netcdf,4.493482012724216,0.000380249028471082,10.662115531794196,10.29449414534933,203.26005689350495,2.823552105454837,795.8,-5.132315688318755e-10
educational_VMEC/from_STELLOPT_246/Benchmarks/vinotron,educational_vmec,success,,3,vmec_family,vmec_indata,wout_netcdf,4.4923369811988865,0.0003872960471911666,10.6621155317981,10.35036727272599,203.26005689357953,2.7991847855641723,799.5769052600041,-5.00901403688303e-10
educational_VMEC/from_STELLOPT_246/Benchmarks/vinotron,freegs,failed,Unsupported: FreeGS is restricted to 2-D Grad-Shafranov cases,3,grad_shafranov,vmec_indata_or_case,geqdsk,,,,,,,,
educational_VMEC/from_STELLOPT_246/Benchmarks/vinotron,gvec,failed,Run failed,3,vmec_family,vmec_indata,gvec_state,,,,,,,,
educational_VMEC/from_STELLOPT_246/Benchmarks/vinotron,jvmec,success,,3,vmec_family,vmec_indata,wout_netcdf,4.492287615914618,0.0,10.640915659713295,10.355859939852094,202.54929991189604,2.7995081654094656,0.0,-7.806255641895632e-10
educational_VMEC/from_STELLOPT_246/Benchmarks/vinotron,parvmec,success,,3,vmec_family,vmec_indata,wout_netcdf,4.492286646181164,0.0003867899151209952,10.6621155317981,10.355803984544735,203.26005689357953,2.7995514322838693,800.2183283970018,-8.239936510889832e-11
educational_VMEC/from_STELLOPT_246/Benchmarks/vinotron,spec,failed,Unsupported: SPEC requires a native .sp input,3,spec_mhd,spec_namelist,spec_hdf5,,,,,,,,
educational_VMEC/from_STELLOPT_246/Benchmarks/vinotron,spectre,failed,Run failed,3,spectre_mhd,vmec_indata_or_spectre_toml,spectre_json,,,,,,,,
educational_VMEC/from_STELLOPT_246/Benchmarks/vinotron,vmec2000,success,,3,vmec_family,vmec_indata,wout_netcdf,4.492286646181159,0.000386789915120487,10.6621155317981,10.355803984541264,203.26005689357953,2.799551432286958,800.2183283985872,2.3917499925030228e-09
educational_VMEC/from_STELLOPT_246/Benchmarks/vinotron,vmecpp,success,,3,vmec_family,vmec_indata,wout_netcdf,4.492286423354183,0.0003867891791114291,10.662115531798122,10.355780658482661,203.26005689357999,2.7995058968860644,800.2261781154365,-2.732189474663471e-09
educational_VMEC/from_STELLOPT_246/Benchmarks/vinotron,vmex,success,,3,vmec_family,vmec_indata,wout_netcdf,4.492286646181176,0.00038678991512307705,10.662115531798142,10.355803984554619,203.26005689357987,2.799551432275944,800.2183283923935,3.816391647148975e-10
educational_VMEC/from_STELLOPT_246/Benchmarks/vinotron.m8,chease,failed,Unsupported: CHEASE requires a 2-D GEQDSK input,3,grad_shafranov,vmec_indata_via_geqdsk,geqdsk,,,,,,,,
educational_VMEC/from_STELLOPT_246/Benchmarks/vinotron.m8,desc,success,,3,vmec_family,vmec_indata,wout_netcdf,4.493121094430516,0.00037958300475446485,10.662042056851885,10.256555316958494,203.26282257215726,2.6995553131228354,795.8,1.4061138872106176e-10
educational_VMEC/from_STELLOPT_246/Benchmarks/vinotron.m8,educational_vmec,success,,3,vmec_family,vmec_indata,wout_netcdf,4.492301808103023,0.0003872695398913186,10.662042056849096,10.353064789689409,203.2628225721037,2.7955016995973514,798.6696829149578,1.962405932198763e-10
educational_VMEC/from_STELLOPT_246/Benchmarks/vinotron.m8,freegs,failed,Unsupported: FreeGS is restricted to 2-D Grad-Shafranov cases,3,grad_shafranov,vmec_indata_or_case,geqdsk,,,,,,,,
educational_VMEC/from_STELLOPT_246/Benchmarks/vinotron.m8,gvec,failed,Run failed,3,vmec_family,vmec_indata,gvec_state,,,,,,,,
educational_VMEC/from_STELLOPT_246/Benchmarks/vinotron.m8,jvmec,success,,3,vmec_family,vmec_indata,wout_netcdf,4.4922414371684445,0.0,10.640843065848355,10.356279569672417,202.55206285550756,2.8002539159468087,0.0,-1.7520707107365752e-09
educational_VMEC/from_STELLOPT_246/Benchmarks/vinotron.m8,parvmec,success,,3,vmec_family,vmec_indata,wout_netcdf,4.492240749440637,0.0003867185831287844,10.662042056849096,10.356316371055463,203.26282257210363,2.800160559041011,799.8715933781112,1.207801220148852e-09
educational_VMEC/from_STELLOPT_246/Benchmarks/vinotron.m8,spec,failed,Unsupported: SPEC requires a native .sp input,3,spec_mhd,spec_namelist,spec_hdf5,,,,,,,,
educational_VMEC/from_STELLOPT_246/Benchmarks/vinotron.m8,spectre,failed,Run failed,3,spectre_mhd,vmec_indata_or_spectre_toml,spectre_json,,,,,,,,
educational_VMEC/from_STELLOPT_246/Benchmarks/vinotron.m8,vmec2000,success,,3,vmec_family,vmec_indata,wout_netcdf,4.49224074944063,0.00038671858312774507,10.662042056849096,10.356316371049314,203.2628225721037,2.800160559057116,799.8715933804317,9.75781955236954e-11
educational_VMEC/from_STELLOPT_246/Benchmarks/vinotron.m8,vmecpp,success,,3,vmec_family,vmec_indata,wout_netcdf,4.492240488345259,0.0003867173529092512,10.662042056849073,10.356319336845592,203.26282257210391,2.800165680729165,799.8731501657564,-2.1347940776239582e-09
educational_VMEC/from_STELLOPT_246/Benchmarks/vinotron.m8,vmex,success,,3,vmec_family,vmec_indata,wout_netcdf,4.492240749440624,0.000386718583125708,10.662042056849106,10.356316371038435,203.2628225721043,2.8001605590924896,799.8715933841919,-7.28583859910259e-10
educational_VMEC/from_STELLOPT_246/Benchmarks/vinotron14,chease,failed,Unsupported: CHEASE requires a 2-D GEQDSK input,3,grad_shafranov,vmec_indata_via_geqdsk,geqdsk,,,,,,,,
educational_VMEC/from_STELLOPT_246/Benchmarks/vinotron14,desc,success,,3,vmec_family,vmec_indata,wout_netcdf,4.493482012724216,0.000380249028471082,10.662115531794196,10.29449414534933,203.26005689350495,2.823552105454837,795.8,-5.132315688318755e-10
educational_VMEC/from_STELLOPT_246/Benchmarks/vinotron14,educational_vmec,success,,3,vmec_family,vmec_indata,wout_netcdf,4.4923369811988865,0.0003872960471911666,10.6621155317981,10.35036727272599,203.26005689357953,2.7991847855641723,799.5769052600041,-5.00901403688303e-10
educational_VMEC/from_STELLOPT_246/Benchmarks/vinotron14,freegs,failed,Unsupported: FreeGS is restricted to 2-D Grad-Shafranov cases,3,grad_shafranov,vmec_indata_or_case,geqdsk,,,,,,,,
educational_VMEC/from_STELLOPT_246/Benchmarks/vinotron14,gvec,failed,Run failed,3,vmec_family,vmec_indata,gvec_state,,,,,,,,
educational_VMEC/from_STELLOPT_246/Benchmarks/vinotron14,jvmec,success,,3,vmec_family,vmec_indata,wout_netcdf,4.4922861775760845,0.0,10.640915659713295,10.355536353158284,202.54929991189604,2.8000632091129027,0.0,8.890457814381135e-10
educational_VMEC/from_STELLOPT_246/Benchmarks/vinotron14,parvmec,success,,3,vmec_family,vmec_indata,wout_netcdf,4.492279559315135,0.0003867524072769887,10.6621155317981,10.356133885255634,203.26005689357953,2.8000059422159564,800.102942740969,2.0209528495129803e-09
educational_VMEC/from_STELLOPT_246/Benchmarks/vinotron14,spec,failed,Unsupported: SPEC requires a native .sp input,3,spec_mhd,spec_namelist,spec_hdf5,,,,,,,,
educational_VMEC/from_STELLOPT_246/Benchmarks/vinotron14,spectre,failed,Run failed,3,spectre_mhd,vmec_indata_or_spectre_toml,spectre_json,,,,,,,,
educational_VMEC/from_STELLOPT_246/Benchmarks/vinotron14,vmec2000,success,,3,vmec_family,vmec_indata,wout_netcdf,4.492279559309314,0.000386752406428123,10.6621155317981,10.35613388303286,203.26005689357953,2.8000059413495193,800.1029372826325,-5.442694905877232e-10
educational_VMEC/from_STELLOPT_246/Benchmarks/vinotron14,vmecpp,success,,3,vmec_family,vmec_indata,wout_netcdf,4.492286261800047,0.0003867636778823774,10.662115531798122,10.355586424732106,203.26005689357999,2.7995285890876715,800.3082498266825,-2.949029909160572e-10
educational_VMEC/from_STELLOPT_246/Benchmarks/vinotron14,vmex,success,,3,vmec_family,vmec_indata,wout_netcdf,4.492288920974404,0.0003867762259797857,10.662115531798142,10.35579189174068,203.26005689357987,2.7995384891460597,800.2186814802858,-1.474514954580286e-10
educational_VMEC/from_STELLOPT_246/Benchmarks/w7as_scaled,chease,failed,Unsupported: CHEASE requires a 2-D GEQDSK input,3,grad_shafranov,vmec_indata_via_geqdsk,geqdsk,,,,,,,,
educational_VMEC/from_STELLOPT_246/Benchmarks/w7as_scaled,desc,success,,3,vmec_family,vmec_indata,wout_netcdf,0.08407627606228744,0.005783936764057166,12.77477242126582,2.0470940980916406,1.0160283089611672,0.37172316996999955,30000.000000000007,-4.174400602656521e-12
educational_VMEC/from_STELLOPT_246/Benchmarks/w7as_scaled,educational_vmec,failed,Unsupported: required MGRID fixture unavailable: mgrid_w7as.nc,3,vmec_family,vmec_indata,wout_netcdf,,,,,,,,
educational_VMEC/from_STELLOPT_246/Benchmarks/w7as_scaled,freegs,failed,Unsupported: FreeGS is restricted to 2-D Grad-Shafranov cases,3,grad_shafranov,vmec_indata_or_case,geqdsk,,,,,,,,
educational_VMEC/from_STELLOPT_246/Benchmarks/w7as_scaled,gvec,failed,Unsupported: required MGRID fixture unavailable: mgrid_w7as.nc,3,vmec_family,vmec_indata,gvec_state,,,,,,,,
educational_VMEC/from_STELLOPT_246/Benchmarks/w7as_scaled,jvmec,failed,Unsupported: required MGRID fixture unavailable: mgrid_w7as.nc,3,vmec_family,vmec_indata,wout_netcdf,,,,,,,,
educational_VMEC/from_STELLOPT_246/Benchmarks/w7as_scaled,parvmec,failed,Unsupported: required MGRID fixture unavailable: mgrid_w7as.nc,3,vmec_family,vmec_indata,wout_netcdf,,,,,,,,
educational_VMEC/from_STELLOPT_246/Benchmarks/w7as_scaled,spec,failed,Unsupported: SPEC requires a native .sp input,3,spec_mhd,spec_namelist,spec_hdf5,,,,,,,,
educational_VMEC/from_STELLOPT_246/Benchmarks/w7as_scaled,spectre,failed,Unsupported: required MGRID fixture unavailable: mgrid_w7as.nc,3,spectre_mhd,vmec_indata_or_spectre_toml,spectre_json,,,,,,,,
educational_VMEC/from_STELLOPT_246/Benchmarks/w7as_scaled,vmec2000,failed,Unsupported: required MGRID fixture unavailable: mgrid_w7as.nc,3,vmec_family,vmec_indata,wout_netcdf,,,,,,,,
educational_VMEC/from_STELLOPT_246/Benchmarks/w7as_scaled,vmecpp,failed,Unsupported: required MGRID fixture unavailable: mgrid_w7as.nc,3,vmec_family,vmec_indata,wout_netcdf,,,,,,,,
educational_VMEC/from_STELLOPT_246/Benchmarks/w7as_scaled,vmex,failed,Unsupported: required MGRID fixture unavailable: mgrid_w7as.nc,3,vmec_family,vmec_indata,wout_netcdf,,,,,,,,
educational_VMEC/from_STELLOPT_246/Benchmarks/w7s,chease,failed,Unsupported: CHEASE requires a 2-D GEQDSK input,3,grad_shafranov,vmec_indata_via_geqdsk,geqdsk,,,,,,,,
educational_VMEC/from_STELLOPT_246/Benchmarks/w7s,desc,success,,3,vmec_family,vmec_indata,wout_netcdf,5.42785177511139,0.003910006633786339,20.335577651042,19.301549581508468,332.85775126973556,0.47807130400715475,3980.0,-2.7463161859582376e-11
educational_VMEC/from_STELLOPT_246/Benchmarks/w7s,educational_vmec,success,,3,vmec_family,vmec_indata,wout_netcdf,5.427852112989588,0.005038230313856363,20.33557765104181,19.10929033263106,332.85775126973465,0.508653469913054,5159.579888643023,-3.6591823321385775e-11
educational_VMEC/from_STELLOPT_246/Benchmarks/w7s,freegs,failed,Unsupported: FreeGS is restricted to 2-D Grad-Shafranov cases,3,grad_shafranov,vmec_indata_or_case,geqdsk,,,,,,,,
educational_VMEC/from_STELLOPT_246/Benchmarks/w7s,gvec,success,,3,vmec_family,vmec_indata,gvec_state,,,20.335577651042023,19.3020755695398,332.857751269735,-0.473168862338267,3980.0,
educational_VMEC/from_STELLOPT_246/Benchmarks/w7s,jvmec,success,,3,vmec_family,vmec_indata,wout_netcdf,5.4278876294462926,0.0,20.33558052727545,19.324426807175215,332.8575333430877,0.4535373353890501,0.0,-2.440810140807992e-10
educational_VMEC/from_STELLOPT_246/Benchmarks/w7s,parvmec,success,,3,vmec_family,vmec_indata,wout_netcdf,5.427886061650062,0.004996811944528106,20.33557765104181,19.320767282919622,332.85775126973465,0.45414042952899913,4936.940160819677,-1.9190378452993428e-10
educational_VMEC/from_STELLOPT_246/Benchmarks/w7s,spec,failed,Unsupported: SPEC requires a native .sp input,3,spec_mhd,spec_namelist,spec_hdf5,,,,,,,,
educational_VMEC/from_STELLOPT_246/Benchmarks/w7s,spectre,success,,3,spectre_mhd,vmec_indata_or_spectre_toml,spectre_json,,,,,,,,
educational_VMEC/from_STELLOPT_246/Benchmarks/w7s,vmec2000,success,,3,vmec_family,vmec_indata,wout_netcdf,5.427886061650147,0.00499681194450926,20.33557765104181,19.3207672832046,332.85775126973465,0.4541404295009167,4936.940160526231,-1.484001723589534e-10
educational_VMEC/from_STELLOPT_246/Benchmarks/w7s,vmecpp,success,,3,vmec_family,vmec_indata,wout_netcdf,5.427888445964063,0.00499636220081141,20.335577651041962,19.329068437915346,332.85775126973533,0.4531536208448237,4928.392932846578,-2.2632720350634905e-11
educational_VMEC/from_STELLOPT_246/Benchmarks/w7s,vmex,success,,3,vmec_family,vmec_indata,wout_netcdf,5.427886061650116,0.004996811944517008,20.335577651041987,19.320767282972124,332.8577512697356,0.45414042951484784,4936.940160765385,-8.944667923005412e-12
educational_VMEC/from_STELLOPT_246/Benchmarks/w7s.m9,chease,failed,Unsupported: CHEASE requires a 2-D GEQDSK input,3,grad_shafranov,vmec_indata_via_geqdsk,geqdsk,,,,,,,,
educational_VMEC/from_STELLOPT_246/Benchmarks/w7s.m9,desc,success,,3,vmec_family,vmec_indata,wout_netcdf,5.427859300805921,0.003911514420736665,20.33557765104202,19.307631877424548,332.8577512697354,0.47230554807950154,3980.0,5.932042961669794e-11
educational_VMEC/from_STELLOPT_246/Benchmarks/w7s.m9,educational_vmec,success,,3,vmec_family,vmec_indata,wout_netcdf,5.427849382243181,0.0050382999688286184,20.33557765104183,19.109131794303636,332.857751269735,0.5102886423977779,5159.508397363065,-1.1587410718438829e-10
educational_VMEC/from_STELLOPT_246/Benchmarks/w7s.m9,freegs,failed,Unsupported: FreeGS is restricted to 2-D Grad-Shafranov cases,3,grad_shafranov,vmec_indata_or_case,geqdsk,,,,,,,,
educational_VMEC/from_STELLOPT_246/Benchmarks/w7s.m9,gvec,success,,3,vmec_family,vmec_indata,gvec_state,,,20.335577651042044,19.3042981502347,332.857751269735,-0.473327812401016,3980.0,
educational_VMEC/from_STELLOPT_246/Benchmarks/w7s.m9,jvmec,success,,3,vmec_family,vmec_indata,wout_netcdf,5.427888579394704,0.0,20.335580527275514,19.320890847709357,332.8575333430884,0.4529222473231497,0.0,9.378348791999612e-11
educational_VMEC/from_STELLOPT_246/Benchmarks/w7s.m9,parvmec,success,,3,vmec_family,vmec_indata,wout_netcdf,5.427887602872703,0.00499652769804778,20.33557765104183,19.31791540480768,332.857751269735,0.45329553418565194,4939.807068974174,-2.5885326868091418e-11
educational_VMEC/from_STELLOPT_246/Benchmarks/w7s.m9,spec,failed,Unsupported: SPEC requires a native .sp input,3,spec_mhd,spec_namelist,spec_hdf5,,,,,,,,
educational_VMEC/from_STELLOPT_246/Benchmarks/w7s.m9,spectre,failed,Run failed,3,spectre_mhd,vmec_indata_or_spectre_toml,spectre_json,,,,,,,,
educational_VMEC/from_STELLOPT_246/Benchmarks/w7s.m9,vmec2000,success,,3,vmec_family,vmec_indata,wout_netcdf,5.427887602872729,0.004996527698056211,20.33557765104183,19.31791540460326,332.857751269735,0.4532955341997459,4939.807069184852,6.715277205832093e-11
educational_VMEC/from_STELLOPT_246/Benchmarks/w7s.m9,vmecpp,success,,3,vmec_family,vmec_indata,wout_netcdf,5.427888526858363,0.004996344331528314,20.335577651041934,19.328953311071277,332.8577512697359,0.4528962352686696,4928.431966180364,-4.038653092508504e-11
educational_VMEC/from_STELLOPT_246/Benchmarks/w7s.m9,vmex,success,,3,vmec_family,vmec_indata,wout_netcdf,5.427887602872813,0.004996527698037705,20.335577651041913,19.31791540497436,332.85775126973533,0.45329553416469814,4939.807068801874,5.95633568509224e-11
educational_VMEC/from_STELLOPT_246/Benchmarks/w7s14,chease,failed,Unsupported: CHEASE requires a 2-D GEQDSK input,3,grad_shafranov,vmec_indata_via_geqdsk,geqdsk,,,,,,,,
educational_VMEC/from_STELLOPT_246/Benchmarks/w7s14,desc,success,,3,vmec_family,vmec_indata,wout_netcdf,5.42785177511139,0.003910006633786339,20.335577651042,19.301549581508468,332.85775126973556,0.47807130400715475,3980.0,-2.7463161859582376e-11
educational_VMEC/from_STELLOPT_246/Benchmarks/w7s14,educational_vmec,success,,3,vmec_family,vmec_indata,wout_netcdf,5.427852112989588,0.005038230313856363,20.33557765104181,19.10929033263106,332.85775126973465,0.508653469913054,5159.579888643023,-3.6591823321385775e-11
educational_VMEC/from_STELLOPT_246/Benchmarks/w7s14,freegs,failed,Unsupported: FreeGS is restricted to 2-D Grad-Shafranov cases,3,grad_shafranov,vmec_indata_or_case,geqdsk,,,,,,,,
educational_VMEC/from_STELLOPT_246/Benchmarks/w7s14,gvec,success,,3,vmec_family,vmec_indata,gvec_state,,,20.335577651042023,19.3020755695398,332.857751269735,-0.473168862338267,3980.0,
educational_VMEC/from_STELLOPT_246/Benchmarks/w7s14,jvmec,success,,3,vmec_family,vmec_indata,wout_netcdf,5.427888631957313,0.0,20.33558052727545,19.32996095714859,332.8575333430877,0.4530505284146139,0.0,1.1113072267976419e-10
educational_VMEC/from_STELLOPT_246/Benchmarks/w7s14,parvmec,success,,3,vmec_family,vmec_indata,wout_netcdf,5.4278886551805785,0.004996317242528121,20.33557765104181,19.330091560813294,332.85775126973465,0.4530352580773289,4927.34843403084,1.0123737785583396e-10
educational_VMEC/from_STELLOPT_246/Benchmarks/w7s14,spec,failed,Unsupported: SPEC requires a native .sp input,3,spec_mhd,spec_namelist,spec_hdf5,,,,,,,,
educational_VMEC/from_STELLOPT_246/Benchmarks/w7s14,spectre,success,,3,spectre_mhd,vmec_indata_or_spectre_toml,spectre_json,,,,,,,,
educational_VMEC/from_STELLOPT_246/Benchmarks/w7s14,vmec2000,success,,3,vmec_family,vmec_indata,wout_netcdf,5.427888655178212,0.004996317243011763,20.33557765104181,19.330091561430635,332.85775126973465,0.4530352584666097,4927.348429271456,-7.995991022080595e-11
educational_VMEC/from_STELLOPT_246/Benchmarks/w7s14,vmecpp,success,,3,vmec_family,vmec_indata,wout_netcdf,5.427888674175115,0.004996320072021759,20.335577651041962,19.32995644806949,332.85775126973533,0.45302610782821034,4927.478977851555,1.2766480581016815e-10
educational_VMEC/from_STELLOPT_246/Benchmarks/w7s14,vmex,success,,3,vmec_family,vmec_indata,wout_netcdf,5.427888643242078,0.004996320376144889,20.335577651041987,19.330023301363823,332.8577512697356,0.4530459434029901,4927.413550460328,-2.2226144535952838e-11
educational_VMEC/from_STELLOPT_246/Benchmarks/w7s20,chease,failed,Unsupported: CHEASE requires a 2-D GEQDSK input,3,grad_shafranov,vmec_indata_via_geqdsk,geqdsk,,,,,,,,
educational_VMEC/from_STELLOPT_246/Benchmarks/w7s20,desc,success,,3,vmec_family,vmec_indata,wout_netcdf,5.427849850521067,0.003909608509350997,20.335577651042023,19.298759159979767,332.8577512697354,0.47900217121801214,3980.0,-4.8774575462618304e-11
educational_VMEC/from_STELLOPT_246/Benchmarks/w7s20,educational_vmec,success,,3,vmec_family,vmec_indata,wout_netcdf,5.4278541136157195,0.005038504851834528,20.335577651041913,19.10828721648055,332.85775126973584,0.507704741368487,5160.7675625783395,-9.622294280808852e-12
educational_VMEC/from_STELLOPT_246/Benchmarks/w7s20,freegs,failed,Unsupported: FreeGS is restricted to 2-D Grad-Shafranov cases,3,grad_shafranov,vmec_indata_or_case,geqdsk,,,,,,,,
educational_VMEC/from_STELLOPT_246/Benchmarks/w7s20,gvec,success,,3,vmec_family,vmec_indata,gvec_state,,,20.335577651042044,19.3024138501885,332.857751269735,-0.473186836414914,3980.0,
educational_VMEC/from_STELLOPT_246/Benchmarks/w7s20,jvmec,success,,3,vmec_family,vmec_indata,wout_netcdf,5.427888663568125,0.0,20.33558052727545,19.330072957680574,332.85753334308765,0.45301809190990217,0.0,-9.947554932554503e-11
educational_VMEC/from_STELLOPT_246/Benchmarks/w7s20,parvmec,success,,3,vmec_family,vmec_indata,wout_netcdf,5.4278886778126525,0.004996317864040094,20.335577651041913,19.33000175400783,332.85775126973584,0.45301796761560875,4927.432274044681,1.1194387430912833e-10
educational_VMEC/from_STELLOPT_246/Benchmarks/w7s20,spec,failed,Unsupported: SPEC requires a native .sp input,3,spec_mhd,spec_namelist,spec_hdf5,,,,,,,,
educational_VMEC/from_STELLOPT_246/Benchmarks/w7s20,spectre,failed,Run failed,3,spectre_mhd,vmec_indata_or_spectre_toml,spectre_json,,,,,,,,
educational_VMEC/from_STELLOPT_246/Benchmarks/w7s20,vmec2000,success,,3,vmec_family,vmec_indata,wout_netcdf,5.427888677813204,0.0049963178639363375,20.335577651041913,19.330001751400687,332.85775126973584,0.45301796590212895,4927.432276727177,1.9312351197398045e-10
educational_VMEC/from_STELLOPT_246/Benchmarks/w7s20,vmecpp,success,,3,vmec_family,vmec_indata,wout_netcdf,5.427888683979337,0.0049963182958383595,20.335577651041945,19.32998934960588,332.8577512697354,0.45301790328764296,4927.4451256541915,1.9081958235744875e-10
educational_VMEC/from_STELLOPT_246/Benchmarks/w7s20,vmex,failed,Run failed,3,vmec_family,vmec_indata,wout_netcdf,,,,,,,,
educational_VMEC/from_STELLOPT_246/Convergence/bean161,chease,failed,Unsupported: CHEASE requires a 2-D GEQDSK input,3,grad_shafranov,vmec_indata_via_geqdsk,geqdsk,,,,,,,,
educational_VMEC/from_STELLOPT_246/Convergence/bean161,desc,failed,Run failed,3,vmec_family,vmec_indata,wout_netcdf,,,,,,,,
educational_VMEC/from_STELLOPT_246/Convergence/bean161,educational_vmec,failed,Unsupported: required MGRID fixture unavailable: mgrid.tftr,3,vmec_family,vmec_indata,wout_netcdf,,,,,,,,
educational_VMEC/from_STELLOPT_246/Convergence/bean161,freegs,failed,Unsupported: FreeGS is restricted to 2-D Grad-Shafranov cases,3,grad_shafranov,vmec_indata_or_case,geqdsk,,,,,,,,
educational_VMEC/from_STELLOPT_246/Convergence/bean161,gvec,failed,Unsupported: required MGRID fixture unavailable: mgrid.tftr,3,vmec_family,vmec_indata,gvec_state,,,,,,,,
educational_VMEC/from_STELLOPT_246/Convergence/bean161,jvmec,failed,Unsupported: required MGRID fixture unavailable: mgrid.tftr,3,vmec_family,vmec_indata,wout_netcdf,,,,,,,,
educational_VMEC/from_STELLOPT_246/Convergence/bean161,parvmec,failed,Unsupported: required MGRID fixture unavailable: mgrid.tftr,3,vmec_family,vmec_indata,wout_netcdf,,,,,,,,
educational_VMEC/from_STELLOPT_246/Convergence/bean161,spec,failed,Unsupported: SPEC requires a native .sp input,3,spec_mhd,spec_namelist,spec_hdf5,,,,,,,,
educational_VMEC/from_STELLOPT_246/Convergence/bean161,spectre,failed,Unsupported: required MGRID fixture unavailable: mgrid.tftr,3,spectre_mhd,vmec_indata_or_spectre_toml,spectre_json,,,,,,,,
educational_VMEC/from_STELLOPT_246/Convergence/bean161,vmec2000,failed,Unsupported: required MGRID fixture unavailable: mgrid.tftr,3,vmec_family,vmec_indata,wout_netcdf,,,,,,,,
educational_VMEC/from_STELLOPT_246/Convergence/bean161,vmecpp,failed,Unsupported: required MGRID fixture unavailable: mgrid.tftr,3,vmec_family,vmec_indata,wout_netcdf,,,,,,,,
educational_VMEC/from_STELLOPT_246/Convergence/bean161,vmex,failed,Unsupported: required MGRID fixture unavailable: mgrid.tftr,3,vmec_family,vmec_indata,wout_netcdf,,,,,,,,
educational_VMEC/from_STELLOPT_246/Convergence/bean21,chease,failed,Unsupported: CHEASE requires a 2-D GEQDSK input,3,grad_shafranov,vmec_indata_via_geqdsk,geqdsk,,,,,,,,
educational_VMEC/from_STELLOPT_246/Convergence/bean21,desc,failed,Run failed,3,vmec_family,vmec_indata,wout_netcdf,,,,,,,,
educational_VMEC/from_STELLOPT_246/Convergence/bean21,educational_vmec,failed,Unsupported: required MGRID fixture unavailable: mgrid.tftr,3,vmec_family,vmec_indata,wout_netcdf,,,,,,,,
educational_VMEC/from_STELLOPT_246/Convergence/bean21,freegs,failed,Unsupported: FreeGS is restricted to 2-D Grad-Shafranov cases,3,grad_shafranov,vmec_indata_or_case,geqdsk,,,,,,,,
educational_VMEC/from_STELLOPT_246/Convergence/bean21,gvec,failed,Unsupported: required MGRID fixture unavailable: mgrid.tftr,3,vmec_family,vmec_indata,gvec_state,,,,,,,,
educational_VMEC/from_STELLOPT_246/Convergence/bean21,jvmec,failed,Unsupported: required MGRID fixture unavailable: mgrid.tftr,3,vmec_family,vmec_indata,wout_netcdf,,,,,,,,
educational_VMEC/from_STELLOPT_246/Convergence/bean21,parvmec,failed,Unsupported: required MGRID fixture unavailable: mgrid.tftr,3,vmec_family,vmec_indata,wout_netcdf,,,,,,,,
educational_VMEC/from_STELLOPT_246/Convergence/bean21,spec,failed,Unsupported: SPEC requires a native .sp input,3,spec_mhd,spec_namelist,spec_hdf5,,,,,,,,
educational_VMEC/from_STELLOPT_246/Convergence/bean21,spectre,failed,Unsupported: required MGRID fixture unavailable: mgrid.tftr,3,spectre_mhd,vmec_indata_or_spectre_toml,spectre_json,,,,,,,,
educational_VMEC/from_STELLOPT_246/Convergence/bean21,vmec2000,failed,Unsupported: required MGRID fixture unavailable: mgrid.tftr,3,vmec_family,vmec_indata,wout_netcdf,,,,,,,,
educational_VMEC/from_STELLOPT_246/Convergence/bean21,vmecpp,failed,Unsupported: required MGRID fixture unavailable: mgrid.tftr,3,vmec_family,vmec_indata,wout_netcdf,,,,,,,,
educational_VMEC/from_STELLOPT_246/Convergence/bean21,vmex,failed,Unsupported: required MGRID fixture unavailable: mgrid.tftr,3,vmec_family,vmec_indata,wout_netcdf,,,,,,,,
educational_VMEC/from_STELLOPT_246/Convergence/bean41,chease,failed,Unsupported: CHEASE requires a 2-D GEQDSK input,3,grad_shafranov,vmec_indata_via_geqdsk,geqdsk,,,,,,,,
educational_VMEC/from_STELLOPT_246/Convergence/bean41,desc,failed,Run failed,3,vmec_family,vmec_indata,wout_netcdf,,,,,,,,
educational_VMEC/from_STELLOPT_246/Convergence/bean41,educational_vmec,failed,Unsupported: required MGRID fixture unavailable: mgrid.tftr,3,vmec_family,vmec_indata,wout_netcdf,,,,,,,,
educational_VMEC/from_STELLOPT_246/Convergence/bean41,freegs,failed,Unsupported: FreeGS is restricted to 2-D Grad-Shafranov cases,3,grad_shafranov,vmec_indata_or_case,geqdsk,,,,,,,,
educational_VMEC/from_STELLOPT_246/Convergence/bean41,gvec,failed,Unsupported: required MGRID fixture unavailable: mgrid.tftr,3,vmec_family,vmec_indata,gvec_state,,,,,,,,
educational_VMEC/from_STELLOPT_246/Convergence/bean41,jvmec,failed,Unsupported: required MGRID fixture unavailable: mgrid.tftr,3,vmec_family,vmec_indata,wout_netcdf,,,,,,,,
educational_VMEC/from_STELLOPT_246/Convergence/bean41,parvmec,failed,Unsupported: required MGRID fixture unavailable: mgrid.tftr,3,vmec_family,vmec_indata,wout_netcdf,,,,,,,,
educational_VMEC/from_STELLOPT_246/Convergence/bean41,spec,failed,Unsupported: SPEC requires a native .sp input,3,spec_mhd,spec_namelist,spec_hdf5,,,,,,,,
educational_VMEC/from_STELLOPT_246/Convergence/bean41,spectre,failed,Unsupported: required MGRID fixture unavailable: mgrid.tftr,3,spectre_mhd,vmec_indata_or_spectre_toml,spectre_json,,,,,,,,
educational_VMEC/from_STELLOPT_246/Convergence/bean41,vmec2000,failed,Unsupported: required MGRID fixture unavailable: mgrid.tftr,3,vmec_family,vmec_indata,wout_netcdf,,,,,,,,
educational_VMEC/from_STELLOPT_246/Convergence/bean41,vmecpp,failed,Unsupported: required MGRID fixture unavailable: mgrid.tftr,3,vmec_family,vmec_indata,wout_netcdf,,,,,,,,
educational_VMEC/from_STELLOPT_246/Convergence/bean41,vmex,failed,Unsupported: required MGRID fixture unavailable: mgrid.tftr,3,vmec_family,vmec_indata,wout_netcdf,,,,,,,,
educational_VMEC/from_STELLOPT_246/Convergence/bean81,chease,failed,Unsupported: CHEASE requires a 2-D GEQDSK input,3,grad_shafranov,vmec_indata_via_geqdsk,geqdsk,,,,,,,,
educational_VMEC/from_STELLOPT_246/Convergence/bean81,desc,failed,Run failed,3,vmec_family,vmec_indata,wout_netcdf,,,,,,,,
educational_VMEC/from_STELLOPT_246/Convergence/bean81,educational_vmec,failed,Unsupported: required MGRID fixture unavailable: mgrid.tftr,3,vmec_family,vmec_indata,wout_netcdf,,,,,,,,
educational_VMEC/from_STELLOPT_246/Convergence/bean81,freegs,failed,Unsupported: FreeGS is restricted to 2-D Grad-Shafranov cases,3,grad_shafranov,vmec_indata_or_case,geqdsk,,,,,,,,
educational_VMEC/from_STELLOPT_246/Convergence/bean81,gvec,failed,Unsupported: required MGRID fixture unavailable: mgrid.tftr,3,vmec_family,vmec_indata,gvec_state,,,,,,,,
educational_VMEC/from_STELLOPT_246/Convergence/bean81,jvmec,failed,Unsupported: required MGRID fixture unavailable: mgrid.tftr,3,vmec_family,vmec_indata,wout_netcdf,,,,,,,,
educational_VMEC/from_STELLOPT_246/Convergence/bean81,parvmec,failed,Unsupported: required MGRID fixture unavailable: mgrid.tftr,3,vmec_family,vmec_indata,wout_netcdf,,,,,,,,
educational_VMEC/from_STELLOPT_246/Convergence/bean81,spec,failed,Unsupported: SPEC requires a native .sp input,3,spec_mhd,spec_namelist,spec_hdf5,,,,,,,,
educational_VMEC/from_STELLOPT_246/Convergence/bean81,spectre,failed,Unsupported: required MGRID fixture unavailable: mgrid.tftr,3,spectre_mhd,vmec_indata_or_spectre_toml,spectre_json,,,,,,,,
educational_VMEC/from_STELLOPT_246/Convergence/bean81,vmec2000,failed,Unsupported: required MGRID fixture unavailable: mgrid.tftr,3,vmec_family,vmec_indata,wout_netcdf,,,,,,,,
educational_VMEC/from_STELLOPT_246/Convergence/bean81,vmecpp,failed,Unsupported: required MGRID fixture unavailable: mgrid.tftr,3,vmec_family,vmec_indata,wout_netcdf,,,,,,,,
educational_VMEC/from_STELLOPT_246/Convergence/bean81,vmex,failed,Unsupported: required MGRID fixture unavailable: mgrid.tftr,3,vmec_family,vmec_indata,wout_netcdf,,,,,,,,
educational_VMEC/from_STELLOPT_246/Convergence/str_lb,chease,failed,Unsupported: CHEASE requires a 2-D GEQDSK input,3,grad_shafranov,vmec_indata_via_geqdsk,geqdsk,,,,,,,,
educational_VMEC/from_STELLOPT_246/Convergence/str_lb,desc,success,,3,vmec_family,vmec_indata,wout_netcdf,0.02860077550623216,0.00019871182032040981,2.7520568453131062,1.0459709860748099,2.2873717018649256,0.2813869621809318,229.676847,-3.7726433299156676
educational_VMEC/from_STELLOPT_246/Convergence/str_lb,educational_vmec,failed,Unsupported: required MGRID fixture unavailable: mgrid_022803a.nc,3,vmec_family,vmec_indata,wout_netcdf,,,,,,,,
educational_VMEC/from_STELLOPT_246/Convergence/str_lb,freegs,failed,Unsupported: FreeGS is restricted to 2-D Grad-Shafranov cases,3,grad_shafranov,vmec_indata_or_case,geqdsk,,,,,,,,
educational_VMEC/from_STELLOPT_246/Convergence/str_lb,gvec,failed,Unsupported: required MGRID fixture unavailable: mgrid_022803a.nc,3,vmec_family,vmec_indata,gvec_state,,,,,,,,
educational_VMEC/from_STELLOPT_246/Convergence/str_lb,jvmec,failed,Unsupported: required MGRID fixture unavailable: mgrid_022803a.nc,3,vmec_family,vmec_indata,wout_netcdf,,,,,,,,
educational_VMEC/from_STELLOPT_246/Convergence/str_lb,parvmec,failed,Unsupported: required MGRID fixture unavailable: mgrid_022803a.nc,3,vmec_family,vmec_indata,wout_netcdf,,,,,,,,
educational_VMEC/from_STELLOPT_246/Convergence/str_lb,spec,failed,Unsupported: SPEC requires a native .sp input,3,spec_mhd,spec_namelist,spec_hdf5,,,,,,,,
educational_VMEC/from_STELLOPT_246/Convergence/str_lb,spectre,failed,Unsupported: required MGRID fixture unavailable: mgrid_022803a.nc,3,spectre_mhd,vmec_indata_or_spectre_toml,spectre_json,,,,,,,,
educational_VMEC/from_STELLOPT_246/Convergence/str_lb,vmec2000,failed,Unsupported: required MGRID fixture unavailable: mgrid_022803a.nc,3,vmec_family,vmec_indata,wout_netcdf,,,,,,,,
educational_VMEC/from_STELLOPT_246/Convergence/str_lb,vmecpp,failed,Unsupported: required MGRID fixture unavailable: mgrid_022803a.nc,3,vmec_family,vmec_indata,wout_netcdf,,,,,,,,
educational_VMEC/from_STELLOPT_246/Convergence/str_lb,vmex,failed,Unsupported: required MGRID fixture unavailable: mgrid_022803a.nc,3,vmec_family,vmec_indata,wout_netcdf,,,,,,,,
educational_VMEC/from_STELLOPT_246/Free Boundary/JDHtest5,chease,failed,Unsupported: CHEASE requires a 2-D GEQDSK input,3,grad_shafranov,vmec_indata_via_geqdsk,geqdsk,,,,,,,,
educational_VMEC/from_STELLOPT_246/Free Boundary/JDHtest5,desc,success,,3,vmec_family,vmec_indata,wout_netcdf,0.09552778465911399,0.030210437359395933,4.369255146932168,1.4840983906893521,2.8619166725818457,0.29815324865615966,53727.85200000002,174249.80182000165
educational_VMEC/from_STELLOPT_246/Free Boundary/JDHtest5,educational_vmec,failed,Unsupported: required MGRID fixture unavailable: mgrid_c01r00_z16mod.nc,3,vmec_family,vmec_indata,wout_netcdf,,,,,,,,
educational_VMEC/from_STELLOPT_246/Free Boundary/JDHtest5,freegs,failed,Unsupported: FreeGS is restricted to 2-D Grad-Shafranov cases,3,grad_shafranov,vmec_indata_or_case,geqdsk,,,,,,,,
educational_VMEC/from_STELLOPT_246/Free Boundary/JDHtest5,gvec,failed,Unsupported: required MGRID fixture unavailable: mgrid_c01r00_z16mod.nc,3,vmec_family,vmec_indata,gvec_state,,,,,,,,
educational_VMEC/from_STELLOPT_246/Free Boundary/JDHtest5,jvmec,failed,Unsupported: required MGRID fixture unavailable: mgrid_c01r00_z16mod.nc,3,vmec_family,vmec_indata,wout_netcdf,,,,,,,,
educational_VMEC/from_STELLOPT_246/Free Boundary/JDHtest5,parvmec,failed,Unsupported: required MGRID fixture unavailable: mgrid_c01r00_z16mod.nc,3,vmec_family,vmec_indata,wout_netcdf,,,,,,,,
educational_VMEC/from_STELLOPT_246/Free Boundary/JDHtest5,spec,failed,Unsupported: SPEC requires a native .sp input,3,spec_mhd,spec_namelist,spec_hdf5,,,,,,,,
educational_VMEC/from_STELLOPT_246/Free Boundary/JDHtest5,spectre,failed,Unsupported: required MGRID fixture unavailable: mgrid_c01r00_z16mod.nc,3,spectre_mhd,vmec_indata_or_spectre_toml,spectre_json,,,,,,,,
educational_VMEC/from_STELLOPT_246/Free Boundary/JDHtest5,vmec2000,failed,Unsupported: required MGRID fixture unavailable: mgrid_c01r00_z16mod.nc,3,vmec_family,vmec_indata,wout_netcdf,,,,,,,,
educational_VMEC/from_STELLOPT_246/Free Boundary/JDHtest5,vmecpp,failed,Unsupported: required MGRID fixture unavailable: mgrid_c01r00_z16mod.nc,3,vmec_family,vmec_indata,wout_netcdf,,,,,,,,
educational_VMEC/from_STELLOPT_246/Free Boundary/JDHtest5,vmex,failed,Unsupported: required MGRID fixture unavailable: mgrid_c01r00_z16mod.nc,3,vmec_family,vmec_indata,wout_netcdf,,,,,,,,
educational_VMEC/from_STELLOPT_246/Free Boundary/JDHtest7,chease,failed,Unsupported: CHEASE requires a 2-D GEQDSK input,3,grad_shafranov,vmec_indata_via_geqdsk,geqdsk,,,,,,,,
educational_VMEC/from_STELLOPT_246/Free Boundary/JDHtest7,desc,success,,3,vmec_family,vmec_indata,wout_netcdf,0.09552778465911399,0.030210437359395933,4.369255146932168,1.4840983906893521,2.8619166725818457,0.29815324865615966,53727.85200000002,174249.80182000165
educational_VMEC/from_STELLOPT_246/Free Boundary/JDHtest7,educational_vmec,failed,Unsupported: required MGRID fixture unavailable: mgrid_c01r00_z16mod.nc,3,vmec_family,vmec_indata,wout_netcdf,,,,,,,,
educational_VMEC/from_STELLOPT_246/Free Boundary/JDHtest7,freegs,failed,Unsupported: FreeGS is restricted to 2-D Grad-Shafranov cases,3,grad_shafranov,vmec_indata_or_case,geqdsk,,,,,,,,
educational_VMEC/from_STELLOPT_246/Free Boundary/JDHtest7,gvec,failed,Unsupported: required MGRID fixture unavailable: mgrid_c01r00_z16mod.nc,3,vmec_family,vmec_indata,gvec_state,,,,,,,,
educational_VMEC/from_STELLOPT_246/Free Boundary/JDHtest7,jvmec,failed,Unsupported: required MGRID fixture unavailable: mgrid_c01r00_z16mod.nc,3,vmec_family,vmec_indata,wout_netcdf,,,,,,,,
educational_VMEC/from_STELLOPT_246/Free Boundary/JDHtest7,parvmec,failed,Unsupported: required MGRID fixture unavailable: mgrid_c01r00_z16mod.nc,3,vmec_family,vmec_indata,wout_netcdf,,,,,,,,
educational_VMEC/from_STELLOPT_246/Free Boundary/JDHtest7,spec,failed,Unsupported: SPEC requires a native .sp input,3,spec_mhd,spec_namelist,spec_hdf5,,,,,,,,
educational_VMEC/from_STELLOPT_246/Free Boundary/JDHtest7,spectre,failed,Unsupported: required MGRID fixture unavailable: mgrid_c01r00_z16mod.nc,3,spectre_mhd,vmec_indata_or_spectre_toml,spectre_json,,,,,,,,
educational_VMEC/from_STELLOPT_246/Free Boundary/JDHtest7,vmec2000,failed,Unsupported: required MGRID fixture unavailable: mgrid_c01r00_z16mod.nc,3,vmec_family,vmec_indata,wout_netcdf,,,,,,,,
educational_VMEC/from_STELLOPT_246/Free Boundary/JDHtest7,vmecpp,failed,Unsupported: required MGRID fixture unavailable: mgrid_c01r00_z16mod.nc,3,vmec_family,vmec_indata,wout_netcdf,,,,,,,,
educational_VMEC/from_STELLOPT_246/Free Boundary/JDHtest7,vmex,failed,Unsupported: required MGRID fixture unavailable: mgrid_c01r00_z16mod.nc,3,vmec_family,vmec_indata,wout_netcdf,,,,,,,,
educational_VMEC/from_STELLOPT_246/Free Boundary/asdex.tichman,chease,failed,Unsupported: CHEASE requires a 2-D GEQDSK input,3,grad_shafranov,vmec_indata_via_geqdsk,geqdsk,,,,,,,,
educational_VMEC/from_STELLOPT_246/Free Boundary/asdex.tichman,desc,success,,3,vmec_family,vmec_indata,wout_netcdf,1.0610014876819813,0.005547061876478472,2.5143554491996896,1.645772146208703,12.025993048596561,0.18236259999919607,55912.5528,760036.9494414151
educational_VMEC/from_STELLOPT_246/Free Boundary/asdex.tichman,educational_vmec,failed,Unsupported: required MGRID fixture unavailable: ../../../MAKEGRID/Examples/mgrid_12224_ed1_tichman.nc,3,vmec_family,vmec_indata,wout_netcdf,,,,,,,,
educational_VMEC/from_STELLOPT_246/Free Boundary/asdex.tichman,freegs,failed,Unsupported: FreeGS is restricted to 2-D Grad-Shafranov cases,3,grad_shafranov,vmec_indata_or_case,geqdsk,,,,,,,,
educational_VMEC/from_STELLOPT_246/Free Boundary/asdex.tichman,gvec,failed,Unsupported: required MGRID fixture unavailable: ../../../MAKEGRID/Examples/mgrid_12224_ed1_tichman.nc,3,vmec_family,vmec_indata,gvec_state,,,,,,,,
educational_VMEC/from_STELLOPT_246/Free Boundary/asdex.tichman,jvmec,failed,Unsupported: required MGRID fixture unavailable: ../../../MAKEGRID/Examples/mgrid_12224_ed1_tichman.nc,3,vmec_family,vmec_indata,wout_netcdf,,,,,,,,
educational_VMEC/from_STELLOPT_246/Free Boundary/asdex.tichman,parvmec,failed,Unsupported: required MGRID fixture unavailable: ../../../MAKEGRID/Examples/mgrid_12224_ed1_tichman.nc,3,vmec_family,vmec_indata,wout_netcdf,,,,,,,,
educational_VMEC/from_STELLOPT_246/Free Boundary/asdex.tichman,spec,failed,Unsupported: SPEC requires a native .sp input,3,spec_mhd,spec_namelist,spec_hdf5,,,,,,,,
educational_VMEC/from_STELLOPT_246/Free Boundary/asdex.tichman,spectre,failed,Unsupported: required MGRID fixture unavailable: ../../../MAKEGRID/Examples/mgrid_12224_ed1_tichman.nc,3,spectre_mhd,vmec_indata_or_spectre_toml,spectre_json,,,,,,,,
educational_VMEC/from_STELLOPT_246/Free Boundary/asdex.tichman,vmec2000,failed,Unsupported: required MGRID fixture unavailable: ../../../MAKEGRID/Examples/mgrid_12224_ed1_tichman.nc,3,vmec_family,vmec_indata,wout_netcdf,,,,,,,,
educational_VMEC/from_STELLOPT_246/Free Boundary/asdex.tichman,vmecpp,failed,Unsupported: required MGRID fixture unavailable: ../../../MAKEGRID/Examples/mgrid_12224_ed1_tichman.nc,3,vmec_family,vmec_indata,wout_netcdf,,,,,,,,
educational_VMEC/from_STELLOPT_246/Free Boundary/asdex.tichman,vmex,failed,Unsupported: required MGRID fixture unavailable: ../../../MAKEGRID/Examples/mgrid_12224_ed1_tichman.nc,3,vmec_family,vmec_indata,wout_netcdf,,,,,,,,
educational_VMEC/from_STELLOPT_246/Free Boundary/d3d,chease,failed,Unsupported: CHEASE requires a 2-D GEQDSK input,3,grad_shafranov,vmec_indata_via_geqdsk,geqdsk,,,,,,,,
educational_VMEC/from_STELLOPT_246/Free Boundary/d3d,desc,success,,3,vmec_family,vmec_indata,wout_netcdf,0.9364578537029358,0.006454543683654483,2.10754193241909,1.7125619634637967,17.63402437891649,0.1590924530000083,46055.1,1358435.415317495
educational_VMEC/from_STELLOPT_246/Free Boundary/d3d,educational_vmec,failed,Unsupported: required MGRID fixture unavailable: ../../../MAKEGRID/Examples/mgrid_d3d_ef.nc,3,vmec_family,vmec_indata,wout_netcdf,,,,,,,,
educational_VMEC/from_STELLOPT_246/Free Boundary/d3d,freegs,failed,Unsupported: FreeGS is restricted to 2-D Grad-Shafranov cases,3,grad_shafranov,vmec_indata_or_case,geqdsk,,,,,,,,
educational_VMEC/from_STELLOPT_246/Free Boundary/d3d,gvec,failed,Unsupported: required MGRID fixture unavailable: ../../../MAKEGRID/Examples/mgrid_d3d_ef.nc,3,vmec_family,vmec_indata,gvec_state,,,,,,,,
educational_VMEC/from_STELLOPT_246/Free Boundary/d3d,jvmec,failed,Unsupported: required MGRID fixture unavailable: ../../../MAKEGRID/Examples/mgrid_d3d_ef.nc,3,vmec_family,vmec_indata,wout_netcdf,,,,,,,,
educational_VMEC/from_STELLOPT_246/Free Boundary/d3d,parvmec,failed,Unsupported: required MGRID fixture unavailable: ../../../MAKEGRID/Examples/mgrid_d3d_ef.nc,3,vmec_family,vmec_indata,wout_netcdf,,,,,,,,
educational_VMEC/from_STELLOPT_246/Free Boundary/d3d,spec,failed,Unsupported: SPEC requires a native .sp input,3,spec_mhd,spec_namelist,spec_hdf5,,,,,,,,
educational_VMEC/from_STELLOPT_246/Free Boundary/d3d,spectre,failed,Unsupported: required MGRID fixture unavailable: ../../../MAKEGRID/Examples/mgrid_d3d_ef.nc,3,spectre_mhd,vmec_indata_or_spectre_toml,spectre_json,,,,,,,,
educational_VMEC/from_STELLOPT_246/Free Boundary/d3d,vmec2000,failed,Unsupported: required MGRID fixture unavailable: ../../../MAKEGRID/Examples/mgrid_d3d_ef.nc,3,vmec_family,vmec_indata,wout_netcdf,,,,,,,,
educational_VMEC/from_STELLOPT_246/Free Boundary/d3d,vmecpp,failed,Unsupported: required MGRID fixture unavailable: ../../../MAKEGRID/Examples/mgrid_d3d_ef.nc,3,vmec_family,vmec_indata,wout_netcdf,,,,,,,,
educational_VMEC/from_STELLOPT_246/Free Boundary/d3d,vmex,failed,Unsupported: required MGRID fixture unavailable: ../../../MAKEGRID/Examples/mgrid_d3d_ef.nc,3,vmec_family,vmec_indata,wout_netcdf,,,,,,,,
educational_VMEC/from_STELLOPT_246/Free Boundary/laz_mtest,chease,failed,Unsupported: CHEASE requires a 2-D GEQDSK input,3,grad_shafranov,vmec_indata_via_geqdsk,geqdsk,,,,,,,,
educational_VMEC/from_STELLOPT_246/Free Boundary/laz_mtest,desc,success,,3,vmec_family,vmec_indata,wout_netcdf,0.10641401640825585,0.09657279997965135,3.7714487143651114,1.5012595912800897,3.942265868623223,0.2191823909502067,143503.913,188493.34299989117
educational_VMEC/from_STELLOPT_246/Free Boundary/laz_mtest,educational_vmec,failed,"Unsupported: required MGRID fixture unavailable: /usr/common/homes/l/lazarus/mgrids/mgrid.c08r01, /home/lazarus/mgrids/mgrid.c08r01",3,vmec_family,vmec_indata,wout_netcdf,,,,,,,,
educational_VMEC/from_STELLOPT_246/Free Boundary/laz_mtest,freegs,failed,Unsupported: FreeGS is restricted to 2-D Grad-Shafranov cases,3,grad_shafranov,vmec_indata_or_case,geqdsk,,,,,,,,
educational_VMEC/from_STELLOPT_246/Free Boundary/laz_mtest,gvec,failed,"Unsupported: required MGRID fixture unavailable: /usr/common/homes/l/lazarus/mgrids/mgrid.c08r01, /home/lazarus/mgrids/mgrid.c08r01",3,vmec_family,vmec_indata,gvec_state,,,,,,,,
educational_VMEC/from_STELLOPT_246/Free Boundary/laz_mtest,jvmec,failed,"Unsupported: required MGRID fixture unavailable: /usr/common/homes/l/lazarus/mgrids/mgrid.c08r01, /home/lazarus/mgrids/mgrid.c08r01",3,vmec_family,vmec_indata,wout_netcdf,,,,,,,,
educational_VMEC/from_STELLOPT_246/Free Boundary/laz_mtest,parvmec,failed,"Unsupported: required MGRID fixture unavailable: /usr/common/homes/l/lazarus/mgrids/mgrid.c08r01, /home/lazarus/mgrids/mgrid.c08r01",3,vmec_family,vmec_indata,wout_netcdf,,,,,,,,
educational_VMEC/from_STELLOPT_246/Free Boundary/laz_mtest,spec,failed,Unsupported: SPEC requires a native .sp input,3,spec_mhd,spec_namelist,spec_hdf5,,,,,,,,
educational_VMEC/from_STELLOPT_246/Free Boundary/laz_mtest,spectre,failed,"Unsupported: required MGRID fixture unavailable: /usr/common/homes/l/lazarus/mgrids/mgrid.c08r01, /home/lazarus/mgrids/mgrid.c08r01",3,spectre_mhd,vmec_indata_or_spectre_toml,spectre_json,,,,,,,,
educational_VMEC/from_STELLOPT_246/Free Boundary/laz_mtest,vmec2000,failed,"Unsupported: required MGRID fixture unavailable: /usr/common/homes/l/lazarus/mgrids/mgrid.c08r01, /home/lazarus/mgrids/mgrid.c08r01",3,vmec_family,vmec_indata,wout_netcdf,,,,,,,,
educational_VMEC/from_STELLOPT_246/Free Boundary/laz_mtest,vmecpp,failed,"Unsupported: required MGRID fixture unavailable: /usr/common/homes/l/lazarus/mgrids/mgrid.c08r01, /home/lazarus/mgrids/mgrid.c08r01",3,vmec_family,vmec_indata,wout_netcdf,,,,,,,,
educational_VMEC/from_STELLOPT_246/Free Boundary/laz_mtest,vmex,failed,"Unsupported: required MGRID fixture unavailable: /usr/common/homes/l/lazarus/mgrids/mgrid.c08r01, /home/lazarus/mgrids/mgrid.c08r01",3,vmec_family,vmec_indata,wout_netcdf,,,,,,,,
educational_VMEC/from_STELLOPT_246/Free Boundary/laz_test,chease,failed,Unsupported: CHEASE requires a 2-D GEQDSK input,3,grad_shafranov,vmec_indata_via_geqdsk,geqdsk,,,,,,,,
educational_VMEC/from_STELLOPT_246/Free Boundary/laz_test,desc,success,,3,vmec_family,vmec_indata,wout_netcdf,0.08853316466137497,0.07976446097558752,4.953687266316929,1.5125909352284972,2.2764607761463354,0.19612937992045376,150560.26499999998,74244.25600000352
educational_VMEC/from_STELLOPT_246/Free Boundary/laz_test,educational_vmec,failed,Unsupported: required MGRID fixture unavailable: mgrid_c08r01.nc,3,vmec_family,vmec_indata,wout_netcdf,,,,,,,,
educational_VMEC/from_STELLOPT_246/Free Boundary/laz_test,freegs,failed,Unsupported: FreeGS is restricted to 2-D Grad-Shafranov cases,3,grad_shafranov,vmec_indata_or_case,geqdsk,,,,,,,,
educational_VMEC/from_STELLOPT_246/Free Boundary/laz_test,gvec,failed,Unsupported: required MGRID fixture unavailable: mgrid_c08r01.nc,3,vmec_family,vmec_indata,gvec_state,,,,,,,,
educational_VMEC/from_STELLOPT_246/Free Boundary/laz_test,jvmec,failed,Unsupported: required MGRID fixture unavailable: mgrid_c08r01.nc,3,vmec_family,vmec_indata,wout_netcdf,,,,,,,,
educational_VMEC/from_STELLOPT_246/Free Boundary/laz_test,parvmec,failed,Unsupported: required MGRID fixture unavailable: mgrid_c08r01.nc,3,vmec_family,vmec_indata,wout_netcdf,,,,,,,,
educational_VMEC/from_STELLOPT_246/Free Boundary/laz_test,spec,failed,Unsupported: SPEC requires a native .sp input,3,spec_mhd,spec_namelist,spec_hdf5,,,,,,,,
educational_VMEC/from_STELLOPT_246/Free Boundary/laz_test,spectre,failed,Unsupported: required MGRID fixture unavailable: mgrid_c08r01.nc,3,spectre_mhd,vmec_indata_or_spectre_toml,spectre_json,,,,,,,,
educational_VMEC/from_STELLOPT_246/Free Boundary/laz_test,vmec2000,failed,Unsupported: required MGRID fixture unavailable: mgrid_c08r01.nc,3,vmec_family,vmec_indata,wout_netcdf,,,,,,,,
educational_VMEC/from_STELLOPT_246/Free Boundary/laz_test,vmecpp,failed,Unsupported: required MGRID fixture unavailable: mgrid_c08r01.nc,3,vmec_family,vmec_indata,wout_netcdf,,,,,,,,
educational_VMEC/from_STELLOPT_246/Free Boundary/laz_test,vmex,failed,Unsupported: required MGRID fixture unavailable: mgrid_c08r01.nc,3,vmec_family,vmec_indata,wout_netcdf,,,,,,,,
educational_VMEC/from_STELLOPT_246/Free Boundary/laz_test2,chease,failed,Unsupported: CHEASE requires a 2-D GEQDSK input,3,grad_shafranov,vmec_indata_via_geqdsk,geqdsk,,,,,,,,
educational_VMEC/from_STELLOPT_246/Free Boundary/laz_test2,desc,success,,3,vmec_family,vmec_indata,wout_netcdf,0.1079304929975079,0.09319057903670752,3.7435363820003866,1.4750888123290986,3.870726712593715,0.23406595860173612,143503.913,188493.34299989117
educational_VMEC/from_STELLOPT_246/Free Boundary/laz_test2,educational_vmec,failed,"Unsupported: required MGRID fixture unavailable: /usr/common/homes/l/lazarus/mgrids/mgrid.c08r01, mgrid_c08r01.nc",3,vmec_family,vmec_indata,wout_netcdf,,,,,,,,
educational_VMEC/from_STELLOPT_246/Free Boundary/laz_test2,freegs,failed,Unsupported: FreeGS is restricted to 2-D Grad-Shafranov cases,3,grad_shafranov,vmec_indata_or_case,geqdsk,,,,,,,,
educational_VMEC/from_STELLOPT_246/Free Boundary/laz_test2,gvec,failed,"Unsupported: required MGRID fixture unavailable: /usr/common/homes/l/lazarus/mgrids/mgrid.c08r01, mgrid_c08r01.nc",3,vmec_family,vmec_indata,gvec_state,,,,,,,,
educational_VMEC/from_STELLOPT_246/Free Boundary/laz_test2,jvmec,failed,"Unsupported: required MGRID fixture unavailable: /usr/common/homes/l/lazarus/mgrids/mgrid.c08r01, mgrid_c08r01.nc",3,vmec_family,vmec_indata,wout_netcdf,,,,,,,,
educational_VMEC/from_STELLOPT_246/Free Boundary/laz_test2,parvmec,failed,"Unsupported: required MGRID fixture unavailable: /usr/common/homes/l/lazarus/mgrids/mgrid.c08r01, mgrid_c08r01.nc",3,vmec_family,vmec_indata,wout_netcdf,,,,,,,,
educational_VMEC/from_STELLOPT_246/Free Boundary/laz_test2,spec,failed,Unsupported: SPEC requires a native .sp input,3,spec_mhd,spec_namelist,spec_hdf5,,,,,,,,
educational_VMEC/from_STELLOPT_246/Free Boundary/laz_test2,spectre,failed,"Unsupported: required MGRID fixture unavailable: /usr/common/homes/l/lazarus/mgrids/mgrid.c08r01, mgrid_c08r01.nc",3,spectre_mhd,vmec_indata_or_spectre_toml,spectre_json,,,,,,,,
educational_VMEC/from_STELLOPT_246/Free Boundary/laz_test2,vmec2000,failed,"Unsupported: required MGRID fixture unavailable: /usr/common/homes/l/lazarus/mgrids/mgrid.c08r01, mgrid_c08r01.nc",3,vmec_family,vmec_indata,wout_netcdf,,,,,,,,
educational_VMEC/from_STELLOPT_246/Free Boundary/laz_test2,vmecpp,failed,"Unsupported: required MGRID fixture unavailable: /usr/common/homes/l/lazarus/mgrids/mgrid.c08r01, mgrid_c08r01.nc",3,vmec_family,vmec_indata,wout_netcdf,,,,,,,,
educational_VMEC/from_STELLOPT_246/Free Boundary/laz_test2,vmex,failed,"Unsupported: required MGRID fixture unavailable: /usr/common/homes/l/lazarus/mgrids/mgrid.c08r01, mgrid_c08r01.nc",3,vmec_family,vmec_indata,wout_netcdf,,,,,,,,
educational_VMEC/from_STELLOPT_246/Free Boundary/test,chease,failed,Unsupported: CHEASE requires a 2-D GEQDSK input,3,grad_shafranov,vmec_indata_via_geqdsk,geqdsk,,,,,,,,
educational_VMEC/from_STELLOPT_246/Free Boundary/test,desc,failed,Run failed,3,vmec_family,vmec_indata,wout_netcdf,,,,,,,,
educational_VMEC/from_STELLOPT_246/Free Boundary/test,educational_vmec,failed,Unsupported: required MGRID fixture unavailable: ../../../MAKEGRID/Examples/mgrid_d3d_ef.nc,3,vmec_family,vmec_indata,wout_netcdf,,,,,,,,
educational_VMEC/from_STELLOPT_246/Free Boundary/test,freegs,failed,Unsupported: FreeGS is restricted to 2-D Grad-Shafranov cases,3,grad_shafranov,vmec_indata_or_case,geqdsk,,,,,,,,
educational_VMEC/from_STELLOPT_246/Free Boundary/test,gvec,failed,Unsupported: required MGRID fixture unavailable: ../../../MAKEGRID/Examples/mgrid_d3d_ef.nc,3,vmec_family,vmec_indata,gvec_state,,,,,,,,
educational_VMEC/from_STELLOPT_246/Free Boundary/test,jvmec,failed,Unsupported: required MGRID fixture unavailable: ../../../MAKEGRID/Examples/mgrid_d3d_ef.nc,3,vmec_family,vmec_indata,wout_netcdf,,,,,,,,
educational_VMEC/from_STELLOPT_246/Free Boundary/test,parvmec,failed,Unsupported: required MGRID fixture unavailable: ../../../MAKEGRID/Examples/mgrid_d3d_ef.nc,3,vmec_family,vmec_indata,wout_netcdf,,,,,,,,
educational_VMEC/from_STELLOPT_246/Free Boundary/test,spec,failed,Unsupported: SPEC requires a native .sp input,3,spec_mhd,spec_namelist,spec_hdf5,,,,,,,,
educational_VMEC/from_STELLOPT_246/Free Boundary/test,spectre,failed,Unsupported: required MGRID fixture unavailable: ../../../MAKEGRID/Examples/mgrid_d3d_ef.nc,3,spectre_mhd,vmec_indata_or_spectre_toml,spectre_json,,,,,,,,
educational_VMEC/from_STELLOPT_246/Free Boundary/test,vmec2000,failed,Unsupported: required MGRID fixture unavailable: ../../../MAKEGRID/Examples/mgrid_d3d_ef.nc,3,vmec_family,vmec_indata,wout_netcdf,,,,,,,,
educational_VMEC/from_STELLOPT_246/Free Boundary/test,vmecpp,failed,Unsupported: required MGRID fixture unavailable: ../../../MAKEGRID/Examples/mgrid_d3d_ef.nc,3,vmec_family,vmec_indata,wout_netcdf,,,,,,,,
educational_VMEC/from_STELLOPT_246/Free Boundary/test,vmex,failed,Unsupported: required MGRID fixture unavailable: ../../../MAKEGRID/Examples/mgrid_d3d_ef.nc,3,vmec_family,vmec_indata,wout_netcdf,,,,,,,,
educational_VMEC/from_STELLOPT_246/Free Boundary/tj2,chease,failed,Unsupported: CHEASE requires a 2-D GEQDSK input,3,grad_shafranov,vmec_indata_via_geqdsk,geqdsk,,,,,,,,
educational_VMEC/from_STELLOPT_246/Free Boundary/tj2,desc,success,,3,vmec_family,vmec_indata,wout_netcdf,0.013190700806217346,0.0,8.258228129339784,1.508817648027363,0.9846002758041018,-1.5212625572535847,0.0,6.32751249244778e-11
educational_VMEC/from_STELLOPT_246/Free Boundary/tj2,educational_vmec,failed,Unsupported: required MGRID fixture unavailable: ../../../MAKEGRID/Examples/mgrid_tj2.nc,3,vmec_family,vmec_indata,wout_netcdf,,,,,,,,
educational_VMEC/from_STELLOPT_246/Free Boundary/tj2,freegs,failed,Unsupported: FreeGS is restricted to 2-D Grad-Shafranov cases,3,grad_shafranov,vmec_indata_or_case,geqdsk,,,,,,,,
educational_VMEC/from_STELLOPT_246/Free Boundary/tj2,gvec,failed,Unsupported: required MGRID fixture unavailable: ../../../MAKEGRID/Examples/mgrid_tj2.nc,3,vmec_family,vmec_indata,gvec_state,,,,,,,,
educational_VMEC/from_STELLOPT_246/Free Boundary/tj2,jvmec,failed,Unsupported: required MGRID fixture unavailable: ../../../MAKEGRID/Examples/mgrid_tj2.nc,3,vmec_family,vmec_indata,wout_netcdf,,,,,,,,
educational_VMEC/from_STELLOPT_246/Free Boundary/tj2,parvmec,failed,Unsupported: required MGRID fixture unavailable: ../../../MAKEGRID/Examples/mgrid_tj2.nc,3,vmec_family,vmec_indata,wout_netcdf,,,,,,,,
educational_VMEC/from_STELLOPT_246/Free Boundary/tj2,spec,failed,Unsupported: SPEC requires a native .sp input,3,spec_mhd,spec_namelist,spec_hdf5,,,,,,,,
educational_VMEC/from_STELLOPT_246/Free Boundary/tj2,spectre,failed,Unsupported: required MGRID fixture unavailable: ../../../MAKEGRID/Examples/mgrid_tj2.nc,3,spectre_mhd,vmec_indata_or_spectre_toml,spectre_json,,,,,,,,
educational_VMEC/from_STELLOPT_246/Free Boundary/tj2,vmec2000,failed,Unsupported: required MGRID fixture unavailable: ../../../MAKEGRID/Examples/mgrid_tj2.nc,3,vmec_family,vmec_indata,wout_netcdf,,,,,,,,
educational_VMEC/from_STELLOPT_246/Free Boundary/tj2,vmecpp,failed,Unsupported: required MGRID fixture unavailable: ../../../MAKEGRID/Examples/mgrid_tj2.nc,3,vmec_family,vmec_indata,wout_netcdf,,,,,,,,
educational_VMEC/from_STELLOPT_246/Free Boundary/tj2,vmex,failed,Unsupported: required MGRID fixture unavailable: ../../../MAKEGRID/Examples/mgrid_tj2.nc,3,vmec_family,vmec_indata,wout_netcdf,,,,,,,,
educational_VMEC/from_STELLOPT_246/Joachim/w7as_joachim,chease,failed,Unsupported: CHEASE requires a 2-D GEQDSK input,3,grad_shafranov,vmec_indata_via_geqdsk,geqdsk,,,,,,,,
educational_VMEC/from_STELLOPT_246/Joachim/w7as_joachim,desc,success,,3,vmec_family,vmec_indata,wout_netcdf,0.11012575956019546,0.001705065956998133,11.925410050141767,2.0527898561611497,1.1767891972499367,0.3980280062819628,10000.0,-3.2955794231498854e-11
educational_VMEC/from_STELLOPT_246/Joachim/w7as_joachim,educational_vmec,success,,3,vmec_family,vmec_indata,wout_netcdf,0.11012542688299491,0.001698000706459659,11.925410050141764,2.0387840563462003,1.176789197249933,0.4008977748207445,9999.999999999998,8.212831456577695e-11
educational_VMEC/from_STELLOPT_246/Joachim/w7as_joachim,freegs,failed,Unsupported: FreeGS is restricted to 2-D Grad-Shafranov cases,3,grad_shafranov,vmec_indata_or_case,geqdsk,,,,,,,,
educational_VMEC/from_STELLOPT_246/Joachim/w7as_joachim,gvec,success,,3,vmec_family,vmec_indata,gvec_state,,,11.925410050141775,2.05270008234849,1.17678919724994,-0.397976629136416,10000.0,
educational_VMEC/from_STELLOPT_246/Joachim/w7as_joachim,jvmec,success,,3,vmec_family,vmec_indata,wout_netcdf,0.11012576276971356,0.0,11.925410050141782,2.0525797274006066,1.1767891972499338,0.3980266099824466,0.0,3.3881317890172014e-13
educational_VMEC/from_STELLOPT_246/Joachim/w7as_joachim,parvmec,success,,3,vmec_family,vmec_indata,wout_netcdf,0.11012576280580898,0.0017050512232855666,11.925410050141764,2.052583115340348,1.176789197249933,0.3980266834247534,9999.999999999998,-1.2197274440461925e-11
educational_VMEC/from_STELLOPT_246/Joachim/w7as_joachim,spec,failed,Unsupported: SPEC requires a native .sp input,3,spec_mhd,spec_namelist,spec_hdf5,,,,,,,,
educational_VMEC/from_STELLOPT_246/Joachim/w7as_joachim,spectre,failed,Run failed,3,spectre_mhd,vmec_indata_or_spectre_toml,spectre_json,,,,,,,,
educational_VMEC/from_STELLOPT_246/Joachim/w7as_joachim,vmec2000,success,,3,vmec_family,vmec_indata,wout_netcdf,0.11012576280581088,0.00170505122330569,11.925410050141764,2.0525831155170904,1.176789197249933,0.39802668342972397,9999.999999999998,2.439454888092385e-11
educational_VMEC/from_STELLOPT_246/Joachim/w7as_joachim,vmecpp,success,,3,vmec_family,vmec_indata,wout_netcdf,0.11012576282165211,0.0017050513698882092,11.925410050141762,2.052585242207173,1.1767891972499371,0.3980266864913915,9999.999999999998,-5.498937893574917e-11
educational_VMEC/from_STELLOPT_246/Joachim/w7as_joachim,vmex,success,,3,vmec_family,vmec_indata,wout_netcdf,0.11012576280580795,0.00170505122327712,11.925410050141743,2.0525831152737104,1.1767891972499371,0.39802668342285386,9999.999999999998,1.6822074332470405e-11
educational_VMEC/from_STELLOPT_246/STR/qas3,chease,failed,Unsupported: CHEASE requires a 2-D GEQDSK input,3,grad_shafranov,vmec_indata_via_geqdsk,geqdsk,,,,,,,,
educational_VMEC/from_STELLOPT_246/STR/qas3,desc,success,,3,vmec_family,vmec_indata,wout_netcdf,0.08173399784894239,0.03483854258424525,3.427884205156138,1.5591585993028818,5.215144295291496,0.09164951628157428,35854.015799999994,194319.99996999998
educational_VMEC/from_STELLOPT_246/STR/qas3,educational_vmec,success,,3,vmec_family,vmec_indata,wout_netcdf,0.08178634857200305,0.03517810971971042,3.427884205155954,1.5969637391133493,5.215144295291172,0.46348494815456165,35905.62545726761,-194276.31049354636
educational_VMEC/from_STELLOPT_246/STR/qas3,freegs,failed,Unsupported: FreeGS is restricted to 2-D Grad-Shafranov cases,3,grad_shafranov,vmec_indata_or_case,geqdsk,,,,,,,,
educational_VMEC/from_STELLOPT_246/STR/qas3,gvec,failed,Run failed,3,vmec_family,vmec_indata,gvec_state,,,,,,,,
educational_VMEC/from_STELLOPT_246/STR/qas3,jvmec,success,,3,vmec_family,vmec_indata,wout_netcdf,0.08195905322089686,0.0,3.4803429654393008,1.550272954534889,5.099713905899035,0.4769456441548911,0.0,-194326.39403686047
educational_VMEC/from_STELLOPT_246/STR/qas3,parvmec,success,,3,vmec_family,vmec_indata,wout_netcdf,0.08175082266938194,0.03562983403971078,3.427884205155954,1.674225767524351,5.215144295291172,0.4925064212251021,35905.62545726761,-194276.31049354645
educational_VMEC/from_STELLOPT_246/STR/qas3,spec,failed,Unsupported: SPEC requires a native .sp input,3,spec_mhd,spec_namelist,spec_hdf5,,,,,,,,
educational_VMEC/from_STELLOPT_246/STR/qas3,spectre,failed,Run failed,3,spectre_mhd,vmec_indata_or_spectre_toml,spectre_json,,,,,,,,
educational_VMEC/from_STELLOPT_246/STR/qas3,vmec2000,success,,3,vmec_family,vmec_indata,wout_netcdf,0.08175082266944698,0.035629834026281657,3.427884205155954,1.6742257625962522,5.215144295291172,0.49250641868397743,35905.62545726761,-194276.310493544
educational_VMEC/from_STELLOPT_246/STR/qas3,vmecpp,success,,3,vmec_family,vmec_indata,wout_netcdf,0.08175082200718592,0.0356296384370811,3.427884205155929,1.6741950951864955,5.215144295291181,0.4925030731303197,35905.62545726761,-194276.31049354695
educational_VMEC/from_STELLOPT_246/STR/qas3,vmex,success,,3,vmec_family,vmec_indata,wout_netcdf,0.0817508226677839,0.03562983436742153,3.4278842051559293,1.6742258881905607,5.215144295291181,0.49250648382219697,35905.62545726761,-194276.31049354596
educational_VMEC/from_STELLOPT_246/STR/str_hb,chease,failed,Unsupported: CHEASE requires a 2-D GEQDSK input,3,grad_shafranov,vmec_indata_via_geqdsk,geqdsk,,,,,,,,
educational_VMEC/from_STELLOPT_246/STR/str_hb,desc,success,,3,vmec_family,vmec_indata,wout_netcdf,0.028603426558955408,0.020059620843118763,2.752056845314716,1.0468256545719588,2.287371701866263,0.28376192866350275,22967.684700000005,-3.772643329939396
educational_VMEC/from_STELLOPT_246/STR/str_hb,educational_vmec,failed,Unsupported: required MGRID fixture unavailable: mgrid_022803a.nc,3,vmec_family,vmec_indata,wout_netcdf,,,,,,,,
educational_VMEC/from_STELLOPT_246/STR/str_hb,freegs,failed,Unsupported: FreeGS is restricted to 2-D Grad-Shafranov cases,3,grad_shafranov,vmec_indata_or_case,geqdsk,,,,,,,,
educational_VMEC/from_STELLOPT_246/STR/str_hb,gvec,failed,Unsupported: required MGRID fixture unavailable: mgrid_022803a.nc,3,vmec_family,vmec_indata,gvec_state,,,,,,,,
educational_VMEC/from_STELLOPT_246/STR/str_hb,jvmec,failed,Unsupported: required MGRID fixture unavailable: mgrid_022803a.nc,3,vmec_family,vmec_indata,wout_netcdf,,,,,,,,
educational_VMEC/from_STELLOPT_246/STR/str_hb,parvmec,failed,Unsupported: required MGRID fixture unavailable: mgrid_022803a.nc,3,vmec_family,vmec_indata,wout_netcdf,,,,,,,,
educational_VMEC/from_STELLOPT_246/STR/str_hb,spec,failed,Unsupported: SPEC requires a native .sp input,3,spec_mhd,spec_namelist,spec_hdf5,,,,,,,,
educational_VMEC/from_STELLOPT_246/STR/str_hb,spectre,failed,Unsupported: required MGRID fixture unavailable: mgrid_022803a.nc,3,spectre_mhd,vmec_indata_or_spectre_toml,spectre_json,,,,,,,,
educational_VMEC/from_STELLOPT_246/STR/str_hb,vmec2000,failed,Unsupported: required MGRID fixture unavailable: mgrid_022803a.nc,3,vmec_family,vmec_indata,wout_netcdf,,,,,,,,
educational_VMEC/from_STELLOPT_246/STR/str_hb,vmecpp,failed,Unsupported: required MGRID fixture unavailable: mgrid_022803a.nc,3,vmec_family,vmec_indata,wout_netcdf,,,,,,,,
educational_VMEC/from_STELLOPT_246/STR/str_hb,vmex,failed,Unsupported: required MGRID fixture unavailable: mgrid_022803a.nc,3,vmec_family,vmec_indata,wout_netcdf,,,,,,,,
educational_VMEC/from_STELLOPT_246/STR/str_lb,chease,failed,Unsupported: CHEASE requires a 2-D GEQDSK input,3,grad_shafranov,vmec_indata_via_geqdsk,geqdsk,,,,,,,,
educational_VMEC/from_STELLOPT_246/STR/str_lb,desc,success,,3,vmec_family,vmec_indata,wout_netcdf,0.028600776909571593,1.986931550940176e-06,2.7520568453130885,1.0459652289663037,2.2873717018649087,0.28136386525032137,2.29676847,-3.7726433298857875
educational_VMEC/from_STELLOPT_246/STR/str_lb,educational_vmec,failed,Unsupported: required MGRID fixture unavailable: mgrid_022803a.nc,3,vmec_family,vmec_indata,wout_netcdf,,,,,,,,
educational_VMEC/from_STELLOPT_246/STR/str_lb,freegs,failed,Unsupported: FreeGS is restricted to 2-D Grad-Shafranov cases,3,grad_shafranov,vmec_indata_or_case,geqdsk,,,,,,,,
educational_VMEC/from_STELLOPT_246/STR/str_lb,gvec,failed,Unsupported: required MGRID fixture unavailable: mgrid_022803a.nc,3,vmec_family,vmec_indata,gvec_state,,,,,,,,
educational_VMEC/from_STELLOPT_246/STR/str_lb,jvmec,failed,Unsupported: required MGRID fixture unavailable: mgrid_022803a.nc,3,vmec_family,vmec_indata,wout_netcdf,,,,,,,,
educational_VMEC/from_STELLOPT_246/STR/str_lb,parvmec,failed,Unsupported: required MGRID fixture unavailable: mgrid_022803a.nc,3,vmec_family,vmec_indata,wout_netcdf,,,,,,,,
educational_VMEC/from_STELLOPT_246/STR/str_lb,spec,failed,Unsupported: SPEC requires a native .sp input,3,spec_mhd,spec_namelist,spec_hdf5,,,,,,,,
educational_VMEC/from_STELLOPT_246/STR/str_lb,spectre,failed,Unsupported: required MGRID fixture unavailable: mgrid_022803a.nc,3,spectre_mhd,vmec_indata_or_spectre_toml,spectre_json,,,,,,,,
educational_VMEC/from_STELLOPT_246/STR/str_lb,vmec2000,failed,Unsupported: required MGRID fixture unavailable: mgrid_022803a.nc,3,vmec_family,vmec_indata,wout_netcdf,,,,,,,,
educational_VMEC/from_STELLOPT_246/STR/str_lb,vmecpp,failed,Unsupported: required MGRID fixture unavailable: mgrid_022803a.nc,3,vmec_family,vmec_indata,wout_netcdf,,,,,,,,
educational_VMEC/from_STELLOPT_246/STR/str_lb,vmex,failed,Unsupported: required MGRID fixture unavailable: mgrid_022803a.nc,3,vmec_family,vmec_indata,wout_netcdf,,,,,,,,
educational_VMEC/from_STELLOPT_246/atf,chease,failed,Unsupported: CHEASE requires a 2-D GEQDSK input,3,grad_shafranov,vmec_indata_via_geqdsk,geqdsk,,,,,,,,
educational_VMEC/from_STELLOPT_246/atf,desc,success,,3,vmec_family,vmec_indata,wout_netcdf,0.0550526775567159,0.010730344133736407,7.6795453672524125,1.670907729655889,1.6938174613554156,8.97,36500.0,-1367643.5110599059
educational_VMEC/from_STELLOPT_246/atf,educational_vmec,success,,3,vmec_family,vmec_indata,wout_netcdf,0.048902083168546946,0.02503850953126511,7.6795453648118706,1.8137754083598783,1.6938174608171233,0.9699250000000001,59893.027542178854,-21890.89466245377
educational_VMEC/from_STELLOPT_246/atf,freegs,failed,Unsupported: FreeGS is restricted to 2-D Grad-Shafranov cases,3,grad_shafranov,vmec_indata_or_case,geqdsk,,,,,,,,
educational_VMEC/from_STELLOPT_246/atf,gvec,success,,3,vmec_family,vmec_indata,gvec_state,,,7.679545364811878,1.81273136633745,1.69381746081712,-0.97,36500.0,
educational_VMEC/from_STELLOPT_246/atf,jvmec,success,,3,vmec_family,vmec_indata,wout_netcdf,0.04890079787045723,0.0,7.679898272721218,1.8198332436236693,1.6935949121471976,0.9699249999999997,0.0,-19045.84131602694
educational_VMEC/from_STELLOPT_246/atf,parvmec,success,,3,vmec_family,vmec_indata,wout_netcdf,0.04890079549419554,0.025023254150710553,7.6795453648118706,1.819829660132728,1.6938174608171233,0.9699250000000001,59176.88177778759,-19045.782628945275
educational_VMEC/from_STELLOPT_246/atf,spec,failed,Unsupported: SPEC requires a native .sp input,3,spec_mhd,spec_namelist,spec_hdf5,,,,,,,,
educational_VMEC/from_STELLOPT_246/atf,spectre,failed,Run failed,3,spectre_mhd,vmec_indata_or_spectre_toml,spectre_json,,,,,,,,
educational_VMEC/from_STELLOPT_246/atf,vmec2000,success,,3,vmec_family,vmec_indata,wout_netcdf,0.04890079549419543,0.02502325415071165,7.6795453648118706,1.8198296601316952,1.6938174608171233,0.9699250000000001,59176.88177791817,-19045.782629168778
educational_VMEC/from_STELLOPT_246/atf,vmecpp,success,,3,vmec_family,vmec_indata,wout_netcdf,0.04890079285758508,0.025023290375525073,7.679545364811843,1.819855906908792,1.693817460817118,0.9699250000000001,59173.560641795775,-19044.575506935387
educational_VMEC/from_STELLOPT_246/atf,vmex,success,,3,vmec_family,vmec_indata,wout_netcdf,0.04890079549419544,0.025023254150711258,7.6795453648118315,1.8198296601325994,1.6938174608171195,0.9699250000000001,59176.881777811366,-19045.782629233225
educational_VMEC/from_STELLOPT_246/atf0,chease,failed,Unsupported: CHEASE requires a 2-D GEQDSK input,3,grad_shafranov,vmec_indata_via_geqdsk,geqdsk,,,,,,,,
educational_VMEC/from_STELLOPT_246/atf0,desc,success,,3,vmec_family,vmec_indata,wout_netcdf,0.05538694723575738,0.010774892302857903,7.679256032073904,1.7123146795135062,1.6938044284534275,8.97,36500.0,-1331979.0939713954
educational_VMEC/from_STELLOPT_246/atf0,educational_vmec,success,,3,vmec_family,vmec_indata,wout_netcdf,0.04890114647357653,0.025042252249682054,7.67925602798276,1.81320533599936,1.6938044275510518,0.9699250000000001,60004.248624208914,-21611.770263683607
educational_VMEC/from_STELLOPT_246/atf0,freegs,failed,Unsupported: FreeGS is restricted to 2-D Grad-Shafranov cases,3,grad_shafranov,vmec_indata_or_case,geqdsk,,,,,,,,
educational_VMEC/from_STELLOPT_246/atf0,gvec,success,,3,vmec_family,vmec_indata,gvec_state,,,7.679256027982811,1.81286261603849,1.69380442755106,-0.97,36500.0,
educational_VMEC/from_STELLOPT_246/atf0,jvmec,success,,3,vmec_family,vmec_indata,wout_netcdf,0.0489000006776929,0.0,7.679463524049393,1.8197144418597253,1.693711075569355,0.9699249999999997,0.0,-18739.11180158746
educational_VMEC/from_STELLOPT_246/atf0,parvmec,success,,3,vmec_family,vmec_indata,wout_netcdf,0.048899998121140785,0.025026780268066633,7.67925602798276,1.8197176474336434,1.6938044275510518,0.9699250000000001,59215.39565031862,-18740.061272239127
educational_VMEC/from_STELLOPT_246/atf0,spec,failed,Unsupported: SPEC requires a native .sp input,3,spec_mhd,spec_namelist,spec_hdf5,,,,,,,,
educational_VMEC/from_STELLOPT_246/atf0,spectre,failed,Run failed,3,spectre_mhd,vmec_indata_or_spectre_toml,spectre_json,,,,,,,,
educational_VMEC/from_STELLOPT_246/atf0,vmec2000,success,,3,vmec_family,vmec_indata,wout_netcdf,0.0488999981211409,0.025026780268067178,7.67925602798276,1.81971764743115,1.6938044275510518,0.9699250000000001,59215.39565061483,-18740.06127229024
educational_VMEC/from_STELLOPT_246/atf0,vmecpp,success,,3,vmec_family,vmec_indata,wout_netcdf,0.04889999611964984,0.0250267980264785,7.6792560279828015,1.81974374880967,1.6938044275510555,0.9699250000000001,59211.498420878306,-18739.465559578246
educational_VMEC/from_STELLOPT_246/atf0,vmex,success,,3,vmec_family,vmec_indata,wout_netcdf,0.04889999812114116,0.025026780268066824,7.679256027982771,1.819717647433758,1.693804427551054,0.9699250000000001,59215.39565030819,-18740.061272131432
educational_VMEC/from_STELLOPT_246/bean,chease,failed,Unsupported: CHEASE requires a 2-D GEQDSK input,3,grad_shafranov,vmec_indata_via_geqdsk,geqdsk,,,,,,,,
educational_VMEC/from_STELLOPT_246/bean,desc,failed,Run failed,3,vmec_family,vmec_indata,wout_netcdf,,,,,,,,
educational_VMEC/from_STELLOPT_246/bean,educational_vmec,failed,Unsupported: required MGRID fixture unavailable: mgrid.tftr,3,vmec_family,vmec_indata,wout_netcdf,,,,,,,,
educational_VMEC/from_STELLOPT_246/bean,freegs,failed,Unsupported: FreeGS is restricted to 2-D Grad-Shafranov cases,3,grad_shafranov,vmec_indata_or_case,geqdsk,,,,,,,,
educational_VMEC/from_STELLOPT_246/bean,gvec,failed,Unsupported: required MGRID fixture unavailable: mgrid.tftr,3,vmec_family,vmec_indata,gvec_state,,,,,,,,
educational_VMEC/from_STELLOPT_246/bean,jvmec,failed,Unsupported: required MGRID fixture unavailable: mgrid.tftr,3,vmec_family,vmec_indata,wout_netcdf,,,,,,,,
educational_VMEC/from_STELLOPT_246/bean,parvmec,failed,Unsupported: required MGRID fixture unavailable: mgrid.tftr,3,vmec_family,vmec_indata,wout_netcdf,,,,,,,,
educational_VMEC/from_STELLOPT_246/bean,spec,failed,Unsupported: SPEC requires a native .sp input,3,spec_mhd,spec_namelist,spec_hdf5,,,,,,,,
educational_VMEC/from_STELLOPT_246/bean,spectre,failed,Unsupported: required MGRID fixture unavailable: mgrid.tftr,3,spectre_mhd,vmec_indata_or_spectre_toml,spectre_json,,,,,,,,
educational_VMEC/from_STELLOPT_246/bean,vmec2000,failed,Unsupported: required MGRID fixture unavailable: mgrid.tftr,3,vmec_family,vmec_indata,wout_netcdf,,,,,,,,
educational_VMEC/from_STELLOPT_246/bean,vmecpp,failed,Unsupported: required MGRID fixture unavailable: mgrid.tftr,3,vmec_family,vmec_indata,wout_netcdf,,,,,,,,
educational_VMEC/from_STELLOPT_246/bean,vmex,failed,Unsupported: required MGRID fixture unavailable: mgrid.tftr,3,vmec_family,vmec_indata,wout_netcdf,,,,,,,,
educational_VMEC/from_STELLOPT_246/belt,chease,failed,Unsupported: CHEASE requires a 2-D GEQDSK input,3,grad_shafranov,vmec_indata_via_geqdsk,geqdsk,,,,,,,,
educational_VMEC/from_STELLOPT_246/belt,desc,failed,Run failed,3,vmec_family,vmec_indata,wout_netcdf,,,,,,,,
educational_VMEC/from_STELLOPT_246/belt,educational_vmec,failed,Unsupported: required MGRID fixture unavailable: mgrid.tftr,3,vmec_family,vmec_indata,wout_netcdf,,,,,,,,
educational_VMEC/from_STELLOPT_246/belt,freegs,failed,Unsupported: FreeGS is restricted to 2-D Grad-Shafranov cases,3,grad_shafranov,vmec_indata_or_case,geqdsk,,,,,,,,
educational_VMEC/from_STELLOPT_246/belt,gvec,failed,Unsupported: required MGRID fixture unavailable: mgrid.tftr,3,vmec_family,vmec_indata,gvec_state,,,,,,,,
educational_VMEC/from_STELLOPT_246/belt,jvmec,failed,Unsupported: required MGRID fixture unavailable: mgrid.tftr,3,vmec_family,vmec_indata,wout_netcdf,,,,,,,,
educational_VMEC/from_STELLOPT_246/belt,parvmec,failed,Unsupported: required MGRID fixture unavailable: mgrid.tftr,3,vmec_family,vmec_indata,wout_netcdf,,,,,,,,
educational_VMEC/from_STELLOPT_246/belt,spec,failed,Unsupported: SPEC requires a native .sp input,3,spec_mhd,spec_namelist,spec_hdf5,,,,,,,,
educational_VMEC/from_STELLOPT_246/belt,spectre,failed,Unsupported: required MGRID fixture unavailable: mgrid.tftr,3,spectre_mhd,vmec_indata_or_spectre_toml,spectre_json,,,,,,,,
educational_VMEC/from_STELLOPT_246/belt,vmec2000,failed,Unsupported: required MGRID fixture unavailable: mgrid.tftr,3,vmec_family,vmec_indata,wout_netcdf,,,,,,,,
educational_VMEC/from_STELLOPT_246/belt,vmecpp,failed,Unsupported: required MGRID fixture unavailable: mgrid.tftr,3,vmec_family,vmec_indata,wout_netcdf,,,,,,,,
educational_VMEC/from_STELLOPT_246/belt,vmex,failed,Unsupported: required MGRID fixture unavailable: mgrid.tftr,3,vmec_family,vmec_indata,wout_netcdf,,,,,,,,
educational_VMEC/from_STELLOPT_246/dshape,chease,failed,Unsupported: CHEASE requires a 2-D GEQDSK input,3,grad_shafranov,vmec_indata_via_geqdsk,geqdsk,,,,,,,,
educational_VMEC/from_STELLOPT_246/dshape,desc,success,,3,vmec_family,vmec_indata,wout_netcdf,10.391422159858475,0.022240754465280094,2.5917816803942757,3.1879965890211874,81.51498281008337,0.14827682999993685,276299.34,1482670.5247709665
educational_VMEC/from_STELLOPT_246/dshape,educational_vmec,failed,Unsupported: required MGRID fixture unavailable: mgrid.tftr,3,vmec_family,vmec_indata,wout_netcdf,,,,,,,,
educational_VMEC/from_STELLOPT_246/dshape,freegs,failed,Unsupported: FreeGS is restricted to 2-D Grad-Shafranov cases,3,grad_shafranov,vmec_indata_or_case,geqdsk,,,,,,,,
educational_VMEC/from_STELLOPT_246/dshape,gvec,failed,Unsupported: required MGRID fixture unavailable: mgrid.tftr,3,vmec_family,vmec_indata,gvec_state,,,,,,,,
educational_VMEC/from_STELLOPT_246/dshape,jvmec,failed,Unsupported: required MGRID fixture unavailable: mgrid.tftr,3,vmec_family,vmec_indata,wout_netcdf,,,,,,,,
educational_VMEC/from_STELLOPT_246/dshape,parvmec,failed,Unsupported: required MGRID fixture unavailable: mgrid.tftr,3,vmec_family,vmec_indata,wout_netcdf,,,,,,,,
educational_VMEC/from_STELLOPT_246/dshape,spec,failed,Unsupported: SPEC requires a native .sp input,3,spec_mhd,spec_namelist,spec_hdf5,,,,,,,,
educational_VMEC/from_STELLOPT_246/dshape,spectre,failed,Unsupported: required MGRID fixture unavailable: mgrid.tftr,3,spectre_mhd,vmec_indata_or_spectre_toml,spectre_json,,,,,,,,
educational_VMEC/from_STELLOPT_246/dshape,vmec2000,failed,Unsupported: required MGRID fixture unavailable: mgrid.tftr,3,vmec_family,vmec_indata,wout_netcdf,,,,,,,,
educational_VMEC/from_STELLOPT_246/dshape,vmecpp,failed,Unsupported: required MGRID fixture unavailable: mgrid.tftr,3,vmec_family,vmec_indata,wout_netcdf,,,,,,,,
educational_VMEC/from_STELLOPT_246/dshape,vmex,failed,Unsupported: required MGRID fixture unavailable: mgrid.tftr,3,vmec_family,vmec_indata,wout_netcdf,,,,,,,,
educational_VMEC/from_STELLOPT_246/ellipse,chease,failed,Unsupported: CHEASE requires a 2-D GEQDSK input,3,grad_shafranov,vmec_indata_via_geqdsk,geqdsk,,,,,,,,
educational_VMEC/from_STELLOPT_246/ellipse,desc,success,,3,vmec_family,vmec_indata,wout_netcdf,3.1706576623347313,0.29623490537219727,1.2247202661172971,3.1210333195601994,355.3200357396875,0.14827682999993685,276299.34,4532619.576701165
educational_VMEC/from_STELLOPT_246/ellipse,educational_vmec,failed,Unsupported: required MGRID fixture unavailable: mgrid.tftr,3,vmec_family,vmec_indata,wout_netcdf,,,,,,,,
educational_VMEC/from_STELLOPT_246/ellipse,freegs,failed,Unsupported: FreeGS is restricted to 2-D Grad-Shafranov cases,3,grad_shafranov,vmec_indata_or_case,geqdsk,,,,,,,,
educational_VMEC/from_STELLOPT_246/ellipse,gvec,failed,Unsupported: required MGRID fixture unavailable: mgrid.tftr,3,vmec_family,vmec_indata,gvec_state,,,,,,,,
educational_VMEC/from_STELLOPT_246/ellipse,jvmec,failed,Unsupported: required MGRID fixture unavailable: mgrid.tftr,3,vmec_family,vmec_indata,wout_netcdf,,,,,,,,
educational_VMEC/from_STELLOPT_246/ellipse,parvmec,failed,Unsupported: required MGRID fixture unavailable: mgrid.tftr,3,vmec_family,vmec_indata,wout_netcdf,,,,,,,,
educational_VMEC/from_STELLOPT_246/ellipse,spec,failed,Unsupported: SPEC requires a native .sp input,3,spec_mhd,spec_namelist,spec_hdf5,,,,,,,,
educational_VMEC/from_STELLOPT_246/ellipse,spectre,failed,Unsupported: required MGRID fixture unavailable: mgrid.tftr,3,spectre_mhd,vmec_indata_or_spectre_toml,spectre_json,,,,,,,,
educational_VMEC/from_STELLOPT_246/ellipse,vmec2000,failed,Unsupported: required MGRID fixture unavailable: mgrid.tftr,3,vmec_family,vmec_indata,wout_netcdf,,,,,,,,
educational_VMEC/from_STELLOPT_246/ellipse,vmecpp,failed,Unsupported: required MGRID fixture unavailable: mgrid.tftr,3,vmec_family,vmec_indata,wout_netcdf,,,,,,,,
educational_VMEC/from_STELLOPT_246/ellipse,vmex,failed,Unsupported: required MGRID fixture unavailable: mgrid.tftr,3,vmec_family,vmec_indata,wout_netcdf,,,,,,,,
educational_VMEC/from_STELLOPT_246/isaev1,chease,failed,Unsupported: CHEASE requires a 2-D GEQDSK input,3,grad_shafranov,vmec_indata_via_geqdsk,geqdsk,,,,,,,,
educational_VMEC/from_STELLOPT_246/isaev1,desc,success,,3,vmec_family,vmec_indata,wout_netcdf,0.12394113907653086,3.5215080690719617e-05,3.3709537641190326,2.818467546903389,42.3660664600305,0.7001084135940593,1e-08,2.013220585174155e-05
educational_VMEC/from_STELLOPT_246/isaev1,educational_vmec,success,,3,vmec_family,vmec_indata,wout_netcdf,0.12393657008680373,5.2141722901481406e-14,3.3709537641188527,2.874544296943721,42.36606646002812,0.695709601812796,1.0000000000000002e-08,-4.160625836913123e-10
educational_VMEC/from_STELLOPT_246/isaev1,freegs,failed,Unsupported: FreeGS is restricted to 2-D Grad-Shafranov cases,3,grad_shafranov,vmec_indata_or_case,geqdsk,,,,,,,,
educational_VMEC/from_STELLOPT_246/isaev1,gvec,success,,3,vmec_family,vmec_indata,gvec_state,,,3.3709537641188656,2.88282435189017,42.3660664600282,-0.733660041477611,1e-08,
educational_VMEC/from_STELLOPT_246/isaev1,jvmec,success,,3,vmec_family,vmec_indata,wout_netcdf,0.12393233889198986,0.0,3.370953764118865,2.882713904818572,42.36606646002829,0.7356392941308691,0.0,1.4891516839088403e-09
educational_VMEC/from_STELLOPT_246/isaev1,parvmec,success,,3,vmec_family,vmec_indata,wout_netcdf,0.1239323369872054,5.214129593556141e-14,3.3709537641188527,2.883042033701826,42.36606646002812,0.7355957650875609,1.0000000000000002e-08,-4.190441396656474e-10
educational_VMEC/from_STELLOPT_246/isaev1,spec,failed,Unsupported: SPEC requires a native .sp input,3,spec_mhd,spec_namelist,spec_hdf5,,,,,,,,
educational_VMEC/from_STELLOPT_246/isaev1,spectre,failed,Run failed,3,spectre_mhd,vmec_indata_or_spectre_toml,spectre_json,,,,,,,,
educational_VMEC/from_STELLOPT_246/isaev1,vmec2000,success,,3,vmec_family,vmec_indata,wout_netcdf,0.12393233698720714,5.214129593555608e-14,3.3709537641188527,2.883042033703521,42.36606646002812,0.7355957650886628,1.0000000000000002e-08,-8.109832250191573e-10
educational_VMEC/from_STELLOPT_246/isaev1,vmecpp,success,,3,vmec_family,vmec_indata,wout_netcdf,0.12393233685886972,5.214125519099748e-14,3.3709537641188496,2.8829760496567003,42.366066460028165,0.7354451330187552,1.0000000000000002e-08,7.982438494924526e-10
educational_VMEC/from_STELLOPT_246/isaev1,vmex,success,,3,vmec_family,vmec_indata,wout_netcdf,0.12393233698720639,5.214129593555281e-14,3.3709537641188514,2.8830420337041023,42.36606646002816,0.7355957650886382,1.0000000000000002e-08,-1.8160386389132197e-10
educational_VMEC/from_STELLOPT_246/laz,chease,failed,Unsupported: CHEASE requires a 2-D GEQDSK input,3,grad_shafranov,vmec_indata_via_geqdsk,geqdsk,,,,,,,,
educational_VMEC/from_STELLOPT_246/laz,desc,success,,3,vmec_family,vmec_indata,wout_netcdf,0.9811960174560874,0.0063170720764137486,2.028535795633871,1.7131947580964357,20.05756012979634,-0.13958089685648256,42291.380000000005,-889806.880000554
educational_VMEC/from_STELLOPT_246/laz,educational_vmec,failed,Unsupported: required MGRID fixture unavailable: ..\..\MAKEGRID\Examples\mgrid_d3d_ef.nc,3,vmec_family,vmec_indata,wout_netcdf,,,,,,,,
educational_VMEC/from_STELLOPT_246/laz,freegs,failed,Unsupported: FreeGS is restricted to 2-D Grad-Shafranov cases,3,grad_shafranov,vmec_indata_or_case,geqdsk,,,,,,,,
educational_VMEC/from_STELLOPT_246/laz,gvec,failed,Unsupported: required MGRID fixture unavailable: ..\..\MAKEGRID\Examples\mgrid_d3d_ef.nc,3,vmec_family,vmec_indata,gvec_state,,,,,,,,
educational_VMEC/from_STELLOPT_246/laz,jvmec,failed,Unsupported: required MGRID fixture unavailable: ..\..\MAKEGRID\Examples\mgrid_d3d_ef.nc,3,vmec_family,vmec_indata,wout_netcdf,,,,,,,,
educational_VMEC/from_STELLOPT_246/laz,parvmec,failed,Unsupported: required MGRID fixture unavailable: ..\..\MAKEGRID\Examples\mgrid_d3d_ef.nc,3,vmec_family,vmec_indata,wout_netcdf,,,,,,,,
educational_VMEC/from_STELLOPT_246/laz,spec,failed,Unsupported: SPEC requires a native .sp input,3,spec_mhd,spec_namelist,spec_hdf5,,,,,,,,
educational_VMEC/from_STELLOPT_246/laz,spectre,failed,Unsupported: required MGRID fixture unavailable: ..\..\MAKEGRID\Examples\mgrid_d3d_ef.nc,3,spectre_mhd,vmec_indata_or_spectre_toml,spectre_json,,,,,,,,
educational_VMEC/from_STELLOPT_246/laz,vmec2000,failed,Unsupported: required MGRID fixture unavailable: ..\..\MAKEGRID\Examples\mgrid_d3d_ef.nc,3,vmec_family,vmec_indata,wout_netcdf,,,,,,,,
educational_VMEC/from_STELLOPT_246/laz,vmecpp,failed,Unsupported: required MGRID fixture unavailable: ..\..\MAKEGRID\Examples\mgrid_d3d_ef.nc,3,vmec_family,vmec_indata,wout_netcdf,,,,,,,,
educational_VMEC/from_STELLOPT_246/laz,vmex,failed,Unsupported: required MGRID fixture unavailable: ..\..\MAKEGRID\Examples\mgrid_d3d_ef.nc,3,vmec_family,vmec_indata,wout_netcdf,,,,,,,,
educational_VMEC/from_STELLOPT_246/qas3_p4,chease,failed,Unsupported: CHEASE requires a 2-D GEQDSK input,3,grad_shafranov,vmec_indata_via_geqdsk,geqdsk,,,,,,,,
educational_VMEC/from_STELLOPT_246/qas3_p4,desc,success,,3,vmec_family,vmec_indata,wout_netcdf,0.08173399784894239,0.03483854258424525,3.427884205156138,1.5591585993028818,5.215144295291496,0.09164951628157428,35854.015799999994,194319.99996999998
educational_VMEC/from_STELLOPT_246/qas3_p4,educational_vmec,success,,3,vmec_family,vmec_indata,wout_netcdf,0.08178634857200305,0.03517810971971042,3.427884205155954,1.5969637391133493,5.215144295291172,0.46348494815456165,35905.62545726761,-194276.31049354636
educational_VMEC/from_STELLOPT_246/qas3_p4,freegs,failed,Unsupported: FreeGS is restricted to 2-D Grad-Shafranov cases,3,grad_shafranov,vmec_indata_or_case,geqdsk,,,,,,,,
educational_VMEC/from_STELLOPT_246/qas3_p4,gvec,failed,Run failed,3,vmec_family,vmec_indata,gvec_state,,,,,,,,
educational_VMEC/from_STELLOPT_246/qas3_p4,jvmec,success,,3,vmec_family,vmec_indata,wout_netcdf,0.08195905322089686,0.0,3.4803429654393008,1.550272954534889,5.099713905899035,0.4769456441548911,0.0,-194326.39403686047
educational_VMEC/from_STELLOPT_246/qas3_p4,parvmec,success,,3,vmec_family,vmec_indata,wout_netcdf,0.08175082266938194,0.03562983403971078,3.427884205155954,1.674225767524351,5.215144295291172,0.4925064212251021,35905.62545726761,-194276.31049354645
educational_VMEC/from_STELLOPT_246/qas3_p4,spec,failed,Unsupported: SPEC requires a native .sp input,3,spec_mhd,spec_namelist,spec_hdf5,,,,,,,,
educational_VMEC/from_STELLOPT_246/qas3_p4,spectre,failed,Run failed,3,spectre_mhd,vmec_indata_or_spectre_toml,spectre_json,,,,,,,,
educational_VMEC/from_STELLOPT_246/qas3_p4,vmec2000,success,,3,vmec_family,vmec_indata,wout_netcdf,0.08175082266944698,0.035629834026281657,3.427884205155954,1.6742257625962522,5.215144295291172,0.49250641868397743,35905.62545726761,-194276.310493544
educational_VMEC/from_STELLOPT_246/qas3_p4,vmecpp,success,,3,vmec_family,vmec_indata,wout_netcdf,0.08175082200718592,0.0356296384370811,3.427884205155929,1.6741950951864955,5.215144295291181,0.4925030731303197,35905.62545726761,-194276.31049354695
educational_VMEC/from_STELLOPT_246/qas3_p4,vmex,success,,3,vmec_family,vmec_indata,wout_netcdf,0.0817508226677839,0.03562983436742153,3.4278842051559293,1.6742258881905607,5.215144295291181,0.49250648382219697,35905.62545726761,-194276.31049354596
educational_VMEC/from_STELLOPT_246/qps,chease,failed,Unsupported: CHEASE requires a 2-D GEQDSK input,3,grad_shafranov,vmec_indata_via_geqdsk,geqdsk,,,,,,,,
educational_VMEC/from_STELLOPT_246/qps,desc,success,,3,vmec_family,vmec_indata,wout_netcdf,-0.024137199102686125,0.018872862250787464,-2.7206229953442516,0.9744709981799431,-1.8840678036724317,-0.2769728469723344,22324.2938,-45970.66019999996
educational_VMEC/from_STELLOPT_246/qps,educational_vmec,failed,Unsupported: required MGRID fixture unavailable: ..\..\MAKEGRID\Examples\mgrid_qps.nc,3,vmec_family,vmec_indata,wout_netcdf,,,,,,,,
educational_VMEC/from_STELLOPT_246/qps,freegs,failed,Unsupported: FreeGS is restricted to 2-D Grad-Shafranov cases,3,grad_shafranov,vmec_indata_or_case,geqdsk,,,,,,,,
educational_VMEC/from_STELLOPT_246/qps,gvec,failed,Unsupported: required MGRID fixture unavailable: ..\..\MAKEGRID\Examples\mgrid_qps.nc,3,vmec_family,vmec_indata,gvec_state,,,,,,,,
educational_VMEC/from_STELLOPT_246/qps,jvmec,failed,Unsupported: required MGRID fixture unavailable: ..\..\MAKEGRID\Examples\mgrid_qps.nc,3,vmec_family,vmec_indata,wout_netcdf,,,,,,,,
educational_VMEC/from_STELLOPT_246/qps,parvmec,failed,Unsupported: required MGRID fixture unavailable: ..\..\MAKEGRID\Examples\mgrid_qps.nc,3,vmec_family,vmec_indata,wout_netcdf,,,,,,,,
educational_VMEC/from_STELLOPT_246/qps,spec,failed,Unsupported: SPEC requires a native .sp input,3,spec_mhd,spec_namelist,spec_hdf5,,,,,,,,
educational_VMEC/from_STELLOPT_246/qps,spectre,failed,Unsupported: required MGRID fixture unavailable: ..\..\MAKEGRID\Examples\mgrid_qps.nc,3,spectre_mhd,vmec_indata_or_spectre_toml,spectre_json,,,,,,,,
educational_VMEC/from_STELLOPT_246/qps,vmec2000,failed,Unsupported: required MGRID fixture unavailable: ..\..\MAKEGRID\Examples\mgrid_qps.nc,3,vmec_family,vmec_indata,wout_netcdf,,,,,,,,
educational_VMEC/from_STELLOPT_246/qps,vmecpp,failed,Unsupported: required MGRID fixture unavailable: ..\..\MAKEGRID\Examples\mgrid_qps.nc,3,vmec_family,vmec_indata,wout_netcdf,,,,,,,,
educational_VMEC/from_STELLOPT_246/qps,vmex,failed,Unsupported: required MGRID fixture unavailable: ..\..\MAKEGRID\Examples\mgrid_qps.nc,3,vmec_family,vmec_indata,wout_netcdf,,,,,,,,
educational_VMEC/from_STELLOPT_246/single_null,chease,failed,Unsupported: CHEASE requires a 2-D GEQDSK input,3,grad_shafranov,vmec_indata_via_geqdsk,geqdsk,,,,,,,,
educational_VMEC/from_STELLOPT_246/single_null,desc,success,,3,vmec_family,vmec_indata,wout_netcdf,0.9262052245189935,0.00290231077992183,2.423371120838162,1.6976357867950038,14.954709485939924,-0.2596055601015007,17426.84,1166219.6700212199
educational_VMEC/from_STELLOPT_246/single_null,educational_vmec,failed,Unsupported: required MGRID fixture unavailable: /a51/mgrids/mgrid.d3d_ef,3,vmec_family,vmec_indata,wout_netcdf,,,,,,,,
educational_VMEC/from_STELLOPT_246/single_null,freegs,failed,Unsupported: FreeGS is restricted to 2-D Grad-Shafranov cases,3,grad_shafranov,vmec_indata_or_case,geqdsk,,,,,,,,
educational_VMEC/from_STELLOPT_246/single_null,gvec,failed,Unsupported: required MGRID fixture unavailable: /a51/mgrids/mgrid.d3d_ef,3,vmec_family,vmec_indata,gvec_state,,,,,,,,
educational_VMEC/from_STELLOPT_246/single_null,jvmec,failed,Unsupported: required MGRID fixture unavailable: /a51/mgrids/mgrid.d3d_ef,3,vmec_family,vmec_indata,wout_netcdf,,,,,,,,
educational_VMEC/from_STELLOPT_246/single_null,parvmec,failed,Unsupported: required MGRID fixture unavailable: /a51/mgrids/mgrid.d3d_ef,3,vmec_family,vmec_indata,wout_netcdf,,,,,,,,
educational_VMEC/from_STELLOPT_246/single_null,spec,failed,Unsupported: SPEC requires a native .sp input,3,spec_mhd,spec_namelist,spec_hdf5,,,,,,,,
educational_VMEC/from_STELLOPT_246/single_null,spectre,failed,Unsupported: required MGRID fixture unavailable: /a51/mgrids/mgrid.d3d_ef,3,spectre_mhd,vmec_indata_or_spectre_toml,spectre_json,,,,,,,,
educational_VMEC/from_STELLOPT_246/single_null,vmec2000,failed,Unsupported: required MGRID fixture unavailable: /a51/mgrids/mgrid.d3d_ef,3,vmec_family,vmec_indata,wout_netcdf,,,,,,,,
educational_VMEC/from_STELLOPT_246/single_null,vmecpp,failed,Unsupported: required MGRID fixture unavailable: /a51/mgrids/mgrid.d3d_ef,3,vmec_family,vmec_indata,wout_netcdf,,,,,,,,
educational_VMEC/from_STELLOPT_246/single_null,vmex,failed,Unsupported: required MGRID fixture unavailable: /a51/mgrids/mgrid.d3d_ef,3,vmec_family,vmec_indata,wout_netcdf,,,,,,,,
educational_VMEC/from_STELLOPT_246/vinotron.m8_p4,chease,failed,Unsupported: CHEASE requires a 2-D GEQDSK input,3,grad_shafranov,vmec_indata_via_geqdsk,geqdsk,,,,,,,,
educational_VMEC/from_STELLOPT_246/vinotron.m8_p4,desc,success,,3,vmec_family,vmec_indata,wout_netcdf,4.493121094430516,0.00037958300475446485,10.662042056851885,10.256555316958494,203.26282257215726,2.6995553131228354,795.8,1.4061138872106176e-10
educational_VMEC/from_STELLOPT_246/vinotron.m8_p4,educational_vmec,success,,3,vmec_family,vmec_indata,wout_netcdf,4.492298284527427,0.0003872686545274569,10.662042056849096,10.353057521546555,203.2628225721037,2.7944373756320267,799.0533308694461,2.3050138187041824e-09
educational_VMEC/from_STELLOPT_246/vinotron.m8_p4,freegs,failed,Unsupported: FreeGS is restricted to 2-D Grad-Shafranov cases,3,grad_shafranov,vmec_indata_or_case,geqdsk,,,,,,,,
educational_VMEC/from_STELLOPT_246/vinotron.m8_p4,gvec,failed,Run failed,3,vmec_family,vmec_indata,gvec_state,,,,,,,,
educational_VMEC/from_STELLOPT_246/vinotron.m8_p4,jvmec,success,,3,vmec_family,vmec_indata,wout_netcdf,4.4922414371684445,0.0,10.640843065848355,10.356279569672417,202.55206285550756,2.8002539159468087,0.0,-1.7520707107365752e-09
educational_VMEC/from_STELLOPT_246/vinotron.m8_p4,parvmec,success,,3,vmec_family,vmec_indata,wout_netcdf,4.492240781072618,0.0003867181043139467,10.662042056849096,10.356312346708366,203.26282257210363,2.800172049198183,799.8726914346344,2.3548871186385156e-09
educational_VMEC/from_STELLOPT_246/vinotron.m8_p4,spec,failed,Unsupported: SPEC requires a native .sp input,3,spec_mhd,spec_namelist,spec_hdf5,,,,,,,,
educational_VMEC/from_STELLOPT_246/vinotron.m8_p4,spectre,failed,Run failed,3,spectre_mhd,vmec_indata_or_spectre_toml,spectre_json,,,,,,,,
educational_VMEC/from_STELLOPT_246/vinotron.m8_p4,vmec2000,success,,3,vmec_family,vmec_indata,wout_netcdf,4.492240781072603,0.0003867181043124952,10.662042056849096,10.356312346700415,203.2628225721037,2.8001720492213904,799.8726914375108,1.7152078368720678e-09
educational_VMEC/from_STELLOPT_246/vinotron.m8_p4,vmecpp,success,,3,vmec_family,vmec_indata,wout_netcdf,4.492240488345259,0.0003867173529092512,10.662042056849073,10.356319336845592,203.26282257210391,2.800165680729165,799.8731501657564,-2.1347940776239582e-09
educational_VMEC/from_STELLOPT_246/vinotron.m8_p4,vmex,success,,3,vmec_family,vmec_indata,wout_netcdf,4.49224078107261,0.000386718104314601,10.662042056849106,10.356312346711857,203.2628225721043,2.8001720491909023,799.8726914336229,6.938893903907228e-10
educational_VMEC/from_STELLOPT_246/w7as_raw,chease,failed,Unsupported: CHEASE requires a 2-D GEQDSK input,3,grad_shafranov,vmec_indata_via_geqdsk,geqdsk,,,,,,,,
educational_VMEC/from_STELLOPT_246/w7as_raw,desc,success,,3,vmec_family,vmec_indata,wout_netcdf,0.08762439827115183,0.005301344180442725,13.029023174275718,2.0448208010998568,0.9702251598936403,0.35692487110987364,30000.000000000007,2.6035077442884096e-11
educational_VMEC/from_STELLOPT_246/w7as_raw,educational_vmec,failed,Unsupported: required MGRID fixture unavailable: mgrid_w7as_raw.nc,3,vmec_family,vmec_indata,wout_netcdf,,,,,,,,
educational_VMEC/from_STELLOPT_246/w7as_raw,freegs,failed,Unsupported: FreeGS is restricted to 2-D Grad-Shafranov cases,3,grad_shafranov,vmec_indata_or_case,geqdsk,,,,,,,,
educational_VMEC/from_STELLOPT_246/w7as_raw,gvec,failed,Unsupported: required MGRID fixture unavailable: mgrid_w7as_raw.nc,3,vmec_family,vmec_indata,gvec_state,,,,,,,,
educational_VMEC/from_STELLOPT_246/w7as_raw,jvmec,failed,Unsupported: required MGRID fixture unavailable: mgrid_w7as_raw.nc,3,vmec_family,vmec_indata,wout_netcdf,,,,,,,,
educational_VMEC/from_STELLOPT_246/w7as_raw,parvmec,failed,Unsupported: required MGRID fixture unavailable: mgrid_w7as_raw.nc,3,vmec_family,vmec_indata,wout_netcdf,,,,,,,,
educational_VMEC/from_STELLOPT_246/w7as_raw,spec,failed,Unsupported: SPEC requires a native .sp input,3,spec_mhd,spec_namelist,spec_hdf5,,,,,,,,
educational_VMEC/from_STELLOPT_246/w7as_raw,spectre,failed,Unsupported: required MGRID fixture unavailable: mgrid_w7as_raw.nc,3,spectre_mhd,vmec_indata_or_spectre_toml,spectre_json,,,,,,,,
educational_VMEC/from_STELLOPT_246/w7as_raw,vmec2000,failed,Unsupported: required MGRID fixture unavailable: mgrid_w7as_raw.nc,3,vmec_family,vmec_indata,wout_netcdf,,,,,,,,
educational_VMEC/from_STELLOPT_246/w7as_raw,vmecpp,failed,Unsupported: required MGRID fixture unavailable: mgrid_w7as_raw.nc,3,vmec_family,vmec_indata,wout_netcdf,,,,,,,,
educational_VMEC/from_STELLOPT_246/w7as_raw,vmex,failed,Unsupported: required MGRID fixture unavailable: mgrid_w7as_raw.nc,3,vmec_family,vmec_indata,wout_netcdf,,,,,,,,
educational_VMEC/from_STELLOPT_246/w7as_scaled,chease,failed,Unsupported: CHEASE requires a 2-D GEQDSK input,3,grad_shafranov,vmec_indata_via_geqdsk,geqdsk,,,,,,,,
educational_VMEC/from_STELLOPT_246/w7as_scaled,desc,success,,3,vmec_family,vmec_indata,wout_netcdf,0.08762439827115183,0.005301344180442725,13.029023174275718,2.0448208010998568,0.9702251598936403,0.35692487110987364,30000.000000000007,2.6035077442884096e-11
educational_VMEC/from_STELLOPT_246/w7as_scaled,educational_vmec,failed,Unsupported: required MGRID fixture unavailable: ..\..\MAKEGRID\Examples\mgrid_w7as_scaled.nc,3,vmec_family,vmec_indata,wout_netcdf,,,,,,,,
educational_VMEC/from_STELLOPT_246/w7as_scaled,freegs,failed,Unsupported: FreeGS is restricted to 2-D Grad-Shafranov cases,3,grad_shafranov,vmec_indata_or_case,geqdsk,,,,,,,,
educational_VMEC/from_STELLOPT_246/w7as_scaled,gvec,failed,Unsupported: required MGRID fixture unavailable: ..\..\MAKEGRID\Examples\mgrid_w7as_scaled.nc,3,vmec_family,vmec_indata,gvec_state,,,,,,,,
educational_VMEC/from_STELLOPT_246/w7as_scaled,jvmec,failed,Unsupported: required MGRID fixture unavailable: ..\..\MAKEGRID\Examples\mgrid_w7as_scaled.nc,3,vmec_family,vmec_indata,wout_netcdf,,,,,,,,
educational_VMEC/from_STELLOPT_246/w7as_scaled,parvmec,failed,Unsupported: required MGRID fixture unavailable: ..\..\MAKEGRID\Examples\mgrid_w7as_scaled.nc,3,vmec_family,vmec_indata,wout_netcdf,,,,,,,,
educational_VMEC/from_STELLOPT_246/w7as_scaled,spec,failed,Unsupported: SPEC requires a native .sp input,3,spec_mhd,spec_namelist,spec_hdf5,,,,,,,,
educational_VMEC/from_STELLOPT_246/w7as_scaled,spectre,failed,Unsupported: required MGRID fixture unavailable: ..\..\MAKEGRID\Examples\mgrid_w7as_scaled.nc,3,spectre_mhd,vmec_indata_or_spectre_toml,spectre_json,,,,,,,,
educational_VMEC/from_STELLOPT_246/w7as_scaled,vmec2000,failed,Unsupported: required MGRID fixture unavailable: ..\..\MAKEGRID\Examples\mgrid_w7as_scaled.nc,3,vmec_family,vmec_indata,wout_netcdf,,,,,,,,
educational_VMEC/from_STELLOPT_246/w7as_scaled,vmecpp,failed,Unsupported: required MGRID fixture unavailable: ..\..\MAKEGRID\Examples\mgrid_w7as_scaled.nc,3,vmec_family,vmec_indata,wout_netcdf,,,,,,,,
educational_VMEC/from_STELLOPT_246/w7as_scaled,vmex,failed,Unsupported: required MGRID fixture unavailable: ..\..\MAKEGRID\Examples\mgrid_w7as_scaled.nc,3,vmec_family,vmec_indata,wout_netcdf,,,,,,,,
educational_VMEC/from_STELLOPT_246/w7as_scaled_beta0,chease,failed,Unsupported: CHEASE requires a 2-D GEQDSK input,3,grad_shafranov,vmec_indata_via_geqdsk,geqdsk,,,,,,,,
educational_VMEC/from_STELLOPT_246/w7as_scaled_beta0,desc,success,,3,vmec_family,vmec_indata,wout_netcdf,0.0868291560621152,9.5220068198034e-07,13.029023174275716,2.029374825630095,0.97022515989364,0.36372076908252216,0.0003,1.2633054455407895e-12
educational_VMEC/from_STELLOPT_246/w7as_scaled_beta0,educational_vmec,failed,Unsupported: required MGRID fixture unavailable: mgrid_w7as_scaled.nc,3,vmec_family,vmec_indata,wout_netcdf,,,,,,,,
educational_VMEC/from_STELLOPT_246/w7as_scaled_beta0,freegs,failed,Unsupported: FreeGS is restricted to 2-D Grad-Shafranov cases,3,grad_shafranov,vmec_indata_or_case,geqdsk,,,,,,,,
educational_VMEC/from_STELLOPT_246/w7as_scaled_beta0,gvec,failed,Unsupported: required MGRID fixture unavailable: mgrid_w7as_scaled.nc,3,vmec_family,vmec_indata,gvec_state,,,,,,,,
educational_VMEC/from_STELLOPT_246/w7as_scaled_beta0,jvmec,failed,Unsupported: required MGRID fixture unavailable: mgrid_w7as_scaled.nc,3,vmec_family,vmec_indata,wout_netcdf,,,,,,,,
educational_VMEC/from_STELLOPT_246/w7as_scaled_beta0,parvmec,failed,Unsupported: required MGRID fixture unavailable: mgrid_w7as_scaled.nc,3,vmec_family,vmec_indata,wout_netcdf,,,,,,,,
educational_VMEC/from_STELLOPT_246/w7as_scaled_beta0,spec,failed,Unsupported: SPEC requires a native .sp input,3,spec_mhd,spec_namelist,spec_hdf5,,,,,,,,
educational_VMEC/from_STELLOPT_246/w7as_scaled_beta0,spectre,failed,Unsupported: required MGRID fixture unavailable: mgrid_w7as_scaled.nc,3,spectre_mhd,vmec_indata_or_spectre_toml,spectre_json,,,,,,,,
educational_VMEC/from_STELLOPT_246/w7as_scaled_beta0,vmec2000,failed,Unsupported: required MGRID fixture unavailable: mgrid_w7as_scaled.nc,3,vmec_family,vmec_indata,wout_netcdf,,,,,,,,
educational_VMEC/from_STELLOPT_246/w7as_scaled_beta0,vmecpp,failed,Unsupported: required MGRID fixture unavailable: mgrid_w7as_scaled.nc,3,vmec_family,vmec_indata,wout_netcdf,,,,,,,,
educational_VMEC/from_STELLOPT_246/w7as_scaled_beta0,vmex,failed,Unsupported: required MGRID fixture unavailable: mgrid_w7as_scaled.nc,3,vmec_family,vmec_indata,wout_netcdf,,,,,,,,
educational_VMEC/from_STELLOPT_Wiki/fixb_NCSD/ncsx_c09r00_fixed,chease,failed,Unsupported: CHEASE requires a 2-D GEQDSK input,3,grad_shafranov,vmec_indata_via_geqdsk,geqdsk,,,,,,,,
educational_VMEC/from_STELLOPT_Wiki/fixb_NCSD/ncsx_c09r00_fixed,desc,success,,3,vmec_family,vmec_indata,wout_netcdf,0.09297559068215767,0.041157373407036874,4.469347415346892,1.5389592138420456,2.9628141339355722,0.27972008435370194,68551.76489999998,178606.17228999274
educational_VMEC/from_STELLOPT_Wiki/fixb_NCSD/ncsx_c09r00_fixed,educational_vmec,success,,3,vmec_family,vmec_indata,wout_netcdf,0.09295635896843608,0.040884566412237734,4.469347453837748,1.4989368881639369,2.9628141556296685,0.6605786472384956,68569.19017276158,-178833.5354576885
educational_VMEC/from_STELLOPT_Wiki/fixb_NCSD/ncsx_c09r00_fixed,freegs,failed,Unsupported: FreeGS is restricted to 2-D Grad-Shafranov cases,3,grad_shafranov,vmec_indata_or_case,geqdsk,,,,,,,,
educational_VMEC/from_STELLOPT_Wiki/fixb_NCSD/ncsx_c09r00_fixed,gvec,failed,Run failed,3,vmec_family,vmec_indata,gvec_state,,,,,,,,
educational_VMEC/from_STELLOPT_Wiki/fixb_NCSD/ncsx_c09r00_fixed,jvmec,failed,Run failed,3,vmec_family,vmec_indata,wout_netcdf,,,,,,,,
educational_VMEC/from_STELLOPT_Wiki/fixb_NCSD/ncsx_c09r00_fixed,parvmec,success,,3,vmec_family,vmec_indata,wout_netcdf,0.09294987051746081,0.040868644465506136,4.469347453837748,1.4960278126991713,2.9628141556296685,0.6549377716230396,68569.19017276158,-178833.53545768888
educational_VMEC/from_STELLOPT_Wiki/fixb_NCSD/ncsx_c09r00_fixed,spec,failed,Unsupported: SPEC requires a native .sp input,3,spec_mhd,spec_namelist,spec_hdf5,,,,,,,,
educational_VMEC/from_STELLOPT_Wiki/fixb_NCSD/ncsx_c09r00_fixed,spectre,failed,Run failed,3,spectre_mhd,vmec_indata_or_spectre_toml,spectre_json,,,,,,,,
educational_VMEC/from_STELLOPT_Wiki/fixb_NCSD/ncsx_c09r00_fixed,vmec2000,success,,3,vmec_family,vmec_indata,wout_netcdf,0.09294987051746081,0.040868644465506164,4.469347453837748,1.4960278126990934,2.9628141556296685,0.6549377716226972,68569.19017276158,-178833.53545768838
educational_VMEC/from_STELLOPT_Wiki/fixb_NCSD/ncsx_c09r00_fixed,vmecpp,success,,3,vmec_family,vmec_indata,wout_netcdf,0.0929498637643788,0.040868641432961365,4.469347453837713,1.4960239319376218,2.9628141556296645,0.6549688933646725,68569.19017276158,-178833.53545770873
educational_VMEC/from_STELLOPT_Wiki/fixb_NCSD/ncsx_c09r00_fixed,vmex,success,,3,vmec_family,vmec_indata,wout_netcdf,0.09294987051746015,0.04086864446550531,4.469347453837734,1.496027812699046,2.9628141556296685,0.654937771623735,68569.19017276158,-178833.53545768798
educational_VMEC/from_STELLOPT_Wiki/freeb_NCSX/ncsx_c09r00_free,chease,failed,Unsupported: CHEASE requires a 2-D GEQDSK input,3,grad_shafranov,vmec_indata_via_geqdsk,geqdsk,,,,,,,,
educational_VMEC/from_STELLOPT_Wiki/freeb_NCSX/ncsx_c09r00_free,desc,success,,3,vmec_family,vmec_indata,wout_netcdf,0.09297559068215767,0.041157373407036874,4.469347415346892,1.5389592138420456,2.9628141339355722,0.27972008435370194,68551.76489999998,178606.17228999274
educational_VMEC/from_STELLOPT_Wiki/freeb_NCSX/ncsx_c09r00_free,educational_vmec,failed,Unsupported: required MGRID fixture unavailable: mgrid_c09r00.nc,3,vmec_family,vmec_indata,wout_netcdf,,,,,,,,
educational_VMEC/from_STELLOPT_Wiki/freeb_NCSX/ncsx_c09r00_free,freegs,failed,Unsupported: FreeGS is restricted to 2-D Grad-Shafranov cases,3,grad_shafranov,vmec_indata_or_case,geqdsk,,,,,,,,
educational_VMEC/from_STELLOPT_Wiki/freeb_NCSX/ncsx_c09r00_free,gvec,failed,Unsupported: required MGRID fixture unavailable: mgrid_c09r00.nc,3,vmec_family,vmec_indata,gvec_state,,,,,,,,
educational_VMEC/from_STELLOPT_Wiki/freeb_NCSX/ncsx_c09r00_free,jvmec,failed,Unsupported: required MGRID fixture unavailable: mgrid_c09r00.nc,3,vmec_family,vmec_indata,wout_netcdf,,,,,,,,
educational_VMEC/from_STELLOPT_Wiki/freeb_NCSX/ncsx_c09r00_free,parvmec,failed,Unsupported: required MGRID fixture unavailable: mgrid_c09r00.nc,3,vmec_family,vmec_indata,wout_netcdf,,,,,,,,
educational_VMEC/from_STELLOPT_Wiki/freeb_NCSX/ncsx_c09r00_free,spec,failed,Unsupported: SPEC requires a native .sp input,3,spec_mhd,spec_namelist,spec_hdf5,,,,,,,,
educational_VMEC/from_STELLOPT_Wiki/freeb_NCSX/ncsx_c09r00_free,spectre,failed,Unsupported: required MGRID fixture unavailable: mgrid_c09r00.nc,3,spectre_mhd,vmec_indata_or_spectre_toml,spectre_json,,,,,,,,
educational_VMEC/from_STELLOPT_Wiki/freeb_NCSX/ncsx_c09r00_free,vmec2000,failed,Unsupported: required MGRID fixture unavailable: mgrid_c09r00.nc,3,vmec_family,vmec_indata,wout_netcdf,,,,,,,,
educational_VMEC/from_STELLOPT_Wiki/freeb_NCSX/ncsx_c09r00_free,vmecpp,failed,Unsupported: required MGRID fixture unavailable: mgrid_c09r00.nc,3,vmec_family,vmec_indata,wout_netcdf,,,,,,,,
educational_VMEC/from_STELLOPT_Wiki/freeb_NCSX/ncsx_c09r00_free,vmex,failed,Unsupported: required MGRID fixture unavailable: mgrid_c09r00.nc,3,vmec_family,vmec_indata,wout_netcdf,,,,,,,,
educational_VMEC/from_STELLOPT_repo/ATF,chease,failed,Unsupported: CHEASE requires a 2-D GEQDSK input,3,grad_shafranov,vmec_indata_via_geqdsk,geqdsk,,,,,,,,
educational_VMEC/from_STELLOPT_repo/ATF,desc,success,,3,vmec_family,vmec_indata,wout_netcdf,0.7695299840659031,0.08254984902809895,7.474507825058809,2.042957891135024,3.132513987600545,1.0,2000000.0,-1962741.4568074918
educational_VMEC/from_STELLOPT_repo/ATF,educational_vmec,failed,Run failed,3,vmec_family,vmec_indata,wout_netcdf,,,,,,,,
educational_VMEC/from_STELLOPT_repo/ATF,freegs,failed,Unsupported: FreeGS is restricted to 2-D Grad-Shafranov cases,3,grad_shafranov,vmec_indata_or_case,geqdsk,,,,,,,,
educational_VMEC/from_STELLOPT_repo/ATF,gvec,success,,3,vmec_family,vmec_indata,gvec_state,,,7.474507825061936,2.28805966757432,3.13251398760186,-1.0,2000000.0,
educational_VMEC/from_STELLOPT_repo/ATF,jvmec,failed,Run failed,3,vmec_family,vmec_indata,wout_netcdf,,,,,,,,
educational_VMEC/from_STELLOPT_repo/ATF,parvmec,success,,3,vmec_family,vmec_indata,wout_netcdf,0.7735815083416174,0.09385810241655715,7.474507825062053,2.288040747807418,3.132513987601885,0.9999999999999999,1999906.9998139995,-2157338.511441953
educational_VMEC/from_STELLOPT_repo/ATF,spec,failed,Unsupported: SPEC requires a native .sp input,3,spec_mhd,spec_namelist,spec_hdf5,,,,,,,,
educational_VMEC/from_STELLOPT_repo/ATF,spectre,failed,Run failed,3,spectre_mhd,vmec_indata_or_spectre_toml,spectre_json,,,,,,,,
educational_VMEC/from_STELLOPT_repo/ATF,vmec2000,success,,3,vmec_family,vmec_indata,wout_netcdf,0.7735815083416137,0.09385810241655697,7.474507825062053,2.288040747816377,3.132513987601885,0.9999999999999999,1999906.9998139995,-2157338.5114374487
educational_VMEC/from_STELLOPT_repo/ATF,vmecpp,success,,3,vmec_family,vmec_indata,wout_netcdf,0.7735863007192983,0.09386575335431128,7.474507825061946,2.2881842130767467,3.132513987601867,1.0,1999906.9998139995,-2157397.2756768274
educational_VMEC/from_STELLOPT_repo/ATF,vmex,success,,3,vmec_family,vmec_indata,wout_netcdf,0.7735815083416058,0.09385810241655371,7.474507825061944,2.288040747787853,3.132513987601863,1.0,1999906.9998139995,-2157338.511416782
educational_VMEC/from_STELLOPT_repo/DIII-D,chease,failed,Unsupported: CHEASE requires a 2-D GEQDSK input,3,grad_shafranov,vmec_indata_via_geqdsk,geqdsk,,,,,,,,
educational_VMEC/from_STELLOPT_repo/DIII-D,desc,success,,3,vmec_family,vmec_indata,wout_netcdf,0.9027871011639153,0.01495106782349844,2.07847697997742,1.7180771808749404,19.345762491069532,-0.21315666203210154,59054.641000000025,-1401725.1389919547
educational_VMEC/from_STELLOPT_repo/DIII-D,educational_vmec,failed,Unsupported: required MGRID fixture unavailable: mgrid_d3d_ef.nc,3,vmec_family,vmec_indata,wout_netcdf,,,,,,,,
educational_VMEC/from_STELLOPT_repo/DIII-D,freegs,failed,Unsupported: FreeGS is restricted to 2-D Grad-Shafranov cases,3,grad_shafranov,vmec_indata_or_case,geqdsk,,,,,,,,
educational_VMEC/from_STELLOPT_repo/DIII-D,gvec,failed,Unsupported: required MGRID fixture unavailable: mgrid_d3d_ef.nc,3,vmec_family,vmec_indata,gvec_state,,,,,,,,
educational_VMEC/from_STELLOPT_repo/DIII-D,jvmec,failed,Unsupported: required MGRID fixture unavailable: mgrid_d3d_ef.nc,3,vmec_family,vmec_indata,wout_netcdf,,,,,,,,
educational_VMEC/from_STELLOPT_repo/DIII-D,parvmec,failed,Unsupported: required MGRID fixture unavailable: mgrid_d3d_ef.nc,3,vmec_family,vmec_indata,wout_netcdf,,,,,,,,
educational_VMEC/from_STELLOPT_repo/DIII-D,spec,failed,Unsupported: SPEC requires a native .sp input,3,spec_mhd,spec_namelist,spec_hdf5,,,,,,,,
educational_VMEC/from_STELLOPT_repo/DIII-D,spectre,failed,Unsupported: required MGRID fixture unavailable: mgrid_d3d_ef.nc,3,spectre_mhd,vmec_indata_or_spectre_toml,spectre_json,,,,,,,,
educational_VMEC/from_STELLOPT_repo/DIII-D,vmec2000,failed,Unsupported: required MGRID fixture unavailable: mgrid_d3d_ef.nc,3,vmec_family,vmec_indata,wout_netcdf,,,,,,,,
educational_VMEC/from_STELLOPT_repo/DIII-D,vmecpp,failed,Unsupported: required MGRID fixture unavailable: mgrid_d3d_ef.nc,3,vmec_family,vmec_indata,wout_netcdf,,,,,,,,
educational_VMEC/from_STELLOPT_repo/DIII-D,vmex,failed,Unsupported: required MGRID fixture unavailable: mgrid_d3d_ef.nc,3,vmec_family,vmec_indata,wout_netcdf,,,,,,,,
educational_VMEC/from_STELLOPT_repo/DSHAPE,chease,failed,Unsupported: CHEASE requires a 2-D GEQDSK input,3,grad_shafranov,vmec_indata_via_geqdsk,geqdsk,,,,,,,,
educational_VMEC/from_STELLOPT_repo/DSHAPE,desc,success,,3,vmec_family,vmec_indata,wout_netcdf,0.06202588762073072,0.029161434445928846,2.927774950515224,3.712483229112473,99.45700630158474,0.32999999999999996,1600.0,-224677.60615847842
educational_VMEC/from_STELLOPT_repo/DSHAPE,educational_vmec,success,,3,vmec_family,vmec_indata,wout_netcdf,0.0620259073723198,0.029160921088550902,2.9277749505154276,3.7125376263586944,99.45700630158791,0.3299999999999999,1599.9255998511992,-225219.92312199768
educational_VMEC/from_STELLOPT_repo/DSHAPE,freegs,failed,Unsupported: FreeGS is restricted to 2-D Grad-Shafranov cases,3,grad_shafranov,vmec_indata_or_case,geqdsk,,,,,,,,
educational_VMEC/from_STELLOPT_repo/DSHAPE,gvec,success,,3,vmec_family,vmec_indata,gvec_state,,,2.9277749505152175,3.71287866644948,99.4570063015846,-0.33,1600.0,
educational_VMEC/from_STELLOPT_repo/DSHAPE,jvmec,success,,3,vmec_family,vmec_indata,wout_netcdf,0.06202590737232423,0.0,2.927774950515229,3.712537626358362,99.45700630158474,0.32999999999999985,0.0,-225219.92311857996
educational_VMEC/from_STELLOPT_repo/DSHAPE,parvmec,success,,3,vmec_family,vmec_indata,wout_netcdf,0.06202590737276344,0.029160921095561575,2.9277749505154276,3.712537443684043,99.45700630158791,0.3299999999999999,1599.9255998511992,-225220.48645200342
educational_VMEC/from_STELLOPT_repo/DSHAPE,spec,failed,Unsupported: SPEC requires a native .sp input,3,spec_mhd,spec_namelist,spec_hdf5,,,,,,,,
educational_VMEC/from_STELLOPT_repo/DSHAPE,spectre,success,,3,spectre_mhd,vmec_indata_or_spectre_toml,spectre_json,,,,,,,,
educational_VMEC/from_STELLOPT_repo/DSHAPE,vmec2000,success,,3,vmec_family,vmec_indata,wout_netcdf,0.06202590737276344,0.029160921095561575,2.9277749505154276,3.712537443684043,99.45700630158791,0.3299999999999999,1599.9255998511992,-225220.48645200342
educational_VMEC/from_STELLOPT_repo/DSHAPE,vmecpp,success,,3,vmec_family,vmec_indata,wout_netcdf,0.0,,3.6159999999999997,3.51600000000001,0.0,0.32999999999999996,5.503548176551159e-304,0.0
educational_VMEC/from_STELLOPT_repo/DSHAPE,vmex,success,,3,vmec_family,vmec_indata,wout_netcdf,0.062025907372778404,0.02916092109556555,2.927774950515221,3.7125374436841154,99.4570063015846,0.3299999999999999,1599.9255998511992,-225220.4864534094
educational_VMEC/from_STELLOPT_repo/HELIOTRON,chease,failed,Unsupported: CHEASE requires a 2-D GEQDSK input,3,grad_shafranov,vmec_indata_via_geqdsk,geqdsk,,,,,,,,
educational_VMEC/from_STELLOPT_repo/HELIOTRON,desc,success,,3,vmec_family,vmec_indata,wout_netcdf,0.33143901492372035,0.1034162894062619,10.482848367219178,9.982553937608554,179.62680009982623,2.5,18000.0,-780373.1020553737
educational_VMEC/from_STELLOPT_repo/HELIOTRON,educational_vmec,success,,3,vmec_family,vmec_indata,wout_netcdf,0.32708346140675143,0.10229155865691793,10.48284836721937,10.40591322717969,179.62680009982628,2.5,17999.162998325995,-785074.8847604555
educational_VMEC/from_STELLOPT_repo/HELIOTRON,freegs,failed,Unsupported: FreeGS is restricted to 2-D Grad-Shafranov cases,3,grad_shafranov,vmec_indata_or_case,geqdsk,,,,,,,,
educational_VMEC/from_STELLOPT_repo/HELIOTRON,gvec,success,,3,vmec_family,vmec_indata,gvec_state,,,10.482848367219178,10.4126586975666,179.626800099826,-2.5,18000.0,
educational_VMEC/from_STELLOPT_repo/HELIOTRON,jvmec,success,,3,vmec_family,vmec_indata,wout_netcdf,0.3270834614083302,0.0,10.000000000000151,10.40591323093661,197.39208802179004,2.5000000000000004,0.0,-785074.8847623864
educational_VMEC/from_STELLOPT_repo/HELIOTRON,parvmec,success,,3,vmec_family,vmec_indata,wout_netcdf,0.3270831647492343,0.10229126170887284,10.48284836721937,10.40561054406205,179.62680009982628,2.5,17999.162998325995,-785078.7661273084
educational_VMEC/from_STELLOPT_repo/HELIOTRON,spec,failed,Unsupported: SPEC requires a native .sp input,3,spec_mhd,spec_namelist,spec_hdf5,,,,,,,,
educational_VMEC/from_STELLOPT_repo/HELIOTRON,spectre,success,,3,spectre_mhd,vmec_indata_or_spectre_toml,spectre_json,,,,,,,,
educational_VMEC/from_STELLOPT_repo/HELIOTRON,vmec2000,success,,3,vmec_family,vmec_indata,wout_netcdf,0.3270831647492275,0.10229126170887555,10.48284836721937,10.405610544071585,179.62680009982628,2.5,17999.162998325995,-785078.7661260378
educational_VMEC/from_STELLOPT_repo/HELIOTRON,vmecpp,success,,3,vmec_family,vmec_indata,wout_netcdf,0.32708311642883486,0.1022911767580819,10.482848367219134,10.405531528965197,179.6268000998269,2.5,17999.162998325995,-785078.221803716
educational_VMEC/from_STELLOPT_repo/HELIOTRON,vmex,success,,3,vmec_family,vmec_indata,wout_netcdf,0.3270831647492297,0.10229126170886833,10.48284836721919,10.405610544042364,179.62680009982648,2.5,17999.162998325995,-785078.7661267213
educational_VMEC/from_STELLOPT_repo/Q2_KINK,chease,failed,Unsupported: CHEASE requires a 2-D GEQDSK input,3,grad_shafranov,vmec_indata_via_geqdsk,geqdsk,,,,,,,,
educational_VMEC/from_STELLOPT_repo/Q2_KINK,desc,success,,3,vmec_family,vmec_indata,wout_netcdf,99.89723512528454,0.0,99.99999974999953,100.00142571761637,1973.920890087495,0.39999999999999997,0.0,-39982.62402251584
educational_VMEC/from_STELLOPT_repo/Q2_KINK,educational_vmec,failed,Run failed,3,vmec_family,vmec_indata,wout_netcdf,,,,,,,,
educational_VMEC/from_STELLOPT_repo/Q2_KINK,freegs,failed,Unsupported: FreeGS is restricted to 2-D Grad-Shafranov cases,3,grad_shafranov,vmec_indata_or_case,geqdsk,,,,,,,,
educational_VMEC/from_STELLOPT_repo/Q2_KINK,gvec,success,,3,vmec_family,vmec_indata,gvec_state,,,99.9999997499999,100.000000027092,1973.92089008748,-0.4,0.0,
educational_VMEC/from_STELLOPT_repo/Q2_KINK,jvmec,failed,Run failed,3,vmec_family,vmec_indata,wout_netcdf,,,,,,,,
educational_VMEC/from_STELLOPT_repo/Q2_KINK,parvmec,success,,3,vmec_family,vmec_indata,wout_netcdf,99.89723512585934,0.0,99.9999997499989,100.00146403909393,1973.9208900874821,0.39999999999999997,0.0,-39982.69215717243
educational_VMEC/from_STELLOPT_repo/Q2_KINK,spec,failed,Unsupported: SPEC requires a native .sp input,3,spec_mhd,spec_namelist,spec_hdf5,,,,,,,,
educational_VMEC/from_STELLOPT_repo/Q2_KINK,spectre,failed,Run failed,3,spectre_mhd,vmec_indata_or_spectre_toml,spectre_json,,,,,,,,
educational_VMEC/from_STELLOPT_repo/Q2_KINK,vmec2000,success,,3,vmec_family,vmec_indata,wout_netcdf,99.89723512585888,0.0,99.9999997499989,100.00146418154196,1973.9208900874821,0.39999999999999997,0.0,-39982.69217401099
educational_VMEC/from_STELLOPT_repo/Q2_KINK,vmecpp,failed,Run failed,3,vmec_family,vmec_indata,wout_netcdf,,,,,,,,
educational_VMEC/from_STELLOPT_repo/Q2_KINK,vmex,failed,Run failed,3,vmec_family,vmec_indata,wout_netcdf,,,,,,,,
educational_VMEC/from_STELLOPT_repo/QAS,chease,failed,Unsupported: CHEASE requires a 2-D GEQDSK input,3,grad_shafranov,vmec_indata_via_geqdsk,geqdsk,,,,,,,,
educational_VMEC/from_STELLOPT_repo/QAS,desc,success,,3,vmec_family,vmec_indata,wout_netcdf,0.09297559068215767,0.041157373407036874,4.469347415346892,1.5389592138420456,2.9628141339355722,0.27972008435370194,68551.76489999998,178606.17228999274
educational_VMEC/from_STELLOPT_repo/QAS,educational_vmec,success,,3,vmec_family,vmec_indata,wout_netcdf,0.09294953248983691,0.04082208095630711,4.469347453837748,1.494163644664798,2.9628141556296685,0.6580802268294788,68553.77685866476,-178633.05069297215
educational_VMEC/from_STELLOPT_repo/QAS,freegs,failed,Unsupported: FreeGS is restricted to 2-D Grad-Shafranov cases,3,grad_shafranov,vmec_indata_or_case,geqdsk,,,,,,,,
educational_VMEC/from_STELLOPT_repo/QAS,gvec,failed,Run failed,3,vmec_family,vmec_indata,gvec_state,,,,,,,,
educational_VMEC/from_STELLOPT_repo/QAS,jvmec,failed,Run failed,3,vmec_family,vmec_indata,wout_netcdf,,,,,,,,
educational_VMEC/from_STELLOPT_repo/QAS,parvmec,success,,3,vmec_family,vmec_indata,wout_netcdf,0.09294971434969404,0.04086881876026828,4.469347453837748,1.4949726100935863,2.9628141556296685,0.6547000354672425,68553.77685866476,-178633.05069297293
educational_VMEC/from_STELLOPT_repo/QAS,spec,failed,Unsupported: SPEC requires a native .sp input,3,spec_mhd,spec_namelist,spec_hdf5,,,,,,,,
educational_VMEC/from_STELLOPT_repo/QAS,spectre,failed,Run failed,3,spectre_mhd,vmec_indata_or_spectre_toml,spectre_json,,,,,,,,
educational_VMEC/from_STELLOPT_repo/QAS,vmec2000,success,,3,vmec_family,vmec_indata,wout_netcdf,0.09294971434969289,0.040868818760267725,4.469347453837748,1.4949726100939376,2.9628141556296685,0.6547000354671755,68553.77685866476,-178633.0506929736
educational_VMEC/from_STELLOPT_repo/QAS,vmecpp,success,,3,vmec_family,vmec_indata,wout_netcdf,0.09294971533690609,0.04086882092094364,4.469347453837713,1.4949729313477298,2.9628141556296645,0.6546979393970906,68553.77685866476,-178633.05069297386
educational_VMEC/from_STELLOPT_repo/QAS,vmex,success,,3,vmec_family,vmec_indata,wout_netcdf,0.09294971434969329,0.04086881876026769,4.469347453837734,1.4949726100929381,2.9628141556296685,0.6547000354671927,68553.77685866476,-178633.050692974
educational_VMEC/from_STELLOPT_repo/SOLOVEV,chease,failed,Unsupported: CHEASE requires a 2-D GEQDSK input,3,grad_shafranov,vmec_indata_via_geqdsk,geqdsk,,,,,,,,
educational_VMEC/from_STELLOPT_repo/SOLOVEV,desc,success,,3,vmec_family,vmec_indata,wout_netcdf,0.06455073246886316,3.872268567737328e-06,3.11799834373432,3.9891397684100904,126.87192764523263,1.0,0.125,-440659.50298197276
educational_VMEC/from_STELLOPT_repo/SOLOVEV,educational_vmec,success,,3,vmec_family,vmec_indata,wout_netcdf,0.06455073605917237,3.872271778225796e-06,3.117998343734717,3.98921748246047,126.87192764523486,1.0,0.125,-440659.6196448202
educational_VMEC/from_STELLOPT_repo/SOLOVEV,freegs,failed,Unsupported: FreeGS is restricted to 2-D Grad-Shafranov cases,3,grad_shafranov,vmec_indata_or_case,geqdsk,,,,,,,,
educational_VMEC/from_STELLOPT_repo/SOLOVEV,gvec,success,,3,vmec_family,vmec_indata,gvec_state,,,3.1179983437343104,3.98916690106031,126.871927645233,-1.0,0.125,
educational_VMEC/from_STELLOPT_repo/SOLOVEV,jvmec,failed,Run failed,3,vmec_family,vmec_indata,wout_netcdf,,,,,,,,
educational_VMEC/from_STELLOPT_repo/SOLOVEV,parvmec,success,,3,vmec_family,vmec_indata,wout_netcdf,0.0645507360589491,3.872271839786621e-06,3.117998343734717,3.9892353606177267,126.87192764523486,1.0,0.125,-440659.6264309532
educational_VMEC/from_STELLOPT_repo/SOLOVEV,spec,failed,Unsupported: SPEC requires a native .sp input,3,spec_mhd,spec_namelist,spec_hdf5,,,,,,,,
educational_VMEC/from_STELLOPT_repo/SOLOVEV,spectre,success,,3,spectre_mhd,vmec_indata_or_spectre_toml,spectre_json,,,,,,,,
educational_VMEC/from_STELLOPT_repo/SOLOVEV,vmec2000,success,,3,vmec_family,vmec_indata,wout_netcdf,0.0645507360589491,3.872271839786621e-06,3.117998343734717,3.9892353606177267,126.87192764523486,1.0,0.125,-440659.6264309532
educational_VMEC/from_STELLOPT_repo/SOLOVEV,vmecpp,success,,3,vmec_family,vmec_indata,wout_netcdf,0.0,,3.8313840155945402,3.931000000000018,0.0,1.0,5.5208219216371464e-304,0.0
educational_VMEC/from_STELLOPT_repo/SOLOVEV,vmex,success,,3,vmec_family,vmec_indata,wout_netcdf,0.06455073605897599,3.87227183978693e-06,3.1179983437343175,3.9892353606176805,126.87192764523259,1.0,0.125,-440659.62643087655
educational_VMEC/from_Stellarator_Tools_PARVMEC/fixed_boundary_test/test,chease,failed,Unsupported: CHEASE requires a 2-D GEQDSK input,3,grad_shafranov,vmec_indata_via_geqdsk,geqdsk,,,,,,,,
educational_VMEC/from_Stellarator_Tools_PARVMEC/fixed_boundary_test/test,desc,success,,3,vmec_family,vmec_indata,wout_netcdf,0.0007407048164296386,0.0,3.0000000004573946,0.7496981442889861,0.9252754127431984,-0.3406423468043729,0.0,-39999.999939999994
educational_VMEC/from_Stellarator_Tools_PARVMEC/fixed_boundary_test/test,educational_vmec,success,,3,vmec_family,vmec_indata,wout_netcdf,0.0007499526836327072,0.015708944145103997,3.0,0.7629778279943636,0.9252754126021275,0.3405908021246178,399.99999999999994,40000.170320556295
educational_VMEC/from_Stellarator_Tools_PARVMEC/fixed_boundary_test/test,freegs,failed,Unsupported: FreeGS is restricted to 2-D Grad-Shafranov cases,3,grad_shafranov,vmec_indata_or_case,geqdsk,,,,,,,,
educational_VMEC/from_Stellarator_Tools_PARVMEC/fixed_boundary_test/test,gvec,failed,Unsupported: VMEC pressure profile of type line_segment is not supported for conversion,3,vmec_family,vmec_indata,gvec_state,,,,,,,,
educational_VMEC/from_Stellarator_Tools_PARVMEC/fixed_boundary_test/test,jvmec,failed,Run failed,3,vmec_family,vmec_indata,wout_netcdf,,,,,,,,
educational_VMEC/from_Stellarator_Tools_PARVMEC/fixed_boundary_test/test,parvmec,success,,3,vmec_family,vmec_indata,wout_netcdf,0.000749952683632707,0.015708944145103994,3.0,0.7629778279943625,0.9252754126021275,0.340590802124621,399.99999999999994,40000.17032055629
educational_VMEC/from_Stellarator_Tools_PARVMEC/fixed_boundary_test/test,spec,failed,Unsupported: SPEC requires a native .sp input,3,spec_mhd,spec_namelist,spec_hdf5,,,,,,,,
educational_VMEC/from_Stellarator_Tools_PARVMEC/fixed_boundary_test/test,spectre,failed,Run failed,3,spectre_mhd,vmec_indata_or_spectre_toml,spectre_json,,,,,,,,
educational_VMEC/from_Stellarator_Tools_PARVMEC/fixed_boundary_test/test,vmec2000,success,,3,vmec_family,vmec_indata,wout_netcdf,0.0007499526831415016,0.01570894415539308,3.0,0.7629778278183612,0.9252754126021275,0.3405908029802688,399.99999999999994,40000.170349453605
educational_VMEC/from_Stellarator_Tools_PARVMEC/fixed_boundary_test/test,vmecpp,success,,3,vmec_family,vmec_indata,wout_netcdf,0.0007499526817788443,0.0,3.0,0.7629798240916664,0.9252754126021275,0.34058992860928194,0.0,40000.17032055626
educational_VMEC/from_Stellarator_Tools_PARVMEC/fixed_boundary_test/test,vmex,success,,3,vmec_family,vmec_indata,wout_netcdf,0.0007499526836327072,0.015708944145103994,3.0,0.7629778279943635,0.9252754126021274,0.3405908021246383,399.99999999999994,40000.17032055629
educational_VMEC/from_Stellarator_Tools_PARVMEC/free_boundary_test/test,chease,failed,Unsupported: CHEASE requires a 2-D GEQDSK input,3,grad_shafranov,vmec_indata_via_geqdsk,geqdsk,,,,,,,,
educational_VMEC/from_Stellarator_Tools_PARVMEC/free_boundary_test/test,desc,success,,3,vmec_family,vmec_indata,wout_netcdf,0.0012731062679220786,0.0227398635245009,5.485829957848705,0.8076147117674333,0.31539670994943586,-0.14499208017226325,432.290809,-43229.080859999995
educational_VMEC/from_Stellarator_Tools_PARVMEC/free_boundary_test/test,educational_vmec,failed,Run failed,3,vmec_family,vmec_indata,wout_netcdf,,,,,,,,
educational_VMEC/from_Stellarator_Tools_PARVMEC/free_boundary_test/test,freegs,failed,Unsupported: FreeGS is restricted to 2-D Grad-Shafranov cases,3,grad_shafranov,vmec_indata_or_case,geqdsk,,,,,,,,
educational_VMEC/from_Stellarator_Tools_PARVMEC/free_boundary_test/test,gvec,failed,Unsupported: VMEC pressure profile of type two_power is not supported for conversion,3,vmec_family,vmec_indata,gvec_state,,,,,,,,
educational_VMEC/from_Stellarator_Tools_PARVMEC/free_boundary_test/test,jvmec,success,,3,vmec_family,vmec_indata,wout_netcdf,0.0012835848344727862,0.0,5.427363511127601,0.7737277511162104,0.30656077225986716,0.8641301112797859,0.0,43229.26499463139
educational_VMEC/from_Stellarator_Tools_PARVMEC/free_boundary_test/test,parvmec,success,,3,vmec_family,vmec_indata,wout_netcdf,0.0012836281706449242,0.0018721345983941213,5.433260965413832,0.7733427234232358,0.30699247599444573,0.8647933109630438,432.3209489619426,43229.26499463163
educational_VMEC/from_Stellarator_Tools_PARVMEC/free_boundary_test/test,spec,failed,Unsupported: SPEC requires a native .sp input,3,spec_mhd,spec_namelist,spec_hdf5,,,,,,,,
educational_VMEC/from_Stellarator_Tools_PARVMEC/free_boundary_test/test,spectre,failed,Run failed,3,spectre_mhd,vmec_indata_or_spectre_toml,spectre_json,,,,,,,,
educational_VMEC/from_Stellarator_Tools_PARVMEC/free_boundary_test/test,vmec2000,success,,3,vmec_family,vmec_indata,wout_netcdf,0.0012836281700257428,0.0018721345951390508,5.433260964944784,0.7733427229523283,0.3069924752230543,0.8647933109871311,432.3209489619426,43229.265025861474
educational_VMEC/from_Stellarator_Tools_PARVMEC/free_boundary_test/test,vmecpp,success,,3,vmec_family,vmec_indata,wout_netcdf,0.001283584834495276,0.0018737573549696556,5.434959522108977,0.7737277510921864,0.3072624884985038,0.8641301117188315,432.3209489619426,43229.26499463133
educational_VMEC/from_Stellarator_Tools_PARVMEC/free_boundary_test/test,vmex,failed,Run failed,3,vmec_family,vmec_indata,wout_netcdf,,,,,,,,
educational_VMEC/from_booz_xform/LandremanSenguptaPlunk_section5p3,chease,failed,Unsupported: CHEASE requires a 2-D GEQDSK input,3,grad_shafranov,vmec_indata_via_geqdsk,geqdsk,,,,,,,,
educational_VMEC/from_booz_xform/LandremanSenguptaPlunk_section5p3,desc,success,,3,vmec_family,vmec_indata,wout_netcdf,0.002539888390277708,0.0,9.953585692525351,1.0145467115532296,0.19922832735091908,-0.30337387598295595,0.0,-1.3216940771092169e-11
educational_VMEC/from_booz_xform/LandremanSenguptaPlunk_section5p3,educational_vmec,success,,3,vmec_family,vmec_indata,wout_netcdf,0.0025397177324697753,0.0,9.953585704530715,0.9930200678884545,0.1992283268590962,-0.32048125182493525,0.0,-1.0740377771184528e-11
educational_VMEC/from_booz_xform/LandremanSenguptaPlunk_section5p3,freegs,failed,Unsupported: FreeGS is restricted to 2-D Grad-Shafranov cases,3,grad_shafranov,vmec_indata_or_case,geqdsk,,,,,,,,
educational_VMEC/from_booz_xform/LandremanSenguptaPlunk_section5p3,gvec,success,,3,vmec_family,vmec_indata,gvec_state,,,9.953585704530797,0.992736945553325,0.199228326859097,0.320370638504885,0.0,
educational_VMEC/from_booz_xform/LandremanSenguptaPlunk_section5p3,jvmec,success,,3,vmec_family,vmec_indata,wout_netcdf,0.0025397177324699206,0.0,9.242544625724237,0.9930201675462924,0.22950171844859488,-0.32048125373801917,0.0,1.3213713977167085e-12
educational_VMEC/from_booz_xform/LandremanSenguptaPlunk_section5p3,parvmec,failed,No VMEC NetCDF output produced by PARVMEC,3,vmec_family,vmec_indata,wout_netcdf,,,,,,,,
educational_VMEC/from_booz_xform/LandremanSenguptaPlunk_section5p3,spec,failed,Unsupported: SPEC requires a native .sp input,3,spec_mhd,spec_namelist,spec_hdf5,,,,,,,,
educational_VMEC/from_booz_xform/LandremanSenguptaPlunk_section5p3,spectre,failed,Run failed,3,spectre_mhd,vmec_indata_or_spectre_toml,spectre_json,,,,,,,,
educational_VMEC/from_booz_xform/LandremanSenguptaPlunk_section5p3,vmec2000,success,,3,vmec_family,vmec_indata,wout_netcdf,0.0025397177294126357,0.0,9.953585704530715,0.9931045654652715,0.1992283268590962,-0.32047722124866745,0.0,-1.8397555614363403e-11
educational_VMEC/from_booz_xform/LandremanSenguptaPlunk_section5p3,vmecpp,failed,Run failed,3,vmec_family,vmec_indata,wout_netcdf,,,,,,,,
educational_VMEC/from_booz_xform/LandremanSenguptaPlunk_section5p3,vmex,success,,3,vmec_family,vmec_indata,wout_netcdf,0.0025397177329829056,0.0,9.953585704530768,0.9932324551887086,0.199228326859097,-0.32045040034437144,0.0,2.7782680669941047e-12
educational_VMEC/from_booz_xform/circular_tokamak,chease,failed,Unsupported: CHEASE requires a 2-D GEQDSK input,3,grad_shafranov,vmec_indata_via_geqdsk,geqdsk,,,,,,,,
educational_VMEC/from_booz_xform/circular_tokamak,desc,success,,3,vmec_family,vmec_indata,wout_netcdf,172.3917031869857,0.0,3.0000000000000093,6.127228175410492,473.74101125229095,0.25,0.0,-5015041.008202302
educational_VMEC/from_booz_xform/circular_tokamak,educational_vmec,success,,3,vmec_family,vmec_indata,wout_netcdf,172.3949407106771,0.0,3.0000000000000013,6.132188475454825,473.74101125228947,0.2499999999999999,0.0,-5113741.192274718
educational_VMEC/from_booz_xform/circular_tokamak,freegs,failed,Unsupported: FreeGS is restricted to 2-D Grad-Shafranov cases,3,grad_shafranov,vmec_indata_or_case,geqdsk,,,,,,,,
educational_VMEC/from_booz_xform/circular_tokamak,gvec,success,,3,vmec_family,vmec_indata,gvec_state,,,3.0,6.1320942684999,473.741011252289,-0.25,0.0,
educational_VMEC/from_booz_xform/circular_tokamak,jvmec,success,,3,vmec_family,vmec_indata,wout_netcdf,172.39494071067708,0.0,3.0000000000000413,6.132188475454846,473.7410112522957,0.2499999999999999,0.0,-5113741.1922748
educational_VMEC/from_booz_xform/circular_tokamak,parvmec,success,,3,vmec_family,vmec_indata,wout_netcdf,172.39494071067702,0.0,3.0000000000000013,6.132188475454847,473.74101125228947,0.2499999999999999,0.0,-5113741.192274691
educational_VMEC/from_booz_xform/circular_tokamak,spec,failed,Unsupported: SPEC requires a native .sp input,3,spec_mhd,spec_namelist,spec_hdf5,,,,,,,,
educational_VMEC/from_booz_xform/circular_tokamak,spectre,success,,3,spectre_mhd,vmec_indata_or_spectre_toml,spectre_json,,,,,,,,
educational_VMEC/from_booz_xform/circular_tokamak,vmec2000,success,,3,vmec_family,vmec_indata,wout_netcdf,172.39494071067702,0.0,3.0000000000000013,6.132188475454847,473.74101125228947,0.2499999999999999,0.0,-5113741.192274691
educational_VMEC/from_booz_xform/circular_tokamak,vmecpp,success,,3,vmec_family,vmec_indata,wout_netcdf,172.39494071067708,0.0,3.0000000000000013,6.132188475454807,473.74101125228947,0.24999999999999994,0.0,-5113741.1922739195
educational_VMEC/from_booz_xform/circular_tokamak,vmex,success,,3,vmec_family,vmec_indata,wout_netcdf,172.3949407106771,0.0,2.9999999999999982,6.132188475454829,473.7410112522893,0.24999999999999994,0.0,-5113741.192274564
educational_VMEC/from_booz_xform/li383_1.4m,chease,failed,Unsupported: CHEASE requires a 2-D GEQDSK input,3,grad_shafranov,vmec_indata_via_geqdsk,geqdsk,,,,,,,,
educational_VMEC/from_booz_xform/li383_1.4m,desc,success,,3,vmec_family,vmec_indata,wout_netcdf,0.09626385651368008,0.04307713103506369,4.365254725960217,1.5320767018778905,2.9787172145359575,0.29482220473988513,73408.0,174249.80181999382
educational_VMEC/from_booz_xform/li383_1.4m,educational_vmec,success,,3,vmec_family,vmec_indata,wout_netcdf,0.09620020089432149,0.04251677370190452,4.365254725961323,1.4790715336434754,2.97871721453671,0.6562974060468514,73426.65964847151,-174471.74190993895
educational_VMEC/from_booz_xform/li383_1.4m,freegs,failed,Unsupported: FreeGS is restricted to 2-D Grad-Shafranov cases,3,grad_shafranov,vmec_indata_or_case,geqdsk,,,,,,,,
educational_VMEC/from_booz_xform/li383_1.4m,gvec,failed,Run failed,3,vmec_family,vmec_indata,gvec_state,,,,,,,,
educational_VMEC/from_booz_xform/li383_1.4m,jvmec,failed,Run failed,3,vmec_family,vmec_indata,wout_netcdf,,,,,,,,
educational_VMEC/from_booz_xform/li383_1.4m,parvmec,success,,3,vmec_family,vmec_indata,wout_netcdf,0.09619874145634555,0.04251792159777174,4.365254725961323,1.4737234581473135,2.97871721453671,0.6546122863612238,73426.65964847151,-174471.74190993872
educational_VMEC/from_booz_xform/li383_1.4m,spec,failed,Unsupported: SPEC requires a native .sp input,3,spec_mhd,spec_namelist,spec_hdf5,,,,,,,,
educational_VMEC/from_booz_xform/li383_1.4m,spectre,failed,Run failed,3,spectre_mhd,vmec_indata_or_spectre_toml,spectre_json,,,,,,,,
educational_VMEC/from_booz_xform/li383_1.4m,vmec2000,success,,3,vmec_family,vmec_indata,wout_netcdf,0.09619874145634572,0.0425179215977722,4.365254725961323,1.4737234581475283,2.97871721453671,0.6546122863619149,73426.65964847151,-174471.74190993974
educational_VMEC/from_booz_xform/li383_1.4m,vmecpp,success,,3,vmec_family,vmec_indata,wout_netcdf,0.09619872402430409,0.042517769495658525,4.365254725961319,1.473726983558431,2.9787172145367107,0.6546271956829428,73426.65964847151,-174471.7419099592
educational_VMEC/from_booz_xform/li383_1.4m,vmex,success,,3,vmec_family,vmec_indata,wout_netcdf,0.0961987414563468,0.042517921597768946,4.365254725961321,1.473723458144637,2.9787172145367116,0.6546122863578601,73426.65964847151,-174471.74190993982
educational_VMEC/from_booz_xform/up_down_asymmetric_tokamak,chease,failed,Unsupported: CHEASE requires a 2-D GEQDSK input,3,grad_shafranov,vmec_indata_via_geqdsk,geqdsk,,,,,,,,
educational_VMEC/from_booz_xform/up_down_asymmetric_tokamak,desc,success,,3,vmec_family,vmec_indata,wout_netcdf,15.3002461401501,0.0,10.09999999999988,6.006887065100528,43.0630579228327,0.25,0.0,-777392.8911211153
educational_VMEC/from_booz_xform/up_down_asymmetric_tokamak,educational_vmec,success,,3,vmec_family,vmec_indata,wout_netcdf,15.300285149131982,0.0,10.099999999999996,6.0403339994976974,43.06305792283307,0.2499999999999999,0.0,-838856.9800202113
educational_VMEC/from_booz_xform/up_down_asymmetric_tokamak,freegs,failed,Unsupported: FreeGS is restricted to 2-D Grad-Shafranov cases,3,grad_shafranov,vmec_indata_or_case,geqdsk,,,,,,,,
educational_VMEC/from_booz_xform/up_down_asymmetric_tokamak,gvec,success,,3,vmec_family,vmec_indata,gvec_state,,,10.1,6.03690269068922,43.0630579228331,-0.25,0.0,
educational_VMEC/from_booz_xform/up_down_asymmetric_tokamak,jvmec,success,,3,vmec_family,vmec_indata,wout_netcdf,15.30028514913572,0.0,10.099999999999952,6.0403340029790105,43.063057922832776,0.2499999999999999,0.0,-838857.0051521892
educational_VMEC/from_booz_xform/up_down_asymmetric_tokamak,parvmec,success,,3,vmec_family,vmec_indata,wout_netcdf,15.300285149136043,0.0,10.099999999999996,6.040334003214974,43.06305792283307,0.2499999999999999,0.0,-838857.0076472202
educational_VMEC/from_booz_xform/up_down_asymmetric_tokamak,spec,failed,Unsupported: SPEC requires a native .sp input,3,spec_mhd,spec_namelist,spec_hdf5,,,,,,,,
educational_VMEC/from_booz_xform/up_down_asymmetric_tokamak,spectre,success,,3,spectre_mhd,vmec_indata_or_spectre_toml,spectre_json,,,,,,,,
educational_VMEC/from_booz_xform/up_down_asymmetric_tokamak,vmec2000,success,,3,vmec_family,vmec_indata,wout_netcdf,15.30028634775134,0.0,10.099999999999996,6.040388829967666,43.06305792283307,0.2499999999999999,0.0,-839285.3364889277
educational_VMEC/from_booz_xform/up_down_asymmetric_tokamak,vmecpp,success,,3,vmec_family,vmec_indata,wout_netcdf,15.300285149126067,0.0,10.099999999999996,6.040333966252757,43.06305792283307,0.24999999999999994,0.0,-838856.9596384111
educational_VMEC/from_booz_xform/up_down_asymmetric_tokamak,vmex,success,,3,vmec_family,vmec_indata,wout_netcdf,15.300285149135975,0.0,10.100000000000025,6.040334003194653,43.06305792283302,0.24999999999999994,0.0,-838857.0070608577
educational_VMEC/from_misc_sources/146695t4501,chease,failed,Unsupported: CHEASE requires a 2-D GEQDSK input,3,grad_shafranov,vmec_indata_via_geqdsk,geqdsk,,,,,,,,
educational_VMEC/from_misc_sources/146695t4501,desc,success,,3,vmec_family,vmec_indata,wout_netcdf,2.3165624414456554,0.002404805256796044,5.857816516935989,3.6412854882208636,28.655485323007156,-1.36278496991341,27081.299999999996,6384.9499999992495
educational_VMEC/from_misc_sources/146695t4501,educational_vmec,success,,3,vmec_family,vmec_indata,wout_netcdf,2.316419560361125,0.0024244001815818877,5.857816516950445,3.6637595451011156,28.655485323078064,-1.5235118257433649,27064.562252083324,-6386.280197913072
educational_VMEC/from_misc_sources/146695t4501,freegs,failed,Unsupported: FreeGS is restricted to 2-D Grad-Shafranov cases,3,grad_shafranov,vmec_indata_or_case,geqdsk,,,,,,,,
educational_VMEC/from_misc_sources/146695t4501,gvec,success,,3,vmec_family,vmec_indata,gvec_state,,,5.857816516950477,3.67981783028668,28.6554853230781,1.53427483878994,27081.3,
educational_VMEC/from_misc_sources/146695t4501,jvmec,success,,3,vmec_family,vmec_indata,wout_netcdf,2.3164060842100156,0.0,5.5212665633828735,3.6733765926502278,32.27990756590012,-1.534357778373912,0.0,1.6848501760424737e-09
educational_VMEC/from_misc_sources/146695t4501,parvmec,success,,3,vmec_family,vmec_indata,wout_netcdf,2.316407591039503,0.0024253713498405796,5.857816516950445,3.6730197829328226,28.655485323078064,-1.5380005439039066,27064.562252083324,-6386.280197914412
educational_VMEC/from_misc_sources/146695t4501,spec,failed,Unsupported: SPEC requires a native .sp input,3,spec_mhd,spec_namelist,spec_hdf5,,,,,,,,
educational_VMEC/from_misc_sources/146695t4501,spectre,failed,Run failed,3,spectre_mhd,vmec_indata_or_spectre_toml,spectre_json,,,,,,,,
educational_VMEC/from_misc_sources/146695t4501,vmec2000,success,,3,vmec_family,vmec_indata,wout_netcdf,2.316407591039489,0.002425371349841617,5.857816516950445,3.6730197829411404,28.655485323078064,-1.5380005439036366,27064.562252083324,-6386.280197914469
educational_VMEC/from_misc_sources/146695t4501,vmecpp,success,,3,vmec_family,vmec_indata,wout_netcdf,2.316407591039318,0.002425371349827174,5.857816516950483,3.6730197828907967,28.655485323078043,-1.5380005439005373,27064.562252083324,-6386.280197915546
educational_VMEC/from_misc_sources/146695t4501,vmex,success,,3,vmec_family,vmec_indata,wout_netcdf,2.316407591039498,0.002425371349842869,5.857816516950488,3.6730197829516578,28.655485323078057,-1.5380005439032716,27064.562252083324,-6386.280197917055
educational_VMEC/from_misc_sources/demo,chease,failed,Unsupported: CHEASE requires a 2-D GEQDSK input,3,grad_shafranov,vmec_indata_via_geqdsk,geqdsk,,,,,,,,
educational_VMEC/from_misc_sources/demo,desc,success,,3,vmec_family,vmec_indata,wout_netcdf,0.30418552292452183,0.938036502227894,2.7417457600104593,2.252742624932267,46.099288092221926,0.14827682999993685,0.01307,-513051.31619240507
educational_VMEC/from_misc_sources/demo,educational_vmec,failed,Unsupported: required MGRID fixture unavailable: mgrid.tftr,3,vmec_family,vmec_indata,wout_netcdf,,,,,,,,
educational_VMEC/from_misc_sources/demo,freegs,failed,Unsupported: FreeGS is restricted to 2-D Grad-Shafranov cases,3,grad_shafranov,vmec_indata_or_case,geqdsk,,,,,,,,
educational_VMEC/from_misc_sources/demo,gvec,failed,Unsupported: required MGRID fixture unavailable: mgrid.tftr,3,vmec_family,vmec_indata,gvec_state,,,,,,,,
educational_VMEC/from_misc_sources/demo,jvmec,failed,Unsupported: required MGRID fixture unavailable: mgrid.tftr,3,vmec_family,vmec_indata,wout_netcdf,,,,,,,,
educational_VMEC/from_misc_sources/demo,parvmec,failed,Unsupported: required MGRID fixture unavailable: mgrid.tftr,3,vmec_family,vmec_indata,wout_netcdf,,,,,,,,
educational_VMEC/from_misc_sources/demo,spec,failed,Unsupported: SPEC requires a native .sp input,3,spec_mhd,spec_namelist,spec_hdf5,,,,,,,,
educational_VMEC/from_misc_sources/demo,spectre,failed,Unsupported: required MGRID fixture unavailable: mgrid.tftr,3,spectre_mhd,vmec_indata_or_spectre_toml,spectre_json,,,,,,,,
educational_VMEC/from_misc_sources/demo,vmec2000,failed,Unsupported: required MGRID fixture unavailable: mgrid.tftr,3,vmec_family,vmec_indata,wout_netcdf,,,,,,,,
educational_VMEC/from_misc_sources/demo,vmecpp,failed,Unsupported: required MGRID fixture unavailable: mgrid.tftr,3,vmec_family,vmec_indata,wout_netcdf,,,,,,,,
educational_VMEC/from_misc_sources/demo,vmex,failed,Unsupported: required MGRID fixture unavailable: mgrid.tftr,3,vmec_family,vmec_indata,wout_netcdf,,,,,,,,
educational_VMEC/from_misc_sources/demo3d,chease,failed,Unsupported: CHEASE requires a 2-D GEQDSK input,3,grad_shafranov,vmec_indata_via_geqdsk,geqdsk,,,,,,,,
educational_VMEC/from_misc_sources/demo3d,desc,success,,3,vmec_family,vmec_indata,wout_netcdf,0.05538694723575738,0.010774892302857903,7.679256032073904,1.7123146795135062,1.6938044284534275,8.97,36500.0,-1331979.0939713954
educational_VMEC/from_misc_sources/demo3d,educational_vmec,success,,3,vmec_family,vmec_indata,wout_netcdf,0.04890114647357653,0.025042252249682054,7.67925602798276,1.81320533599936,1.6938044275510518,0.9699250000000001,60004.248624208914,-21611.770263683607
educational_VMEC/from_misc_sources/demo3d,freegs,failed,Unsupported: FreeGS is restricted to 2-D Grad-Shafranov cases,3,grad_shafranov,vmec_indata_or_case,geqdsk,,,,,,,,
educational_VMEC/from_misc_sources/demo3d,gvec,success,,3,vmec_family,vmec_indata,gvec_state,,,7.679256027982767,1.81286261603849,1.69380442755106,-0.97,36500.0,
educational_VMEC/from_misc_sources/demo3d,jvmec,success,,3,vmec_family,vmec_indata,wout_netcdf,0.0489000006776929,0.0,7.679463524049393,1.8197144418597253,1.693711075569355,0.9699249999999997,0.0,-18739.11180158746
educational_VMEC/from_misc_sources/demo3d,parvmec,success,,3,vmec_family,vmec_indata,wout_netcdf,0.048899998121140785,0.025026780268066633,7.67925602798276,1.8197176474336434,1.6938044275510518,0.9699250000000001,59215.39565031862,-18740.061272239127
educational_VMEC/from_misc_sources/demo3d,spec,failed,Unsupported: SPEC requires a native .sp input,3,spec_mhd,spec_namelist,spec_hdf5,,,,,,,,
educational_VMEC/from_misc_sources/demo3d,spectre,failed,Run failed,3,spectre_mhd,vmec_indata_or_spectre_toml,spectre_json,,,,,,,,
educational_VMEC/from_misc_sources/demo3d,vmec2000,success,,3,vmec_family,vmec_indata,wout_netcdf,0.0488999981211409,0.025026780268067178,7.67925602798276,1.81971764743115,1.6938044275510518,0.9699250000000001,59215.39565061483,-18740.06127229024
educational_VMEC/from_misc_sources/demo3d,vmecpp,success,,3,vmec_family,vmec_indata,wout_netcdf,0.04889999611964984,0.0250267980264785,7.6792560279828015,1.81974374880967,1.6938044275510555,0.9699250000000001,59211.498420878306,-18739.465559578246
educational_VMEC/from_misc_sources/demo3d,vmex,success,,3,vmec_family,vmec_indata,wout_netcdf,0.04889999812114116,0.025026780268066824,7.679256027982771,1.819717647433758,1.693804427551054,0.9699250000000001,59215.39565030819,-18740.061272131432
educational_VMEC/from_misc_sources/example_hsxt52_v3post,chease,failed,Unsupported: CHEASE requires a 2-D GEQDSK input,3,grad_shafranov,vmec_indata_via_geqdsk,geqdsk,,,,,,,,
educational_VMEC/from_misc_sources/example_hsxt52_v3post,desc,success,,3,vmec_family,vmec_indata,wout_netcdf,0.004863546164815523,0.004672521465565173,9.967207836969916,1.2180556135125722,0.35318160715487396,1.1112348587860181,797.0,-265.00000009999974
educational_VMEC/from_misc_sources/example_hsxt52_v3post,educational_vmec,failed,Unsupported: required MGRID fixture unavailable: /home/enrico/01_Codes/01_VMEC/01_VMEC_GRIDS/03_QHS_hq/mgrid_qhs_hq22.nc,3,vmec_family,vmec_indata,wout_netcdf,,,,,,,,
educational_VMEC/from_misc_sources/example_hsxt52_v3post,freegs,failed,Unsupported: FreeGS is restricted to 2-D Grad-Shafranov cases,3,grad_shafranov,vmec_indata_or_case,geqdsk,,,,,,,,
educational_VMEC/from_misc_sources/example_hsxt52_v3post,gvec,failed,Unsupported: required MGRID fixture unavailable: /home/enrico/01_Codes/01_VMEC/01_VMEC_GRIDS/03_QHS_hq/mgrid_qhs_hq22.nc,3,vmec_family,vmec_indata,gvec_state,,,,,,,,
educational_VMEC/from_misc_sources/example_hsxt52_v3post,jvmec,failed,Unsupported: required MGRID fixture unavailable: /home/enrico/01_Codes/01_VMEC/01_VMEC_GRIDS/03_QHS_hq/mgrid_qhs_hq22.nc,3,vmec_family,vmec_indata,wout_netcdf,,,,,,,,
educational_VMEC/from_misc_sources/example_hsxt52_v3post,parvmec,failed,Unsupported: required MGRID fixture unavailable: /home/enrico/01_Codes/01_VMEC/01_VMEC_GRIDS/03_QHS_hq/mgrid_qhs_hq22.nc,3,vmec_family,vmec_indata,wout_netcdf,,,,,,,,
educational_VMEC/from_misc_sources/example_hsxt52_v3post,spec,failed,Unsupported: SPEC requires a native .sp input,3,spec_mhd,spec_namelist,spec_hdf5,,,,,,,,
educational_VMEC/from_misc_sources/example_hsxt52_v3post,spectre,failed,Unsupported: required MGRID fixture unavailable: /home/enrico/01_Codes/01_VMEC/01_VMEC_GRIDS/03_QHS_hq/mgrid_qhs_hq22.nc,3,spectre_mhd,vmec_indata_or_spectre_toml,spectre_json,,,,,,,,
educational_VMEC/from_misc_sources/example_hsxt52_v3post,vmec2000,failed,Unsupported: required MGRID fixture unavailable: /home/enrico/01_Codes/01_VMEC/01_VMEC_GRIDS/03_QHS_hq/mgrid_qhs_hq22.nc,3,vmec_family,vmec_indata,wout_netcdf,,,,,,,,
educational_VMEC/from_misc_sources/example_hsxt52_v3post,vmecpp,failed,Unsupported: required MGRID fixture unavailable: /home/enrico/01_Codes/01_VMEC/01_VMEC_GRIDS/03_QHS_hq/mgrid_qhs_hq22.nc,3,vmec_family,vmec_indata,wout_netcdf,,,,,,,,
educational_VMEC/from_misc_sources/example_hsxt52_v3post,vmex,failed,Unsupported: required MGRID fixture unavailable: /home/enrico/01_Codes/01_VMEC/01_VMEC_GRIDS/03_QHS_hq/mgrid_qhs_hq22.nc,3,vmec_family,vmec_indata,wout_netcdf,,,,,,,,
educational_VMEC/from_misc_sources/lhd,chease,failed,Unsupported: CHEASE requires a 2-D GEQDSK input,3,grad_shafranov,vmec_indata_via_geqdsk,geqdsk,,,,,,,,
educational_VMEC/from_misc_sources/lhd,desc,success,,3,vmec_family,vmec_indata,wout_netcdf,0.6727159936896403,2.4282260374619868e-08,5.839290768496652,3.578893332504016,27.009536813555844,1.5162290085776058,0.019,3.866813189829199e-11
educational_VMEC/from_misc_sources/lhd,educational_vmec,success,,3,vmec_family,vmec_indata,wout_netcdf,0.6727250734886923,2.428193085812604e-08,5.8392907684033295,3.5550532582256578,27.00953676831732,1.523985842423099,0.018999999999999996,-1.4457835970094202e-09
educational_VMEC/from_misc_sources/lhd,freegs,failed,Unsupported: FreeGS is restricted to 2-D Grad-Shafranov cases,3,grad_shafranov,vmec_indata_or_case,geqdsk,,,,,,,,
educational_VMEC/from_misc_sources/lhd,gvec,success,,3,vmec_family,vmec_indata,gvec_state,,,5.839290768403327,3.53549615188308,27.0095367683173,-1.54862177101445,0.019,
educational_VMEC/from_misc_sources/lhd,jvmec,success,,3,vmec_family,vmec_indata,wout_netcdf,0.672720712207094,0.0,5.839240651908948,3.538236891713068,27.010330013682836,1.5513957910588254,0.0,-2.2632720350634905e-09
educational_VMEC/from_misc_sources/lhd,parvmec,success,,3,vmec_family,vmec_indata,wout_netcdf,0.6727207201363445,2.4282087360514924e-08,5.8392907684033295,3.538273890333778,27.00953676831732,1.551392469322988,0.018999999999999996,-6.022743068156977e-10
educational_VMEC/from_misc_sources/lhd,spec,failed,Unsupported: SPEC requires a native .sp input,3,spec_mhd,spec_namelist,spec_hdf5,,,,,,,,
educational_VMEC/from_misc_sources/lhd,spectre,failed,Run failed,3,spectre_mhd,vmec_indata_or_spectre_toml,spectre_json,,,,,,,,
educational_VMEC/from_misc_sources/lhd,vmec2000,success,,3,vmec_family,vmec_indata,wout_netcdf,0.6727207201363492,2.428208736051464e-08,5.8392907684033295,3.538273890423158,27.00953676831732,1.5513924693185301,0.018999999999999996,-9.416295868036606e-10
educational_VMEC/from_misc_sources/lhd,vmecpp,success,,3,vmec_family,vmec_indata,wout_netcdf,0.6727207181810851,2.4282087427397165e-08,5.8392907684033375,3.538179205899832,27.00953676831733,1.5513993184089852,0.018999999999999996,1.894643296418419e-10
educational_VMEC/from_misc_sources/lhd,vmex,success,,3,vmec_family,vmec_indata,wout_netcdf,0.6727207201363458,2.4282087360514845e-08,5.839290768403322,3.538273890585873,27.0095367683173,1.5513924693129946,0.018999999999999996,-5.019856058607886e-10
educational_VMEC/from_misc_sources/ncsx_c09r00_fixed,chease,failed,Unsupported: CHEASE requires a 2-D GEQDSK input,3,grad_shafranov,vmec_indata_via_geqdsk,geqdsk,,,,,,,,
educational_VMEC/from_misc_sources/ncsx_c09r00_fixed,desc,success,,3,vmec_family,vmec_indata,wout_netcdf,0.09297559068215766,0.04115737340703668,4.46934741534689,1.5389592138420343,2.9628141339355714,0.2797200843537553,68551.76489999998,178606.17228999274
educational_VMEC/from_misc_sources/ncsx_c09r00_fixed,educational_vmec,success,,3,vmec_family,vmec_indata,wout_netcdf,0.09295643795191816,0.04088464556410248,4.469347453837748,1.4989491038241194,2.9628141556296685,0.6608336321804433,68569.19017276158,-178833.53545768783
educational_VMEC/from_misc_sources/ncsx_c09r00_fixed,freegs,failed,Unsupported: FreeGS is restricted to 2-D Grad-Shafranov cases,3,grad_shafranov,vmec_indata_or_case,geqdsk,,,,,,,,
educational_VMEC/from_misc_sources/ncsx_c09r00_fixed,gvec,failed,Run failed,3,vmec_family,vmec_indata,gvec_state,,,,,,,,
educational_VMEC/from_misc_sources/ncsx_c09r00_fixed,jvmec,failed,Run failed,3,vmec_family,vmec_indata,wout_netcdf,,,,,,,,
educational_VMEC/from_misc_sources/ncsx_c09r00_fixed,parvmec,success,,3,vmec_family,vmec_indata,wout_netcdf,0.09294986378183434,0.04086863783433144,4.469347453837748,1.4960320566826528,2.9628141556296685,0.6549282195473101,68569.19017276158,-178833.53545768865
educational_VMEC/from_misc_sources/ncsx_c09r00_fixed,spec,failed,Unsupported: SPEC requires a native .sp input,3,spec_mhd,spec_namelist,spec_hdf5,,,,,,,,
educational_VMEC/from_misc_sources/ncsx_c09r00_fixed,spectre,failed,Run failed,3,spectre_mhd,vmec_indata_or_spectre_toml,spectre_json,,,,,,,,
educational_VMEC/from_misc_sources/ncsx_c09r00_fixed,vmec2000,success,,3,vmec_family,vmec_indata,wout_netcdf,0.09294986378183336,0.04086863783432993,4.469347453837748,1.496032056682603,2.9628141556296685,0.6549282195479535,68569.19017276158,-178833.53545768687
educational_VMEC/from_misc_sources/ncsx_c09r00_fixed,vmecpp,success,,3,vmec_family,vmec_indata,wout_netcdf,0.09294986364151865,0.04086864041641216,4.469347453837713,1.4960241531691694,2.9628141556296645,0.6549693042362756,68569.19017276158,-178833.5354577091
educational_VMEC/from_misc_sources/ncsx_c09r00_fixed,vmex,success,,3,vmec_family,vmec_indata,wout_netcdf,0.09294986378183753,0.040868637834337,4.469347453837734,1.4960320566820502,2.9628141556296685,0.6549282195442561,68569.19017276158,-178833.5354576882
educational_VMEC/from_misc_sources/ncsx_c09r00_free,chease,failed,Unsupported: CHEASE requires a 2-D GEQDSK input,3,grad_shafranov,vmec_indata_via_geqdsk,geqdsk,,,,,,,,
educational_VMEC/from_misc_sources/ncsx_c09r00_free,desc,success,,3,vmec_family,vmec_indata,wout_netcdf,0.09297559068215766,0.04115737340703668,4.46934741534689,1.5389592138420343,2.9628141339355714,0.2797200843537553,68551.76489999998,178606.17228999274
educational_VMEC/from_misc_sources/ncsx_c09r00_free,educational_vmec,failed,Unsupported: required MGRID fixture unavailable: mgrid.c09r00,3,vmec_family,vmec_indata,wout_netcdf,,,,,,,,
educational_VMEC/from_misc_sources/ncsx_c09r00_free,freegs,failed,Unsupported: FreeGS is restricted to 2-D Grad-Shafranov cases,3,grad_shafranov,vmec_indata_or_case,geqdsk,,,,,,,,
educational_VMEC/from_misc_sources/ncsx_c09r00_free,gvec,failed,Unsupported: required MGRID fixture unavailable: mgrid.c09r00,3,vmec_family,vmec_indata,gvec_state,,,,,,,,
educational_VMEC/from_misc_sources/ncsx_c09r00_free,jvmec,failed,Unsupported: required MGRID fixture unavailable: mgrid.c09r00,3,vmec_family,vmec_indata,wout_netcdf,,,,,,,,
educational_VMEC/from_misc_sources/ncsx_c09r00_free,parvmec,failed,Unsupported: required MGRID fixture unavailable: mgrid.c09r00,3,vmec_family,vmec_indata,wout_netcdf,,,,,,,,
educational_VMEC/from_misc_sources/ncsx_c09r00_free,spec,failed,Unsupported: SPEC requires a native .sp input,3,spec_mhd,spec_namelist,spec_hdf5,,,,,,,,
educational_VMEC/from_misc_sources/ncsx_c09r00_free,spectre,failed,Unsupported: required MGRID fixture unavailable: mgrid.c09r00,3,spectre_mhd,vmec_indata_or_spectre_toml,spectre_json,,,,,,,,
educational_VMEC/from_misc_sources/ncsx_c09r00_free,vmec2000,failed,Unsupported: required MGRID fixture unavailable: mgrid.c09r00,3,vmec_family,vmec_indata,wout_netcdf,,,,,,,,
educational_VMEC/from_misc_sources/ncsx_c09r00_free,vmecpp,failed,Unsupported: required MGRID fixture unavailable: mgrid.c09r00,3,vmec_family,vmec_indata,wout_netcdf,,,,,,,,
educational_VMEC/from_misc_sources/ncsx_c09r00_free,vmex,failed,Unsupported: required MGRID fixture unavailable: mgrid.c09r00,3,vmec_family,vmec_indata,wout_netcdf,,,,,,,,
educational_VMEC/from_misc_sources/test,chease,failed,Unsupported: CHEASE requires a 2-D GEQDSK input,3,grad_shafranov,vmec_indata_via_geqdsk,geqdsk,,,,,,,,
educational_VMEC/from_misc_sources/test,desc,success,,3,vmec_family,vmec_indata,wout_netcdf,0.0007407048164296386,0.0,3.0000000004573946,0.7496981442889861,0.9252754127431984,-0.3406423468043729,0.0,-39999.999939999994
educational_VMEC/from_misc_sources/test,educational_vmec,failed,Run failed,3,vmec_family,vmec_indata,wout_netcdf,,,,,,,,
educational_VMEC/from_misc_sources/test,freegs,failed,Unsupported: FreeGS is restricted to 2-D Grad-Shafranov cases,3,grad_shafranov,vmec_indata_or_case,geqdsk,,,,,,,,
educational_VMEC/from_misc_sources/test,gvec,failed,Unsupported: VMEC pressure profile of type line_segment is not supported for conversion,3,vmec_family,vmec_indata,gvec_state,,,,,,,,
educational_VMEC/from_misc_sources/test,jvmec,failed,Run failed,3,vmec_family,vmec_indata,wout_netcdf,,,,,,,,
educational_VMEC/from_misc_sources/test,parvmec,success,,3,vmec_family,vmec_indata,wout_netcdf,0.000749952683632707,0.015708944145103994,3.0,0.7629778279943625,0.9252754126021275,0.340590802124621,399.99999999999994,40000.17032055629
educational_VMEC/from_misc_sources/test,spec,failed,Unsupported: SPEC requires a native .sp input,3,spec_mhd,spec_namelist,spec_hdf5,,,,,,,,
educational_VMEC/from_misc_sources/test,spectre,failed,Run failed,3,spectre_mhd,vmec_indata_or_spectre_toml,spectre_json,,,,,,,,
educational_VMEC/from_misc_sources/test,vmec2000,success,,3,vmec_family,vmec_indata,wout_netcdf,0.0007499526831415016,0.01570894415539308,3.0,0.7629778278183612,0.9252754126021275,0.3405908029802688,399.99999999999994,40000.170349453605
educational_VMEC/from_misc_sources/test,vmecpp,success,,3,vmec_family,vmec_indata,wout_netcdf,0.0007499526817788443,0.0,3.0,0.7629798240916664,0.9252754126021275,0.34058992860928194,0.0,40000.17032055626
educational_VMEC/from_misc_sources/test,vmex,success,,3,vmec_family,vmec_indata,wout_netcdf,0.0007499526836327072,0.015708944145103994,3.0,0.7629778279943635,0.9252754126021274,0.3405908021246383,399.99999999999994,40000.17032055629
educational_VMEC/from_quasisymmetry/li383_vacuum,chease,failed,Unsupported: CHEASE requires a 2-D GEQDSK input,3,grad_shafranov,vmec_indata_via_geqdsk,geqdsk,,,,,,,,
educational_VMEC/from_quasisymmetry/li383_vacuum,desc,success,,3,vmec_family,vmec_indata,wout_netcdf,0.13093293783463114,0.0,4.365254725995634,1.4818867425799584,2.978717214560124,1.7958035613063792,0.0,-3.726201801108138e-10
educational_VMEC/from_quasisymmetry/li383_vacuum,educational_vmec,success,,3,vmec_family,vmec_indata,wout_netcdf,0.13079453083430076,0.0,4.365254725961323,1.4467289986259666,2.97871721453671,1.8568072224178194,0.0,-1.24683249835833e-10
educational_VMEC/from_quasisymmetry/li383_vacuum,freegs,failed,Unsupported: FreeGS is restricted to 2-D Grad-Shafranov cases,3,grad_shafranov,vmec_indata_or_case,geqdsk,,,,,,,,
educational_VMEC/from_quasisymmetry/li383_vacuum,gvec,failed,Run failed,3,vmec_family,vmec_indata,gvec_state,,,,,,,,
educational_VMEC/from_quasisymmetry/li383_vacuum,jvmec,failed,Run failed,3,vmec_family,vmec_indata,wout_netcdf,,,,,,,,
educational_VMEC/from_quasisymmetry/li383_vacuum,parvmec,success,,3,vmec_family,vmec_indata,wout_netcdf,0.13072869229108974,0.0,4.365254725961323,1.444120839273,2.97871721453671,1.9575961125282446,0.0,-2.190088388420719e-10
educational_VMEC/from_quasisymmetry/li383_vacuum,spec,failed,Unsupported: SPEC requires a native .sp input,3,spec_mhd,spec_namelist,spec_hdf5,,,,,,,,
educational_VMEC/from_quasisymmetry/li383_vacuum,spectre,failed,Run failed,3,spectre_mhd,vmec_indata_or_spectre_toml,spectre_json,,,,,,,,
educational_VMEC/from_quasisymmetry/li383_vacuum,vmec2000,success,,3,vmec_family,vmec_indata,wout_netcdf,0.1307286922910575,0.0,4.365254725961323,1.444120839273301,2.97871721453671,1.9575961125335484,0.0,-1.3341107732434132e-09
educational_VMEC/from_quasisymmetry/li383_vacuum,vmecpp,success,,3,vmec_family,vmec_indata,wout_netcdf,0.13073468178734304,0.0,4.365254725961319,1.4439062664723796,2.9787172145367107,1.957682088660861,0.0,-3.3881317890172014e-10
educational_VMEC/from_quasisymmetry/li383_vacuum,vmex,failed,Run failed,3,vmec_family,vmec_indata,wout_netcdf,,,,,,,,
educational_VMEC/from_vmec_multiple_readin/li383_low_res,chease,failed,Unsupported: CHEASE requires a 2-D GEQDSK input,3,grad_shafranov,vmec_indata_via_geqdsk,geqdsk,,,,,,,,
educational_VMEC/from_vmec_multiple_readin/li383_low_res,desc,success,,3,vmec_family,vmec_indata,wout_netcdf,0.09605018951821889,0.042403975382675305,4.354967596750819,1.4770108426068544,2.981387270163287,0.3151708310138807,73408.0,174249.80181999356
educational_VMEC/from_vmec_multiple_readin/li383_low_res,educational_vmec,success,,3,vmec_family,vmec_indata,wout_netcdf,0.09601620816354443,0.04262150179863526,4.3549675967508055,1.4773030048650346,2.9813872701632924,0.6548684395758585,73686.13886756107,-177180.66296951871
educational_VMEC/from_vmec_multiple_readin/li383_low_res,freegs,failed,Unsupported: FreeGS is restricted to 2-D Grad-Shafranov cases,3,grad_shafranov,vmec_indata_or_case,geqdsk,,,,,,,,
educational_VMEC/from_vmec_multiple_readin/li383_low_res,gvec,failed,Run failed,3,vmec_family,vmec_indata,gvec_state,,,,,,,,
educational_VMEC/from_vmec_multiple_readin/li383_low_res,jvmec,failed,Run failed,3,vmec_family,vmec_indata,wout_netcdf,,,,,,,,
educational_VMEC/from_vmec_multiple_readin/li383_low_res,parvmec,success,,3,vmec_family,vmec_indata,wout_netcdf,0.09601620871098511,0.04262150306533049,4.3549675967508055,1.4773028173064942,2.9813872701632924,0.6548681687836467,73686.13886756107,-177180.66296951933
educational_VMEC/from_vmec_multiple_readin/li383_low_res,spec,failed,Unsupported: SPEC requires a native .sp input,3,spec_mhd,spec_namelist,spec_hdf5,,,,,,,,
educational_VMEC/from_vmec_multiple_readin/li383_low_res,spectre,failed,Run failed,3,spectre_mhd,vmec_indata_or_spectre_toml,spectre_json,,,,,,,,
educational_VMEC/from_vmec_multiple_readin/li383_low_res,vmec2000,success,,3,vmec_family,vmec_indata,wout_netcdf,0.09601620871098515,0.042621503065330545,4.3549675967508055,1.4773028173064948,2.9813872701632924,0.6548681687836666,73686.13886756107,-177180.66296951988
educational_VMEC/from_vmec_multiple_readin/li383_low_res,vmecpp,success,,3,vmec_family,vmec_indata,wout_netcdf,0.09601620816354424,0.04262150179863517,4.354967596750809,1.4773030048650329,2.98138727016329,0.6548684395758442,73686.13886756107,-177180.66296951982
educational_VMEC/from_vmec_multiple_readin/li383_low_res,vmex,success,,3,vmec_family,vmec_indata,wout_netcdf,0.09601620871098507,0.042621503065330524,4.354967596750819,1.477302817306495,2.9813872701632915,0.6548681687836679,73686.13886756107,-177180.6629695202
educational_VMEC/solovev,chease,failed,Unsupported: CHEASE requires a 2-D GEQDSK input,3,grad_shafranov,vmec_indata_via_geqdsk,geqdsk,,,,,,,,
educational_VMEC/solovev,desc,success,,3,vmec_family,vmec_indata,wout_netcdf,0.06455073287636415,3.872259897307029e-06,3.117998343734315,3.989210433524772,126.87192764523266,1.0,0.125,-440632.8318948016
educational_VMEC/solovev,educational_vmec,success,,3,vmec_family,vmec_indata,wout_netcdf,0.06455075217420486,3.872286630701071e-06,3.117998343734321,3.9894010728341964,126.87192764523259,1.0,0.12499999999999997,-440660.50046692294
educational_VMEC/solovev,freegs,failed,Unsupported: FreeGS is restricted to 2-D Grad-Shafranov cases,3,grad_shafranov,vmec_indata_or_case,geqdsk,,,,,,,,
educational_VMEC/solovev,gvec,success,,3,vmec_family,vmec_indata,gvec_state,,,3.1179983437343104,3.98916669057617,126.871927645233,-1.0,0.125,
educational_VMEC/solovev,jvmec,success,,3,vmec_family,vmec_indata,wout_netcdf,0.06455075217420482,0.0,3.1179983437343375,3.989401072835232,126.87192764523354,1.0,0.0,-440660.5004669052
educational_VMEC/solovev,parvmec,success,,3,vmec_family,vmec_indata,wout_netcdf,0.06455075217420488,3.872286630701078e-06,3.117998343734321,3.9894010728355944,126.87192764523259,1.0,0.12499999999999997,-440660.5004669217
educational_VMEC/solovev,spec,failed,Unsupported: SPEC requires a native .sp input,3,spec_mhd,spec_namelist,spec_hdf5,,,,,,,,
educational_VMEC/solovev,spectre,success,,3,spectre_mhd,vmec_indata_or_spectre_toml,spectre_json,,,,,,,,
educational_VMEC/solovev,vmec2000,success,,3,vmec_family,vmec_indata,wout_netcdf,0.06455075217420488,3.872286630701078e-06,3.117998343734321,3.9894010728355944,126.87192764523259,1.0,0.12499999999999997,-440660.5004669217
educational_VMEC/solovev,vmecpp,success,,3,vmec_family,vmec_indata,wout_netcdf,0.06455075217420486,3.872286630701074e-06,3.117998343734321,3.9894010728345415,126.87192764523259,1.0,0.12499999999999997,-440660.5004669483
educational_VMEC/solovev,vmex,success,,3,vmec_family,vmec_indata,wout_netcdf,0.06455075217420482,3.872286630701076e-06,3.117998343734316,3.989401072835449,126.87192764523255,1.0,0.12499999999999997,-440660.50046692224
educational_VMEC/test,chease,failed,Unsupported: CHEASE requires a 2-D GEQDSK input,3,grad_shafranov,vmec_indata_via_geqdsk,geqdsk,,,,,,,,
educational_VMEC/test,desc,success,,3,vmec_family,vmec_indata,wout_netcdf,0.0012731062679220786,0.0227398635245009,5.485829957848705,0.8076147117674333,0.31539670994943586,-0.14499208017226325,432.290809,-43229.080859999995
educational_VMEC/test,educational_vmec,success,,3,vmec_family,vmec_indata,wout_netcdf,0.0012835848344952849,0.0018737573549696565,5.434959522108982,0.7737277510921869,0.3072624884985053,0.8641301117188226,432.3209489619426,43229.264994631434
educational_VMEC/test,freegs,failed,Unsupported: FreeGS is restricted to 2-D Grad-Shafranov cases,3,grad_shafranov,vmec_indata_or_case,geqdsk,,,,,,,,
educational_VMEC/test,gvec,failed,Unsupported: VMEC pressure profile of type two_power is not supported for conversion,3,vmec_family,vmec_indata,gvec_state,,,,,,,,
educational_VMEC/test,jvmec,success,,3,vmec_family,vmec_indata,wout_netcdf,0.0012835848344727862,0.0,5.427363511127601,0.7737277511162104,0.30656077225986716,0.8641301112797859,0.0,43229.26499463139
educational_VMEC/test,parvmec,success,,3,vmec_family,vmec_indata,wout_netcdf,0.0012836281706449242,0.0018721345983941213,5.433260965413832,0.7733427234232358,0.30699247599444573,0.8647933109630438,432.3209489619426,43229.26499463163
educational_VMEC/test,spec,failed,Unsupported: SPEC requires a native .sp input,3,spec_mhd,spec_namelist,spec_hdf5,,,,,,,,
educational_VMEC/test,spectre,failed,Run failed,3,spectre_mhd,vmec_indata_or_spectre_toml,spectre_json,,,,,,,,
educational_VMEC/test,vmec2000,success,,3,vmec_family,vmec_indata,wout_netcdf,0.0012836281700257428,0.0018721345951390508,5.433260964944784,0.7733427229523283,0.3069924752230543,0.8647933109871311,432.3209489619426,43229.265025861474
educational_VMEC/test,vmecpp,success,,3,vmec_family,vmec_indata,wout_netcdf,0.001283584834495276,0.0018737573549696556,5.434959522108977,0.7737277510921864,0.3072624884985038,0.8641301117188315,432.3209489619426,43229.26499463133
educational_VMEC/test,vmex,failed,Run failed,3,vmec_family,vmec_indata,wout_netcdf,,,,,,,,
gvec/analytic_gs_elliptok/parameter,chease,failed,Unsupported: native GVEC parameters are not VMEC inputs,3,grad_shafranov,vmec_indata_via_geqdsk,geqdsk,,,,,,,,
gvec/analytic_gs_elliptok/parameter,desc,failed,Unsupported: native GVEC parameters are not VMEC inputs,3,vmec_family,vmec_indata,wout_netcdf,,,,,,,,
gvec/analytic_gs_elliptok/parameter,educational_vmec,failed,Unsupported: native GVEC parameters are not VMEC inputs,3,vmec_family,vmec_indata,wout_netcdf,,,,,,,,
gvec/analytic_gs_elliptok/parameter,freegs,failed,Unsupported: native GVEC parameters are not VMEC inputs,3,grad_shafranov,vmec_indata_or_case,geqdsk,,,,,,,,
gvec/analytic_gs_elliptok/parameter,gvec,failed,Run failed,3,vmec_family,vmec_indata,gvec_state,,,,,,,,
gvec/analytic_gs_elliptok/parameter,jvmec,failed,Unsupported: native GVEC parameters are not VMEC inputs,3,vmec_family,vmec_indata,wout_netcdf,,,,,,,,
gvec/analytic_gs_elliptok/parameter,parvmec,failed,Unsupported: native GVEC parameters are not VMEC inputs,3,vmec_family,vmec_indata,wout_netcdf,,,,,,,,
gvec/analytic_gs_elliptok/parameter,spec,failed,Unsupported: native GVEC parameters are not VMEC inputs,3,spec_mhd,spec_namelist,spec_hdf5,,,,,,,,
gvec/analytic_gs_elliptok/parameter,spectre,failed,Unsupported: native GVEC parameters are not VMEC inputs,3,spectre_mhd,vmec_indata_or_spectre_toml,spectre_json,,,,,,,,
gvec/analytic_gs_elliptok/parameter,vmec2000,failed,Unsupported: native GVEC parameters are not VMEC inputs,3,vmec_family,vmec_indata,wout_netcdf,,,,,,,,
gvec/analytic_gs_elliptok/parameter,vmecpp,failed,Unsupported: native GVEC parameters are not VMEC inputs,3,vmec_family,vmec_indata,wout_netcdf,,,,,,,,
gvec/analytic_gs_elliptok/parameter,vmex,failed,Unsupported: native GVEC parameters are not VMEC inputs,3,vmec_family,vmec_indata,wout_netcdf,,,,,,,,
gvec/axisNB_N2-12/parameter,chease,failed,Unsupported: native GVEC parameters are not VMEC inputs,3,grad_shafranov,vmec_indata_via_geqdsk,geqdsk,,,,,,,,
gvec/axisNB_N2-12/parameter,desc,failed,Unsupported: native GVEC parameters are not VMEC inputs,3,vmec_family,vmec_indata,wout_netcdf,,,,,,,,
gvec/axisNB_N2-12/parameter,educational_vmec,failed,Unsupported: native GVEC parameters are not VMEC inputs,3,vmec_family,vmec_indata,wout_netcdf,,,,,,,,
gvec/axisNB_N2-12/parameter,freegs,failed,Unsupported: native GVEC parameters are not VMEC inputs,3,grad_shafranov,vmec_indata_or_case,geqdsk,,,,,,,,
gvec/axisNB_N2-12/parameter,gvec,failed,Run failed,3,vmec_family,vmec_indata,gvec_state,,,,,,,,
gvec/axisNB_N2-12/parameter,jvmec,failed,Unsupported: native GVEC parameters are not VMEC inputs,3,vmec_family,vmec_indata,wout_netcdf,,,,,,,,
gvec/axisNB_N2-12/parameter,parvmec,failed,Unsupported: native GVEC parameters are not VMEC inputs,3,vmec_family,vmec_indata,wout_netcdf,,,,,,,,
gvec/axisNB_N2-12/parameter,spec,failed,Unsupported: native GVEC parameters are not VMEC inputs,3,spec_mhd,spec_namelist,spec_hdf5,,,,,,,,
gvec/axisNB_N2-12/parameter,spectre,failed,Unsupported: native GVEC parameters are not VMEC inputs,3,spectre_mhd,vmec_indata_or_spectre_toml,spectre_json,,,,,,,,
gvec/axisNB_N2-12/parameter,vmec2000,failed,Unsupported: native GVEC parameters are not VMEC inputs,3,vmec_family,vmec_indata,wout_netcdf,,,,,,,,
gvec/axisNB_N2-12/parameter,vmecpp,failed,Unsupported: native GVEC parameters are not VMEC inputs,3,vmec_family,vmec_indata,wout_netcdf,,,,,,,,
gvec/axisNB_N2-12/parameter,vmex,failed,Unsupported: native GVEC parameters are not VMEC inputs,3,vmec_family,vmec_indata,wout_netcdf,,,,,,,,
gvec/axisNB_N2-63/parameter,chease,failed,Unsupported: native GVEC parameters are not VMEC inputs,3,grad_shafranov,vmec_indata_via_geqdsk,geqdsk,,,,,,,,
gvec/axisNB_N2-63/parameter,desc,failed,Unsupported: native GVEC parameters are not VMEC inputs,3,vmec_family,vmec_indata,wout_netcdf,,,,,,,,
gvec/axisNB_N2-63/parameter,educational_vmec,failed,Unsupported: native GVEC parameters are not VMEC inputs,3,vmec_family,vmec_indata,wout_netcdf,,,,,,,,
gvec/axisNB_N2-63/parameter,freegs,failed,Unsupported: native GVEC parameters are not VMEC inputs,3,grad_shafranov,vmec_indata_or_case,geqdsk,,,,,,,,
gvec/axisNB_N2-63/parameter,gvec,failed,Run failed,3,vmec_family,vmec_indata,gvec_state,,,,,,,,
gvec/axisNB_N2-63/parameter,jvmec,failed,Unsupported: native GVEC parameters are not VMEC inputs,3,vmec_family,vmec_indata,wout_netcdf,,,,,,,,
gvec/axisNB_N2-63/parameter,parvmec,failed,Unsupported: native GVEC parameters are not VMEC inputs,3,vmec_family,vmec_indata,wout_netcdf,,,,,,,,
gvec/axisNB_N2-63/parameter,spec,failed,Unsupported: native GVEC parameters are not VMEC inputs,3,spec_mhd,spec_namelist,spec_hdf5,,,,,,,,
gvec/axisNB_N2-63/parameter,spectre,failed,Unsupported: native GVEC parameters are not VMEC inputs,3,spectre_mhd,vmec_indata_or_spectre_toml,spectre_json,,,,,,,,
gvec/axisNB_N2-63/parameter,vmec2000,failed,Unsupported: native GVEC parameters are not VMEC inputs,3,vmec_family,vmec_indata,wout_netcdf,,,,,,,,
gvec/axisNB_N2-63/parameter,vmecpp,failed,Unsupported: native GVEC parameters are not VMEC inputs,3,vmec_family,vmec_indata,wout_netcdf,,,,,,,,
gvec/axisNB_N2-63/parameter,vmex,failed,Unsupported: native GVEC parameters are not VMEC inputs,3,vmec_family,vmec_indata,wout_netcdf,,,,,,,,
gvec/axisNB_N3-test/parameter,chease,failed,Unsupported: native GVEC parameters are not VMEC inputs,3,grad_shafranov,vmec_indata_via_geqdsk,geqdsk,,,,,,,,
gvec/axisNB_N3-test/parameter,desc,failed,Unsupported: native GVEC parameters are not VMEC inputs,3,vmec_family,vmec_indata,wout_netcdf,,,,,,,,
gvec/axisNB_N3-test/parameter,educational_vmec,failed,Unsupported: native GVEC parameters are not VMEC inputs,3,vmec_family,vmec_indata,wout_netcdf,,,,,,,,
gvec/axisNB_N3-test/parameter,freegs,failed,Unsupported: native GVEC parameters are not VMEC inputs,3,grad_shafranov,vmec_indata_or_case,geqdsk,,,,,,,,
gvec/axisNB_N3-test/parameter,gvec,failed,Run failed,3,vmec_family,vmec_indata,gvec_state,,,,,,,,
gvec/axisNB_N3-test/parameter,jvmec,failed,Unsupported: native GVEC parameters are not VMEC inputs,3,vmec_family,vmec_indata,wout_netcdf,,,,,,,,
gvec/axisNB_N3-test/parameter,parvmec,failed,Unsupported: native GVEC parameters are not VMEC inputs,3,vmec_family,vmec_indata,wout_netcdf,,,,,,,,
gvec/axisNB_N3-test/parameter,spec,failed,Unsupported: native GVEC parameters are not VMEC inputs,3,spec_mhd,spec_namelist,spec_hdf5,,,,,,,,
gvec/axisNB_N3-test/parameter,spectre,failed,Unsupported: native GVEC parameters are not VMEC inputs,3,spectre_mhd,vmec_indata_or_spectre_toml,spectre_json,,,,,,,,
gvec/axisNB_N3-test/parameter,vmec2000,failed,Unsupported: native GVEC parameters are not VMEC inputs,3,vmec_family,vmec_indata,wout_netcdf,,,,,,,,
gvec/axisNB_N3-test/parameter,vmecpp,failed,Unsupported: native GVEC parameters are not VMEC inputs,3,vmec_family,vmec_indata,wout_netcdf,,,,,,,,
gvec/axisNB_N3-test/parameter,vmex,failed,Unsupported: native GVEC parameters are not VMEC inputs,3,vmec_family,vmec_indata,wout_netcdf,,,,,,,,
gvec/axisNB_N3_knot/parameter,chease,failed,Unsupported: native GVEC parameters are not VMEC inputs,3,grad_shafranov,vmec_indata_via_geqdsk,geqdsk,,,,,,,,
gvec/axisNB_N3_knot/parameter,desc,failed,Unsupported: native GVEC parameters are not VMEC inputs,3,vmec_family,vmec_indata,wout_netcdf,,,,,,,,
gvec/axisNB_N3_knot/parameter,educational_vmec,failed,Unsupported: native GVEC parameters are not VMEC inputs,3,vmec_family,vmec_indata,wout_netcdf,,,,,,,,
gvec/axisNB_N3_knot/parameter,freegs,failed,Unsupported: native GVEC parameters are not VMEC inputs,3,grad_shafranov,vmec_indata_or_case,geqdsk,,,,,,,,
gvec/axisNB_N3_knot/parameter,gvec,failed,Run failed,3,vmec_family,vmec_indata,gvec_state,,,,,,,,
gvec/axisNB_N3_knot/parameter,jvmec,failed,Unsupported: native GVEC parameters are not VMEC inputs,3,vmec_family,vmec_indata,wout_netcdf,,,,,,,,
gvec/axisNB_N3_knot/parameter,parvmec,failed,Unsupported: native GVEC parameters are not VMEC inputs,3,vmec_family,vmec_indata,wout_netcdf,,,,,,,,
gvec/axisNB_N3_knot/parameter,spec,failed,Unsupported: native GVEC parameters are not VMEC inputs,3,spec_mhd,spec_namelist,spec_hdf5,,,,,,,,
gvec/axisNB_N3_knot/parameter,spectre,failed,Unsupported: native GVEC parameters are not VMEC inputs,3,spectre_mhd,vmec_indata_or_spectre_toml,spectre_json,,,,,,,,
gvec/axisNB_N3_knot/parameter,vmec2000,failed,Unsupported: native GVEC parameters are not VMEC inputs,3,vmec_family,vmec_indata,wout_netcdf,,,,,,,,
gvec/axisNB_N3_knot/parameter,vmecpp,failed,Unsupported: native GVEC parameters are not VMEC inputs,3,vmec_family,vmec_indata,wout_netcdf,,,,,,,,
gvec/axisNB_N3_knot/parameter,vmex,failed,Unsupported: native GVEC parameters are not VMEC inputs,3,vmec_family,vmec_indata,wout_netcdf,,,,,,,,
gvec/axisNB_QH_nfp7/parameter,chease,failed,Unsupported: native GVEC parameters are not VMEC inputs,3,grad_shafranov,vmec_indata_via_geqdsk,geqdsk,,,,,,,,
gvec/axisNB_QH_nfp7/parameter,desc,failed,Unsupported: native GVEC parameters are not VMEC inputs,3,vmec_family,vmec_indata,wout_netcdf,,,,,,,,
gvec/axisNB_QH_nfp7/parameter,educational_vmec,failed,Unsupported: native GVEC parameters are not VMEC inputs,3,vmec_family,vmec_indata,wout_netcdf,,,,,,,,
gvec/axisNB_QH_nfp7/parameter,freegs,failed,Unsupported: native GVEC parameters are not VMEC inputs,3,grad_shafranov,vmec_indata_or_case,geqdsk,,,,,,,,
gvec/axisNB_QH_nfp7/parameter,gvec,failed,Run failed,3,vmec_family,vmec_indata,gvec_state,,,,,,,,
gvec/axisNB_QH_nfp7/parameter,jvmec,failed,Unsupported: native GVEC parameters are not VMEC inputs,3,vmec_family,vmec_indata,wout_netcdf,,,,,,,,
gvec/axisNB_QH_nfp7/parameter,parvmec,failed,Unsupported: native GVEC parameters are not VMEC inputs,3,vmec_family,vmec_indata,wout_netcdf,,,,,,,,
gvec/axisNB_QH_nfp7/parameter,spec,failed,Unsupported: native GVEC parameters are not VMEC inputs,3,spec_mhd,spec_namelist,spec_hdf5,,,,,,,,
gvec/axisNB_QH_nfp7/parameter,spectre,failed,Unsupported: native GVEC parameters are not VMEC inputs,3,spectre_mhd,vmec_indata_or_spectre_toml,spectre_json,,,,,,,,
gvec/axisNB_QH_nfp7/parameter,vmec2000,failed,Unsupported: native GVEC parameters are not VMEC inputs,3,vmec_family,vmec_indata,wout_netcdf,,,,,,,,
gvec/axisNB_QH_nfp7/parameter,vmecpp,failed,Unsupported: native GVEC parameters are not VMEC inputs,3,vmec_family,vmec_indata,wout_netcdf,,,,,,,,
gvec/axisNB_QH_nfp7/parameter,vmex,failed,Unsupported: native GVEC parameters are not VMEC inputs,3,vmec_family,vmec_indata,wout_netcdf,,,,,,,,
gvec/ellipstell_iota_pres_bspl/parameter,chease,failed,Unsupported: native GVEC parameters are not VMEC inputs,3,grad_shafranov,vmec_indata_via_geqdsk,geqdsk,,,,,,,,
gvec/ellipstell_iota_pres_bspl/parameter,desc,failed,Unsupported: native GVEC parameters are not VMEC inputs,3,vmec_family,vmec_indata,wout_netcdf,,,,,,,,
gvec/ellipstell_iota_pres_bspl/parameter,educational_vmec,failed,Unsupported: native GVEC parameters are not VMEC inputs,3,vmec_family,vmec_indata,wout_netcdf,,,,,,,,
gvec/ellipstell_iota_pres_bspl/parameter,freegs,failed,Unsupported: native GVEC parameters are not VMEC inputs,3,grad_shafranov,vmec_indata_or_case,geqdsk,,,,,,,,
gvec/ellipstell_iota_pres_bspl/parameter,gvec,failed,Run failed,3,vmec_family,vmec_indata,gvec_state,,,,,,,,
gvec/ellipstell_iota_pres_bspl/parameter,jvmec,failed,Unsupported: native GVEC parameters are not VMEC inputs,3,vmec_family,vmec_indata,wout_netcdf,,,,,,,,
gvec/ellipstell_iota_pres_bspl/parameter,parvmec,failed,Unsupported: native GVEC parameters are not VMEC inputs,3,vmec_family,vmec_indata,wout_netcdf,,,,,,,,
gvec/ellipstell_iota_pres_bspl/parameter,spec,failed,Unsupported: native GVEC parameters are not VMEC inputs,3,spec_mhd,spec_namelist,spec_hdf5,,,,,,,,
gvec/ellipstell_iota_pres_bspl/parameter,spectre,failed,Unsupported: native GVEC parameters are not VMEC inputs,3,spectre_mhd,vmec_indata_or_spectre_toml,spectre_json,,,,,,,,
gvec/ellipstell_iota_pres_bspl/parameter,vmec2000,failed,Unsupported: native GVEC parameters are not VMEC inputs,3,vmec_family,vmec_indata,wout_netcdf,,,,,,,,
gvec/ellipstell_iota_pres_bspl/parameter,vmecpp,failed,Unsupported: native GVEC parameters are not VMEC inputs,3,vmec_family,vmec_indata,wout_netcdf,,,,,,,,
gvec/ellipstell_iota_pres_bspl/parameter,vmex,failed,Unsupported: native GVEC parameters are not VMEC inputs,3,vmec_family,vmec_indata,wout_netcdf,,,,,,,,
gvec/ellipstell_lowres/parameter,chease,failed,Unsupported: native GVEC parameters are not VMEC inputs,3,grad_shafranov,vmec_indata_via_geqdsk,geqdsk,,,,,,,,
gvec/ellipstell_lowres/parameter,desc,failed,Unsupported: native GVEC parameters are not VMEC inputs,3,vmec_family,vmec_indata,wout_netcdf,,,,,,,,
gvec/ellipstell_lowres/parameter,educational_vmec,failed,Unsupported: native GVEC parameters are not VMEC inputs,3,vmec_family,vmec_indata,wout_netcdf,,,,,,,,
gvec/ellipstell_lowres/parameter,freegs,failed,Unsupported: native GVEC parameters are not VMEC inputs,3,grad_shafranov,vmec_indata_or_case,geqdsk,,,,,,,,
gvec/ellipstell_lowres/parameter,gvec,failed,Run failed,3,vmec_family,vmec_indata,gvec_state,,,,,,,,
gvec/ellipstell_lowres/parameter,jvmec,failed,Unsupported: native GVEC parameters are not VMEC inputs,3,vmec_family,vmec_indata,wout_netcdf,,,,,,,,
gvec/ellipstell_lowres/parameter,parvmec,failed,Unsupported: native GVEC parameters are not VMEC inputs,3,vmec_family,vmec_indata,wout_netcdf,,,,,,,,
gvec/ellipstell_lowres/parameter,spec,failed,Unsupported: native GVEC parameters are not VMEC inputs,3,spec_mhd,spec_namelist,spec_hdf5,,,,,,,,
gvec/ellipstell_lowres/parameter,spectre,failed,Unsupported: native GVEC parameters are not VMEC inputs,3,spectre_mhd,vmec_indata_or_spectre_toml,spectre_json,,,,,,,,
gvec/ellipstell_lowres/parameter,vmec2000,failed,Unsupported: native GVEC parameters are not VMEC inputs,3,vmec_family,vmec_indata,wout_netcdf,,,,,,,,
gvec/ellipstell_lowres/parameter,vmecpp,failed,Unsupported: native GVEC parameters are not VMEC inputs,3,vmec_family,vmec_indata,wout_netcdf,,,,,,,,
gvec/ellipstell_lowres/parameter,vmex,failed,Unsupported: native GVEC parameters are not VMEC inputs,3,vmec_family,vmec_indata,wout_netcdf,,,,,,,,
gvec/ellipstell_lowres_restart_to_highres/parameter,chease,failed,Unsupported: native GVEC parameters are not VMEC inputs,3,grad_shafranov,vmec_indata_via_geqdsk,geqdsk,,,,,,,,
gvec/ellipstell_lowres_restart_to_highres/parameter,desc,failed,Unsupported: native GVEC parameters are not VMEC inputs,3,vmec_family,vmec_indata,wout_netcdf,,,,,,,,
gvec/ellipstell_lowres_restart_to_highres/parameter,educational_vmec,failed,Unsupported: native GVEC parameters are not VMEC inputs,3,vmec_family,vmec_indata,wout_netcdf,,,,,,,,
gvec/ellipstell_lowres_restart_to_highres/parameter,freegs,failed,Unsupported: native GVEC parameters are not VMEC inputs,3,grad_shafranov,vmec_indata_or_case,geqdsk,,,,,,,,
gvec/ellipstell_lowres_restart_to_highres/parameter,gvec,failed,Run failed,3,vmec_family,vmec_indata,gvec_state,,,,,,,,
gvec/ellipstell_lowres_restart_to_highres/parameter,jvmec,failed,Unsupported: native GVEC parameters are not VMEC inputs,3,vmec_family,vmec_indata,wout_netcdf,,,,,,,,
gvec/ellipstell_lowres_restart_to_highres/parameter,parvmec,failed,Unsupported: native GVEC parameters are not VMEC inputs,3,vmec_family,vmec_indata,wout_netcdf,,,,,,,,
gvec/ellipstell_lowres_restart_to_highres/parameter,spec,failed,Unsupported: native GVEC parameters are not VMEC inputs,3,spec_mhd,spec_namelist,spec_hdf5,,,,,,,,
gvec/ellipstell_lowres_restart_to_highres/parameter,spectre,failed,Unsupported: native GVEC parameters are not VMEC inputs,3,spectre_mhd,vmec_indata_or_spectre_toml,spectre_json,,,,,,,,
gvec/ellipstell_lowres_restart_to_highres/parameter,vmec2000,failed,Unsupported: native GVEC parameters are not VMEC inputs,3,vmec_family,vmec_indata,wout_netcdf,,,,,,,,
gvec/ellipstell_lowres_restart_to_highres/parameter,vmecpp,failed,Unsupported: native GVEC parameters are not VMEC inputs,3,vmec_family,vmec_indata,wout_netcdf,,,,,,,,
gvec/ellipstell_lowres_restart_to_highres/parameter,vmex,failed,Unsupported: native GVEC parameters are not VMEC inputs,3,vmec_family,vmec_indata,wout_netcdf,,,,,,,,
gvec/ellipstell_perturb_cosm/parameter,chease,failed,Unsupported: native GVEC parameters are not VMEC inputs,3,grad_shafranov,vmec_indata_via_geqdsk,geqdsk,,,,,,,,
gvec/ellipstell_perturb_cosm/parameter,desc,failed,Unsupported: native GVEC parameters are not VMEC inputs,3,vmec_family,vmec_indata,wout_netcdf,,,,,,,,
gvec/ellipstell_perturb_cosm/parameter,educational_vmec,failed,Unsupported: native GVEC parameters are not VMEC inputs,3,vmec_family,vmec_indata,wout_netcdf,,,,,,,,
gvec/ellipstell_perturb_cosm/parameter,freegs,failed,Unsupported: native GVEC parameters are not VMEC inputs,3,grad_shafranov,vmec_indata_or_case,geqdsk,,,,,,,,
gvec/ellipstell_perturb_cosm/parameter,gvec,failed,Run failed,3,vmec_family,vmec_indata,gvec_state,,,,,,,,
gvec/ellipstell_perturb_cosm/parameter,jvmec,failed,Unsupported: native GVEC parameters are not VMEC inputs,3,vmec_family,vmec_indata,wout_netcdf,,,,,,,,
gvec/ellipstell_perturb_cosm/parameter,parvmec,failed,Unsupported: native GVEC parameters are not VMEC inputs,3,vmec_family,vmec_indata,wout_netcdf,,,,,,,,
gvec/ellipstell_perturb_cosm/parameter,spec,failed,Unsupported: native GVEC parameters are not VMEC inputs,3,spec_mhd,spec_namelist,spec_hdf5,,,,,,,,
gvec/ellipstell_perturb_cosm/parameter,spectre,failed,Unsupported: native GVEC parameters are not VMEC inputs,3,spectre_mhd,vmec_indata_or_spectre_toml,spectre_json,,,,,,,,
gvec/ellipstell_perturb_cosm/parameter,vmec2000,failed,Unsupported: native GVEC parameters are not VMEC inputs,3,vmec_family,vmec_indata,wout_netcdf,,,,,,,,
gvec/ellipstell_perturb_cosm/parameter,vmecpp,failed,Unsupported: native GVEC parameters are not VMEC inputs,3,vmec_family,vmec_indata,wout_netcdf,,,,,,,,
gvec/ellipstell_perturb_cosm/parameter,vmex,failed,Unsupported: native GVEC parameters are not VMEC inputs,3,vmec_family,vmec_indata,wout_netcdf,,,,,,,,
gvec/ellipstell_perturb_legacy/parameter,chease,failed,Unsupported: native GVEC parameters are not VMEC inputs,3,grad_shafranov,vmec_indata_via_geqdsk,geqdsk,,,,,,,,
gvec/ellipstell_perturb_legacy/parameter,desc,failed,Unsupported: native GVEC parameters are not VMEC inputs,3,vmec_family,vmec_indata,wout_netcdf,,,,,,,,
gvec/ellipstell_perturb_legacy/parameter,educational_vmec,failed,Unsupported: native GVEC parameters are not VMEC inputs,3,vmec_family,vmec_indata,wout_netcdf,,,,,,,,
gvec/ellipstell_perturb_legacy/parameter,freegs,failed,Unsupported: native GVEC parameters are not VMEC inputs,3,grad_shafranov,vmec_indata_or_case,geqdsk,,,,,,,,
gvec/ellipstell_perturb_legacy/parameter,gvec,failed,Run failed,3,vmec_family,vmec_indata,gvec_state,,,,,,,,
gvec/ellipstell_perturb_legacy/parameter,jvmec,failed,Unsupported: native GVEC parameters are not VMEC inputs,3,vmec_family,vmec_indata,wout_netcdf,,,,,,,,
gvec/ellipstell_perturb_legacy/parameter,parvmec,failed,Unsupported: native GVEC parameters are not VMEC inputs,3,vmec_family,vmec_indata,wout_netcdf,,,,,,,,
gvec/ellipstell_perturb_legacy/parameter,spec,failed,Unsupported: native GVEC parameters are not VMEC inputs,3,spec_mhd,spec_namelist,spec_hdf5,,,,,,,,
gvec/ellipstell_perturb_legacy/parameter,spectre,failed,Unsupported: native GVEC parameters are not VMEC inputs,3,spectre_mhd,vmec_indata_or_spectre_toml,spectre_json,,,,,,,,
gvec/ellipstell_perturb_legacy/parameter,vmec2000,failed,Unsupported: native GVEC parameters are not VMEC inputs,3,vmec_family,vmec_indata,wout_netcdf,,,,,,,,
gvec/ellipstell_perturb_legacy/parameter,vmecpp,failed,Unsupported: native GVEC parameters are not VMEC inputs,3,vmec_family,vmec_indata,wout_netcdf,,,,,,,,
gvec/ellipstell_perturb_legacy/parameter,vmex,failed,Unsupported: native GVEC parameters are not VMEC inputs,3,vmec_family,vmec_indata,wout_netcdf,,,,,,,,
gvec/ellipstell_reset_minimizer_after_large_timestep/parameter,chease,failed,Unsupported: native GVEC parameters are not VMEC inputs,3,grad_shafranov,vmec_indata_via_geqdsk,geqdsk,,,,,,,,
gvec/ellipstell_reset_minimizer_after_large_timestep/parameter,desc,failed,Unsupported: native GVEC parameters are not VMEC inputs,3,vmec_family,vmec_indata,wout_netcdf,,,,,,,,
gvec/ellipstell_reset_minimizer_after_large_timestep/parameter,educational_vmec,failed,Unsupported: native GVEC parameters are not VMEC inputs,3,vmec_family,vmec_indata,wout_netcdf,,,,,,,,
gvec/ellipstell_reset_minimizer_after_large_timestep/parameter,freegs,failed,Unsupported: native GVEC parameters are not VMEC inputs,3,grad_shafranov,vmec_indata_or_case,geqdsk,,,,,,,,
gvec/ellipstell_reset_minimizer_after_large_timestep/parameter,gvec,failed,Run failed,3,vmec_family,vmec_indata,gvec_state,,,,,,,,
gvec/ellipstell_reset_minimizer_after_large_timestep/parameter,jvmec,failed,Unsupported: native GVEC parameters are not VMEC inputs,3,vmec_family,vmec_indata,wout_netcdf,,,,,,,,
gvec/ellipstell_reset_minimizer_after_large_timestep/parameter,parvmec,failed,Unsupported: native GVEC parameters are not VMEC inputs,3,vmec_family,vmec_indata,wout_netcdf,,,,,,,,
gvec/ellipstell_reset_minimizer_after_large_timestep/parameter,spec,failed,Unsupported: native GVEC parameters are not VMEC inputs,3,spec_mhd,spec_namelist,spec_hdf5,,,,,,,,
gvec/ellipstell_reset_minimizer_after_large_timestep/parameter,spectre,failed,Unsupported: native GVEC parameters are not VMEC inputs,3,spectre_mhd,vmec_indata_or_spectre_toml,spectre_json,,,,,,,,
gvec/ellipstell_reset_minimizer_after_large_timestep/parameter,vmec2000,failed,Unsupported: native GVEC parameters are not VMEC inputs,3,vmec_family,vmec_indata,wout_netcdf,,,,,,,,
gvec/ellipstell_reset_minimizer_after_large_timestep/parameter,vmecpp,failed,Unsupported: native GVEC parameters are not VMEC inputs,3,vmec_family,vmec_indata,wout_netcdf,,,,,,,,
gvec/ellipstell_reset_minimizer_after_large_timestep/parameter,vmex,failed,Unsupported: native GVEC parameters are not VMEC inputs,3,vmec_family,vmec_indata,wout_netcdf,,,,,,,,
gvec/ellipstell_sgrid_custom/parameter,chease,failed,Unsupported: native GVEC parameters are not VMEC inputs,3,grad_shafranov,vmec_indata_via_geqdsk,geqdsk,,,,,,,,
gvec/ellipstell_sgrid_custom/parameter,desc,failed,Unsupported: native GVEC parameters are not VMEC inputs,3,vmec_family,vmec_indata,wout_netcdf,,,,,,,,
gvec/ellipstell_sgrid_custom/parameter,educational_vmec,failed,Unsupported: native GVEC parameters are not VMEC inputs,3,vmec_family,vmec_indata,wout_netcdf,,,,,,,,
gvec/ellipstell_sgrid_custom/parameter,freegs,failed,Unsupported: native GVEC parameters are not VMEC inputs,3,grad_shafranov,vmec_indata_or_case,geqdsk,,,,,,,,
gvec/ellipstell_sgrid_custom/parameter,gvec,failed,Run failed,3,vmec_family,vmec_indata,gvec_state,,,,,,,,
gvec/ellipstell_sgrid_custom/parameter,jvmec,failed,Unsupported: native GVEC parameters are not VMEC inputs,3,vmec_family,vmec_indata,wout_netcdf,,,,,,,,
gvec/ellipstell_sgrid_custom/parameter,parvmec,failed,Unsupported: native GVEC parameters are not VMEC inputs,3,vmec_family,vmec_indata,wout_netcdf,,,,,,,,
gvec/ellipstell_sgrid_custom/parameter,spec,failed,Unsupported: native GVEC parameters are not VMEC inputs,3,spec_mhd,spec_namelist,spec_hdf5,,,,,,,,
gvec/ellipstell_sgrid_custom/parameter,spectre,failed,Unsupported: native GVEC parameters are not VMEC inputs,3,spectre_mhd,vmec_indata_or_spectre_toml,spectre_json,,,,,,,,
gvec/ellipstell_sgrid_custom/parameter,vmec2000,failed,Unsupported: native GVEC parameters are not VMEC inputs,3,vmec_family,vmec_indata,wout_netcdf,,,,,,,,
gvec/ellipstell_sgrid_custom/parameter,vmecpp,failed,Unsupported: native GVEC parameters are not VMEC inputs,3,vmec_family,vmec_indata,wout_netcdf,,,,,,,,
gvec/ellipstell_sgrid_custom/parameter,vmex,failed,Unsupported: native GVEC parameters are not VMEC inputs,3,vmec_family,vmec_indata,wout_netcdf,,,,,,,,
gvec/frenet_QH_nfp7_untwisted/parameter,chease,failed,Unsupported: native GVEC parameters are not VMEC inputs,3,grad_shafranov,vmec_indata_via_geqdsk,geqdsk,,,,,,,,
gvec/frenet_QH_nfp7_untwisted/parameter,desc,failed,Unsupported: native GVEC parameters are not VMEC inputs,3,vmec_family,vmec_indata,wout_netcdf,,,,,,,,
gvec/frenet_QH_nfp7_untwisted/parameter,educational_vmec,failed,Unsupported: native GVEC parameters are not VMEC inputs,3,vmec_family,vmec_indata,wout_netcdf,,,,,,,,
gvec/frenet_QH_nfp7_untwisted/parameter,freegs,failed,Unsupported: native GVEC parameters are not VMEC inputs,3,grad_shafranov,vmec_indata_or_case,geqdsk,,,,,,,,
gvec/frenet_QH_nfp7_untwisted/parameter,gvec,failed,Run failed,3,vmec_family,vmec_indata,gvec_state,,,,,,,,
gvec/frenet_QH_nfp7_untwisted/parameter,jvmec,failed,Unsupported: native GVEC parameters are not VMEC inputs,3,vmec_family,vmec_indata,wout_netcdf,,,,,,,,
gvec/frenet_QH_nfp7_untwisted/parameter,parvmec,failed,Unsupported: native GVEC parameters are not VMEC inputs,3,vmec_family,vmec_indata,wout_netcdf,,,,,,,,
gvec/frenet_QH_nfp7_untwisted/parameter,spec,failed,Unsupported: native GVEC parameters are not VMEC inputs,3,spec_mhd,spec_namelist,spec_hdf5,,,,,,,,
gvec/frenet_QH_nfp7_untwisted/parameter,spectre,failed,Unsupported: native GVEC parameters are not VMEC inputs,3,spectre_mhd,vmec_indata_or_spectre_toml,spectre_json,,,,,,,,
gvec/frenet_QH_nfp7_untwisted/parameter,vmec2000,failed,Unsupported: native GVEC parameters are not VMEC inputs,3,vmec_family,vmec_indata,wout_netcdf,,,,,,,,
gvec/frenet_QH_nfp7_untwisted/parameter,vmecpp,failed,Unsupported: native GVEC parameters are not VMEC inputs,3,vmec_family,vmec_indata,wout_netcdf,,,,,,,,
gvec/frenet_QH_nfp7_untwisted/parameter,vmex,failed,Unsupported: native GVEC parameters are not VMEC inputs,3,vmec_family,vmec_indata,wout_netcdf,,,,,,,,
gvec/hmap_cyl/parameter,chease,failed,Unsupported: native GVEC parameters are not VMEC inputs,3,grad_shafranov,vmec_indata_via_geqdsk,geqdsk,,,,,,,,
gvec/hmap_cyl/parameter,desc,failed,Unsupported: native GVEC parameters are not VMEC inputs,3,vmec_family,vmec_indata,wout_netcdf,,,,,,,,
gvec/hmap_cyl/parameter,educational_vmec,failed,Unsupported: native GVEC parameters are not VMEC inputs,3,vmec_family,vmec_indata,wout_netcdf,,,,,,,,
gvec/hmap_cyl/parameter,freegs,failed,Unsupported: native GVEC parameters are not VMEC inputs,3,grad_shafranov,vmec_indata_or_case,geqdsk,,,,,,,,
gvec/hmap_cyl/parameter,gvec,failed,Run failed,3,vmec_family,vmec_indata,gvec_state,,,,,,,,
gvec/hmap_cyl/parameter,jvmec,failed,Unsupported: native GVEC parameters are not VMEC inputs,3,vmec_family,vmec_indata,wout_netcdf,,,,,,,,
gvec/hmap_cyl/parameter,parvmec,failed,Unsupported: native GVEC parameters are not VMEC inputs,3,vmec_family,vmec_indata,wout_netcdf,,,,,,,,
gvec/hmap_cyl/parameter,spec,failed,Unsupported: native GVEC parameters are not VMEC inputs,3,spec_mhd,spec_namelist,spec_hdf5,,,,,,,,
gvec/hmap_cyl/parameter,spectre,failed,Unsupported: native GVEC parameters are not VMEC inputs,3,spectre_mhd,vmec_indata_or_spectre_toml,spectre_json,,,,,,,,
gvec/hmap_cyl/parameter,vmec2000,failed,Unsupported: native GVEC parameters are not VMEC inputs,3,vmec_family,vmec_indata,wout_netcdf,,,,,,,,
gvec/hmap_cyl/parameter,vmecpp,failed,Unsupported: native GVEC parameters are not VMEC inputs,3,vmec_family,vmec_indata,wout_netcdf,,,,,,,,
gvec/hmap_cyl/parameter,vmex,failed,Unsupported: native GVEC parameters are not VMEC inputs,3,vmec_family,vmec_indata,wout_netcdf,,,,,,,,
gvec/hmap_knot/parameter,chease,failed,Unsupported: native GVEC parameters are not VMEC inputs,3,grad_shafranov,vmec_indata_via_geqdsk,geqdsk,,,,,,,,
gvec/hmap_knot/parameter,desc,failed,Unsupported: native GVEC parameters are not VMEC inputs,3,vmec_family,vmec_indata,wout_netcdf,,,,,,,,
gvec/hmap_knot/parameter,educational_vmec,failed,Unsupported: native GVEC parameters are not VMEC inputs,3,vmec_family,vmec_indata,wout_netcdf,,,,,,,,
gvec/hmap_knot/parameter,freegs,failed,Unsupported: native GVEC parameters are not VMEC inputs,3,grad_shafranov,vmec_indata_or_case,geqdsk,,,,,,,,
gvec/hmap_knot/parameter,gvec,failed,Run failed,3,vmec_family,vmec_indata,gvec_state,,,,,,,,
gvec/hmap_knot/parameter,jvmec,failed,Unsupported: native GVEC parameters are not VMEC inputs,3,vmec_family,vmec_indata,wout_netcdf,,,,,,,,
gvec/hmap_knot/parameter,parvmec,failed,Unsupported: native GVEC parameters are not VMEC inputs,3,vmec_family,vmec_indata,wout_netcdf,,,,,,,,
gvec/hmap_knot/parameter,spec,failed,Unsupported: native GVEC parameters are not VMEC inputs,3,spec_mhd,spec_namelist,spec_hdf5,,,,,,,,
gvec/hmap_knot/parameter,spectre,failed,Unsupported: native GVEC parameters are not VMEC inputs,3,spectre_mhd,vmec_indata_or_spectre_toml,spectre_json,,,,,,,,
gvec/hmap_knot/parameter,vmec2000,failed,Unsupported: native GVEC parameters are not VMEC inputs,3,vmec_family,vmec_indata,wout_netcdf,,,,,,,,
gvec/hmap_knot/parameter,vmecpp,failed,Unsupported: native GVEC parameters are not VMEC inputs,3,vmec_family,vmec_indata,wout_netcdf,,,,,,,,
gvec/hmap_knot/parameter,vmex,failed,Unsupported: native GVEC parameters are not VMEC inputs,3,vmec_family,vmec_indata,wout_netcdf,,,,,,,,
gvec/python/examples/bspline_profiles/parameter,chease,failed,Unsupported: native GVEC parameters are not VMEC inputs,3,grad_shafranov,vmec_indata_via_geqdsk,geqdsk,,,,,,,,
gvec/python/examples/bspline_profiles/parameter,desc,failed,Unsupported: native GVEC parameters are not VMEC inputs,3,vmec_family,vmec_indata,wout_netcdf,,,,,,,,
gvec/python/examples/bspline_profiles/parameter,educational_vmec,failed,Unsupported: native GVEC parameters are not VMEC inputs,3,vmec_family,vmec_indata,wout_netcdf,,,,,,,,
gvec/python/examples/bspline_profiles/parameter,freegs,failed,Unsupported: native GVEC parameters are not VMEC inputs,3,grad_shafranov,vmec_indata_or_case,geqdsk,,,,,,,,
gvec/python/examples/bspline_profiles/parameter,gvec,failed,Run failed,3,vmec_family,vmec_indata,gvec_state,,,,,,,,
gvec/python/examples/bspline_profiles/parameter,jvmec,failed,Unsupported: native GVEC parameters are not VMEC inputs,3,vmec_family,vmec_indata,wout_netcdf,,,,,,,,
gvec/python/examples/bspline_profiles/parameter,parvmec,failed,Unsupported: native GVEC parameters are not VMEC inputs,3,vmec_family,vmec_indata,wout_netcdf,,,,,,,,
gvec/python/examples/bspline_profiles/parameter,spec,failed,Unsupported: native GVEC parameters are not VMEC inputs,3,spec_mhd,spec_namelist,spec_hdf5,,,,,,,,
gvec/python/examples/bspline_profiles/parameter,spectre,failed,Unsupported: native GVEC parameters are not VMEC inputs,3,spectre_mhd,vmec_indata_or_spectre_toml,spectre_json,,,,,,,,
gvec/python/examples/bspline_profiles/parameter,vmec2000,failed,Unsupported: native GVEC parameters are not VMEC inputs,3,vmec_family,vmec_indata,wout_netcdf,,,,,,,,
gvec/python/examples/bspline_profiles/parameter,vmecpp,failed,Unsupported: native GVEC parameters are not VMEC inputs,3,vmec_family,vmec_indata,wout_netcdf,,,,,,,,
gvec/python/examples/bspline_profiles/parameter,vmex,failed,Unsupported: native GVEC parameters are not VMEC inputs,3,vmec_family,vmec_indata,wout_netcdf,,,,,,,,
gvec/python/examples/current_profile/advanced_control/parameter,chease,failed,Unsupported: native GVEC parameters are not VMEC inputs,3,grad_shafranov,vmec_indata_via_geqdsk,geqdsk,,,,,,,,
gvec/python/examples/current_profile/advanced_control/parameter,desc,failed,Unsupported: native GVEC parameters are not VMEC inputs,3,vmec_family,vmec_indata,wout_netcdf,,,,,,,,
gvec/python/examples/current_profile/advanced_control/parameter,educational_vmec,failed,Unsupported: native GVEC parameters are not VMEC inputs,3,vmec_family,vmec_indata,wout_netcdf,,,,,,,,
gvec/python/examples/current_profile/advanced_control/parameter,freegs,failed,Unsupported: native GVEC parameters are not VMEC inputs,3,grad_shafranov,vmec_indata_or_case,geqdsk,,,,,,,,
gvec/python/examples/current_profile/advanced_control/parameter,gvec,failed,Run failed,3,vmec_family,vmec_indata,gvec_state,,,,,,,,
gvec/python/examples/current_profile/advanced_control/parameter,jvmec,failed,Unsupported: native GVEC parameters are not VMEC inputs,3,vmec_family,vmec_indata,wout_netcdf,,,,,,,,
gvec/python/examples/current_profile/advanced_control/parameter,parvmec,failed,Unsupported: native GVEC parameters are not VMEC inputs,3,vmec_family,vmec_indata,wout_netcdf,,,,,,,,
gvec/python/examples/current_profile/advanced_control/parameter,spec,failed,Unsupported: native GVEC parameters are not VMEC inputs,3,spec_mhd,spec_namelist,spec_hdf5,,,,,,,,
gvec/python/examples/current_profile/advanced_control/parameter,spectre,failed,Unsupported: native GVEC parameters are not VMEC inputs,3,spectre_mhd,vmec_indata_or_spectre_toml,spectre_json,,,,,,,,
gvec/python/examples/current_profile/advanced_control/parameter,vmec2000,failed,Unsupported: native GVEC parameters are not VMEC inputs,3,vmec_family,vmec_indata,wout_netcdf,,,,,,,,
gvec/python/examples/current_profile/advanced_control/parameter,vmecpp,failed,Unsupported: native GVEC parameters are not VMEC inputs,3,vmec_family,vmec_indata,wout_netcdf,,,,,,,,
gvec/python/examples/current_profile/advanced_control/parameter,vmex,failed,Unsupported: native GVEC parameters are not VMEC inputs,3,vmec_family,vmec_indata,wout_netcdf,,,,,,,,
gvec/python/examples/current_profile/parameter,chease,failed,Unsupported: native GVEC parameters are not VMEC inputs,3,grad_shafranov,vmec_indata_via_geqdsk,geqdsk,,,,,,,,
gvec/python/examples/current_profile/parameter,desc,failed,Unsupported: native GVEC parameters are not VMEC inputs,3,vmec_family,vmec_indata,wout_netcdf,,,,,,,,
gvec/python/examples/current_profile/parameter,educational_vmec,failed,Unsupported: native GVEC parameters are not VMEC inputs,3,vmec_family,vmec_indata,wout_netcdf,,,,,,,,
gvec/python/examples/current_profile/parameter,freegs,failed,Unsupported: native GVEC parameters are not VMEC inputs,3,grad_shafranov,vmec_indata_or_case,geqdsk,,,,,,,,
gvec/python/examples/current_profile/parameter,gvec,failed,Run failed,3,vmec_family,vmec_indata,gvec_state,,,,,,,,
gvec/python/examples/current_profile/parameter,jvmec,failed,Unsupported: native GVEC parameters are not VMEC inputs,3,vmec_family,vmec_indata,wout_netcdf,,,,,,,,
gvec/python/examples/current_profile/parameter,parvmec,failed,Unsupported: native GVEC parameters are not VMEC inputs,3,vmec_family,vmec_indata,wout_netcdf,,,,,,,,
gvec/python/examples/current_profile/parameter,spec,failed,Unsupported: native GVEC parameters are not VMEC inputs,3,spec_mhd,spec_namelist,spec_hdf5,,,,,,,,
gvec/python/examples/current_profile/parameter,spectre,failed,Unsupported: native GVEC parameters are not VMEC inputs,3,spectre_mhd,vmec_indata_or_spectre_toml,spectre_json,,,,,,,,
gvec/python/examples/current_profile/parameter,vmec2000,failed,Unsupported: native GVEC parameters are not VMEC inputs,3,vmec_family,vmec_indata,wout_netcdf,,,,,,,,
gvec/python/examples/current_profile/parameter,vmecpp,failed,Unsupported: native GVEC parameters are not VMEC inputs,3,vmec_family,vmec_indata,wout_netcdf,,,,,,,,
gvec/python/examples/current_profile/parameter,vmex,failed,Unsupported: native GVEC parameters are not VMEC inputs,3,vmec_family,vmec_indata,wout_netcdf,,,,,,,,
gvec/python/examples/stages/parameter,chease,failed,Unsupported: native GVEC parameters are not VMEC inputs,3,grad_shafranov,vmec_indata_via_geqdsk,geqdsk,,,,,,,,
gvec/python/examples/stages/parameter,desc,failed,Unsupported: native GVEC parameters are not VMEC inputs,3,vmec_family,vmec_indata,wout_netcdf,,,,,,,,
gvec/python/examples/stages/parameter,educational_vmec,failed,Unsupported: native GVEC parameters are not VMEC inputs,3,vmec_family,vmec_indata,wout_netcdf,,,,,,,,
gvec/python/examples/stages/parameter,freegs,failed,Unsupported: native GVEC parameters are not VMEC inputs,3,grad_shafranov,vmec_indata_or_case,geqdsk,,,,,,,,
gvec/python/examples/stages/parameter,gvec,failed,Run failed,3,vmec_family,vmec_indata,gvec_state,,,,,,,,
gvec/python/examples/stages/parameter,jvmec,failed,Unsupported: native GVEC parameters are not VMEC inputs,3,vmec_family,vmec_indata,wout_netcdf,,,,,,,,
gvec/python/examples/stages/parameter,parvmec,failed,Unsupported: native GVEC parameters are not VMEC inputs,3,vmec_family,vmec_indata,wout_netcdf,,,,,,,,
gvec/python/examples/stages/parameter,spec,failed,Unsupported: native GVEC parameters are not VMEC inputs,3,spec_mhd,spec_namelist,spec_hdf5,,,,,,,,
gvec/python/examples/stages/parameter,spectre,failed,Unsupported: native GVEC parameters are not VMEC inputs,3,spectre_mhd,vmec_indata_or_spectre_toml,spectre_json,,,,,,,,
gvec/python/examples/stages/parameter,vmec2000,failed,Unsupported: native GVEC parameters are not VMEC inputs,3,vmec_family,vmec_indata,wout_netcdf,,,,,,,,
gvec/python/examples/stages/parameter,vmecpp,failed,Unsupported: native GVEC parameters are not VMEC inputs,3,vmec_family,vmec_indata,wout_netcdf,,,,,,,,
gvec/python/examples/stages/parameter,vmex,failed,Unsupported: native GVEC parameters are not VMEC inputs,3,vmec_family,vmec_indata,wout_netcdf,,,,,,,,
gvec/test-CI/performance/w7x/parameter,chease,failed,Unsupported: native GVEC parameters are not VMEC inputs,3,grad_shafranov,vmec_indata_via_geqdsk,geqdsk,,,,,,,,
gvec/test-CI/performance/w7x/parameter,desc,failed,Unsupported: native GVEC parameters are not VMEC inputs,3,vmec_family,vmec_indata,wout_netcdf,,,,,,,,
gvec/test-CI/performance/w7x/parameter,educational_vmec,failed,Unsupported: native GVEC parameters are not VMEC inputs,3,vmec_family,vmec_indata,wout_netcdf,,,,,,,,
gvec/test-CI/performance/w7x/parameter,freegs,failed,Unsupported: native GVEC parameters are not VMEC inputs,3,grad_shafranov,vmec_indata_or_case,geqdsk,,,,,,,,
gvec/test-CI/performance/w7x/parameter,gvec,failed,Run failed,3,vmec_family,vmec_indata,gvec_state,,,,,,,,
gvec/test-CI/performance/w7x/parameter,jvmec,failed,Unsupported: native GVEC parameters are not VMEC inputs,3,vmec_family,vmec_indata,wout_netcdf,,,,,,,,
gvec/test-CI/performance/w7x/parameter,parvmec,failed,Unsupported: native GVEC parameters are not VMEC inputs,3,vmec_family,vmec_indata,wout_netcdf,,,,,,,,
gvec/test-CI/performance/w7x/parameter,spec,failed,Unsupported: native GVEC parameters are not VMEC inputs,3,spec_mhd,spec_namelist,spec_hdf5,,,,,,,,
gvec/test-CI/performance/w7x/parameter,spectre,failed,Unsupported: native GVEC parameters are not VMEC inputs,3,spectre_mhd,vmec_indata_or_spectre_toml,spectre_json,,,,,,,,
gvec/test-CI/performance/w7x/parameter,vmec2000,failed,Unsupported: native GVEC parameters are not VMEC inputs,3,vmec_family,vmec_indata,wout_netcdf,,,,,,,,
gvec/test-CI/performance/w7x/parameter,vmecpp,failed,Unsupported: native GVEC parameters are not VMEC inputs,3,vmec_family,vmec_indata,wout_netcdf,,,,,,,,
gvec/test-CI/performance/w7x/parameter,vmex,failed,Unsupported: native GVEC parameters are not VMEC inputs,3,vmec_family,vmec_indata,wout_netcdf,,,,,,,,
gvec/tilted_elliptok_hmap_RZ/parameter,chease,failed,Unsupported: native GVEC parameters are not VMEC inputs,3,grad_shafranov,vmec_indata_via_geqdsk,geqdsk,,,,,,,,
gvec/tilted_elliptok_hmap_RZ/parameter,desc,failed,Unsupported: native GVEC parameters are not VMEC inputs,3,vmec_family,vmec_indata,wout_netcdf,,,,,,,,
gvec/tilted_elliptok_hmap_RZ/parameter,educational_vmec,failed,Unsupported: native GVEC parameters are not VMEC inputs,3,vmec_family,vmec_indata,wout_netcdf,,,,,,,,
gvec/tilted_elliptok_hmap_RZ/parameter,freegs,failed,Unsupported: native GVEC parameters are not VMEC inputs,3,grad_shafranov,vmec_indata_or_case,geqdsk,,,,,,,,
gvec/tilted_elliptok_hmap_RZ/parameter,gvec,failed,Run failed,3,vmec_family,vmec_indata,gvec_state,,,,,,,,
gvec/tilted_elliptok_hmap_RZ/parameter,jvmec,failed,Unsupported: native GVEC parameters are not VMEC inputs,3,vmec_family,vmec_indata,wout_netcdf,,,,,,,,
gvec/tilted_elliptok_hmap_RZ/parameter,parvmec,failed,Unsupported: native GVEC parameters are not VMEC inputs,3,vmec_family,vmec_indata,wout_netcdf,,,,,,,,
gvec/tilted_elliptok_hmap_RZ/parameter,spec,failed,Unsupported: native GVEC parameters are not VMEC inputs,3,spec_mhd,spec_namelist,spec_hdf5,,,,,,,,
gvec/tilted_elliptok_hmap_RZ/parameter,spectre,failed,Unsupported: native GVEC parameters are not VMEC inputs,3,spectre_mhd,vmec_indata_or_spectre_toml,spectre_json,,,,,,,,
gvec/tilted_elliptok_hmap_RZ/parameter,vmec2000,failed,Unsupported: native GVEC parameters are not VMEC inputs,3,vmec_family,vmec_indata,wout_netcdf,,,,,,,,
gvec/tilted_elliptok_hmap_RZ/parameter,vmecpp,failed,Unsupported: native GVEC parameters are not VMEC inputs,3,vmec_family,vmec_indata,wout_netcdf,,,,,,,,
gvec/tilted_elliptok_hmap_RZ/parameter,vmex,failed,Unsupported: native GVEC parameters are not VMEC inputs,3,vmec_family,vmec_indata,wout_netcdf,,,,,,,,
gvec/vmec_readin_signgs-neg_asymF/parameter,chease,failed,Unsupported: native GVEC parameters are not VMEC inputs,3,grad_shafranov,vmec_indata_via_geqdsk,geqdsk,,,,,,,,
gvec/vmec_readin_signgs-neg_asymF/parameter,desc,failed,Unsupported: native GVEC parameters are not VMEC inputs,3,vmec_family,vmec_indata,wout_netcdf,,,,,,,,
gvec/vmec_readin_signgs-neg_asymF/parameter,educational_vmec,failed,Unsupported: native GVEC parameters are not VMEC inputs,3,vmec_family,vmec_indata,wout_netcdf,,,,,,,,
gvec/vmec_readin_signgs-neg_asymF/parameter,freegs,failed,Unsupported: native GVEC parameters are not VMEC inputs,3,grad_shafranov,vmec_indata_or_case,geqdsk,,,,,,,,
gvec/vmec_readin_signgs-neg_asymF/parameter,gvec,failed,Run failed,3,vmec_family,vmec_indata,gvec_state,,,,,,,,
gvec/vmec_readin_signgs-neg_asymF/parameter,jvmec,failed,Unsupported: native GVEC parameters are not VMEC inputs,3,vmec_family,vmec_indata,wout_netcdf,,,,,,,,
gvec/vmec_readin_signgs-neg_asymF/parameter,parvmec,failed,Unsupported: native GVEC parameters are not VMEC inputs,3,vmec_family,vmec_indata,wout_netcdf,,,,,,,,
gvec/vmec_readin_signgs-neg_asymF/parameter,spec,failed,Unsupported: native GVEC parameters are not VMEC inputs,3,spec_mhd,spec_namelist,spec_hdf5,,,,,,,,
gvec/vmec_readin_signgs-neg_asymF/parameter,spectre,failed,Unsupported: native GVEC parameters are not VMEC inputs,3,spectre_mhd,vmec_indata_or_spectre_toml,spectre_json,,,,,,,,
gvec/vmec_readin_signgs-neg_asymF/parameter,vmec2000,failed,Unsupported: native GVEC parameters are not VMEC inputs,3,vmec_family,vmec_indata,wout_netcdf,,,,,,,,
gvec/vmec_readin_signgs-neg_asymF/parameter,vmecpp,failed,Unsupported: native GVEC parameters are not VMEC inputs,3,vmec_family,vmec_indata,wout_netcdf,,,,,,,,
gvec/vmec_readin_signgs-neg_asymF/parameter,vmex,failed,Unsupported: native GVEC parameters are not VMEC inputs,3,vmec_family,vmec_indata,wout_netcdf,,,,,,,,
gvec/vmec_readin_signgs-neg_asymT/parameter,chease,failed,Unsupported: native GVEC parameters are not VMEC inputs,3,grad_shafranov,vmec_indata_via_geqdsk,geqdsk,,,,,,,,
gvec/vmec_readin_signgs-neg_asymT/parameter,desc,failed,Unsupported: native GVEC parameters are not VMEC inputs,3,vmec_family,vmec_indata,wout_netcdf,,,,,,,,
gvec/vmec_readin_signgs-neg_asymT/parameter,educational_vmec,failed,Unsupported: native GVEC parameters are not VMEC inputs,3,vmec_family,vmec_indata,wout_netcdf,,,,,,,,
gvec/vmec_readin_signgs-neg_asymT/parameter,freegs,failed,Unsupported: native GVEC parameters are not VMEC inputs,3,grad_shafranov,vmec_indata_or_case,geqdsk,,,,,,,,
gvec/vmec_readin_signgs-neg_asymT/parameter,gvec,failed,Run failed,3,vmec_family,vmec_indata,gvec_state,,,,,,,,
gvec/vmec_readin_signgs-neg_asymT/parameter,jvmec,failed,Unsupported: native GVEC parameters are not VMEC inputs,3,vmec_family,vmec_indata,wout_netcdf,,,,,,,,
gvec/vmec_readin_signgs-neg_asymT/parameter,parvmec,failed,Unsupported: native GVEC parameters are not VMEC inputs,3,vmec_family,vmec_indata,wout_netcdf,,,,,,,,
gvec/vmec_readin_signgs-neg_asymT/parameter,spec,failed,Unsupported: native GVEC parameters are not VMEC inputs,3,spec_mhd,spec_namelist,spec_hdf5,,,,,,,,
gvec/vmec_readin_signgs-neg_asymT/parameter,spectre,failed,Unsupported: native GVEC parameters are not VMEC inputs,3,spectre_mhd,vmec_indata_or_spectre_toml,spectre_json,,,,,,,,
gvec/vmec_readin_signgs-neg_asymT/parameter,vmec2000,failed,Unsupported: native GVEC parameters are not VMEC inputs,3,vmec_family,vmec_indata,wout_netcdf,,,,,,,,
gvec/vmec_readin_signgs-neg_asymT/parameter,vmecpp,failed,Unsupported: native GVEC parameters are not VMEC inputs,3,vmec_family,vmec_indata,wout_netcdf,,,,,,,,
gvec/vmec_readin_signgs-neg_asymT/parameter,vmex,failed,Unsupported: native GVEC parameters are not VMEC inputs,3,vmec_family,vmec_indata,wout_netcdf,,,,,,,,
gvec/vmec_readin_signgs-pos_asymF/parameter,chease,failed,Unsupported: native GVEC parameters are not VMEC inputs,3,grad_shafranov,vmec_indata_via_geqdsk,geqdsk,,,,,,,,
gvec/vmec_readin_signgs-pos_asymF/parameter,desc,failed,Unsupported: native GVEC parameters are not VMEC inputs,3,vmec_family,vmec_indata,wout_netcdf,,,,,,,,
gvec/vmec_readin_signgs-pos_asymF/parameter,educational_vmec,failed,Unsupported: native GVEC parameters are not VMEC inputs,3,vmec_family,vmec_indata,wout_netcdf,,,,,,,,
gvec/vmec_readin_signgs-pos_asymF/parameter,freegs,failed,Unsupported: native GVEC parameters are not VMEC inputs,3,grad_shafranov,vmec_indata_or_case,geqdsk,,,,,,,,
gvec/vmec_readin_signgs-pos_asymF/parameter,gvec,failed,Run failed,3,vmec_family,vmec_indata,gvec_state,,,,,,,,
gvec/vmec_readin_signgs-pos_asymF/parameter,jvmec,failed,Unsupported: native GVEC parameters are not VMEC inputs,3,vmec_family,vmec_indata,wout_netcdf,,,,,,,,
gvec/vmec_readin_signgs-pos_asymF/parameter,parvmec,failed,Unsupported: native GVEC parameters are not VMEC inputs,3,vmec_family,vmec_indata,wout_netcdf,,,,,,,,
gvec/vmec_readin_signgs-pos_asymF/parameter,spec,failed,Unsupported: native GVEC parameters are not VMEC inputs,3,spec_mhd,spec_namelist,spec_hdf5,,,,,,,,
gvec/vmec_readin_signgs-pos_asymF/parameter,spectre,failed,Unsupported: native GVEC parameters are not VMEC inputs,3,spectre_mhd,vmec_indata_or_spectre_toml,spectre_json,,,,,,,,
gvec/vmec_readin_signgs-pos_asymF/parameter,vmec2000,failed,Unsupported: native GVEC parameters are not VMEC inputs,3,vmec_family,vmec_indata,wout_netcdf,,,,,,,,
gvec/vmec_readin_signgs-pos_asymF/parameter,vmecpp,failed,Unsupported: native GVEC parameters are not VMEC inputs,3,vmec_family,vmec_indata,wout_netcdf,,,,,,,,
gvec/vmec_readin_signgs-pos_asymF/parameter,vmex,failed,Unsupported: native GVEC parameters are not VMEC inputs,3,vmec_family,vmec_indata,wout_netcdf,,,,,,,,
gvec/vmec_readin_signgs-pos_asymT/parameter,chease,failed,Unsupported: native GVEC parameters are not VMEC inputs,3,grad_shafranov,vmec_indata_via_geqdsk,geqdsk,,,,,,,,
gvec/vmec_readin_signgs-pos_asymT/parameter,desc,failed,Unsupported: native GVEC parameters are not VMEC inputs,3,vmec_family,vmec_indata,wout_netcdf,,,,,,,,
gvec/vmec_readin_signgs-pos_asymT/parameter,educational_vmec,failed,Unsupported: native GVEC parameters are not VMEC inputs,3,vmec_family,vmec_indata,wout_netcdf,,,,,,,,
gvec/vmec_readin_signgs-pos_asymT/parameter,freegs,failed,Unsupported: native GVEC parameters are not VMEC inputs,3,grad_shafranov,vmec_indata_or_case,geqdsk,,,,,,,,
gvec/vmec_readin_signgs-pos_asymT/parameter,gvec,failed,Run failed,3,vmec_family,vmec_indata,gvec_state,,,,,,,,
gvec/vmec_readin_signgs-pos_asymT/parameter,jvmec,failed,Unsupported: native GVEC parameters are not VMEC inputs,3,vmec_family,vmec_indata,wout_netcdf,,,,,,,,
gvec/vmec_readin_signgs-pos_asymT/parameter,parvmec,failed,Unsupported: native GVEC parameters are not VMEC inputs,3,vmec_family,vmec_indata,wout_netcdf,,,,,,,,
gvec/vmec_readin_signgs-pos_asymT/parameter,spec,failed,Unsupported: native GVEC parameters are not VMEC inputs,3,spec_mhd,spec_namelist,spec_hdf5,,,,,,,,
gvec/vmec_readin_signgs-pos_asymT/parameter,spectre,failed,Unsupported: native GVEC parameters are not VMEC inputs,3,spectre_mhd,vmec_indata_or_spectre_toml,spectre_json,,,,,,,,
gvec/vmec_readin_signgs-pos_asymT/parameter,vmec2000,failed,Unsupported: native GVEC parameters are not VMEC inputs,3,vmec_family,vmec_indata,wout_netcdf,,,,,,,,
gvec/vmec_readin_signgs-pos_asymT/parameter,vmecpp,failed,Unsupported: native GVEC parameters are not VMEC inputs,3,vmec_family,vmec_indata,wout_netcdf,,,,,,,,
gvec/vmec_readin_signgs-pos_asymT/parameter,vmex,failed,Unsupported: native GVEC parameters are not VMEC inputs,3,vmec_family,vmec_indata,wout_netcdf,,,,,,,,
gvec/w7x/parameter,chease,failed,Unsupported: native GVEC parameters are not VMEC inputs,3,grad_shafranov,vmec_indata_via_geqdsk,geqdsk,,,,,,,,
gvec/w7x/parameter,desc,failed,Unsupported: native GVEC parameters are not VMEC inputs,3,vmec_family,vmec_indata,wout_netcdf,,,,,,,,
gvec/w7x/parameter,educational_vmec,failed,Unsupported: native GVEC parameters are not VMEC inputs,3,vmec_family,vmec_indata,wout_netcdf,,,,,,,,
gvec/w7x/parameter,freegs,failed,Unsupported: native GVEC parameters are not VMEC inputs,3,grad_shafranov,vmec_indata_or_case,geqdsk,,,,,,,,
gvec/w7x/parameter,gvec,failed,Run failed,3,vmec_family,vmec_indata,gvec_state,,,,,,,,
gvec/w7x/parameter,jvmec,failed,Unsupported: native GVEC parameters are not VMEC inputs,3,vmec_family,vmec_indata,wout_netcdf,,,,,,,,
gvec/w7x/parameter,parvmec,failed,Unsupported: native GVEC parameters are not VMEC inputs,3,vmec_family,vmec_indata,wout_netcdf,,,,,,,,
gvec/w7x/parameter,spec,failed,Unsupported: native GVEC parameters are not VMEC inputs,3,spec_mhd,spec_namelist,spec_hdf5,,,,,,,,
gvec/w7x/parameter,spectre,failed,Unsupported: native GVEC parameters are not VMEC inputs,3,spectre_mhd,vmec_indata_or_spectre_toml,spectre_json,,,,,,,,
gvec/w7x/parameter,vmec2000,failed,Unsupported: native GVEC parameters are not VMEC inputs,3,vmec_family,vmec_indata,wout_netcdf,,,,,,,,
gvec/w7x/parameter,vmecpp,failed,Unsupported: native GVEC parameters are not VMEC inputs,3,vmec_family,vmec_indata,wout_netcdf,,,,,,,,
gvec/w7x/parameter,vmex,failed,Unsupported: native GVEC parameters are not VMEC inputs,3,vmec_family,vmec_indata,wout_netcdf,,,,,,,,
gvec/w7x_from_vmec_initLA_F/parameter,chease,failed,Unsupported: native GVEC parameters are not VMEC inputs,3,grad_shafranov,vmec_indata_via_geqdsk,geqdsk,,,,,,,,
gvec/w7x_from_vmec_initLA_F/parameter,desc,failed,Unsupported: native GVEC parameters are not VMEC inputs,3,vmec_family,vmec_indata,wout_netcdf,,,,,,,,
gvec/w7x_from_vmec_initLA_F/parameter,educational_vmec,failed,Unsupported: native GVEC parameters are not VMEC inputs,3,vmec_family,vmec_indata,wout_netcdf,,,,,,,,
gvec/w7x_from_vmec_initLA_F/parameter,freegs,failed,Unsupported: native GVEC parameters are not VMEC inputs,3,grad_shafranov,vmec_indata_or_case,geqdsk,,,,,,,,
gvec/w7x_from_vmec_initLA_F/parameter,gvec,failed,Run failed,3,vmec_family,vmec_indata,gvec_state,,,,,,,,
gvec/w7x_from_vmec_initLA_F/parameter,jvmec,failed,Unsupported: native GVEC parameters are not VMEC inputs,3,vmec_family,vmec_indata,wout_netcdf,,,,,,,,
gvec/w7x_from_vmec_initLA_F/parameter,parvmec,failed,Unsupported: native GVEC parameters are not VMEC inputs,3,vmec_family,vmec_indata,wout_netcdf,,,,,,,,
gvec/w7x_from_vmec_initLA_F/parameter,spec,failed,Unsupported: native GVEC parameters are not VMEC inputs,3,spec_mhd,spec_namelist,spec_hdf5,,,,,,,,
gvec/w7x_from_vmec_initLA_F/parameter,spectre,failed,Unsupported: native GVEC parameters are not VMEC inputs,3,spectre_mhd,vmec_indata_or_spectre_toml,spectre_json,,,,,,,,
gvec/w7x_from_vmec_initLA_F/parameter,vmec2000,failed,Unsupported: native GVEC parameters are not VMEC inputs,3,vmec_family,vmec_indata,wout_netcdf,,,,,,,,
gvec/w7x_from_vmec_initLA_F/parameter,vmecpp,failed,Unsupported: native GVEC parameters are not VMEC inputs,3,vmec_family,vmec_indata,wout_netcdf,,,,,,,,
gvec/w7x_from_vmec_initLA_F/parameter,vmex,failed,Unsupported: native GVEC parameters are not VMEC inputs,3,vmec_family,vmec_indata,wout_netcdf,,,,,,,,
gvec/w7x_from_vmec_initLA_T/parameter,chease,failed,Unsupported: native GVEC parameters are not VMEC inputs,3,grad_shafranov,vmec_indata_via_geqdsk,geqdsk,,,,,,,,
gvec/w7x_from_vmec_initLA_T/parameter,desc,failed,Unsupported: native GVEC parameters are not VMEC inputs,3,vmec_family,vmec_indata,wout_netcdf,,,,,,,,
gvec/w7x_from_vmec_initLA_T/parameter,educational_vmec,failed,Unsupported: native GVEC parameters are not VMEC inputs,3,vmec_family,vmec_indata,wout_netcdf,,,,,,,,
gvec/w7x_from_vmec_initLA_T/parameter,freegs,failed,Unsupported: native GVEC parameters are not VMEC inputs,3,grad_shafranov,vmec_indata_or_case,geqdsk,,,,,,,,
gvec/w7x_from_vmec_initLA_T/parameter,gvec,failed,Run failed,3,vmec_family,vmec_indata,gvec_state,,,,,,,,
gvec/w7x_from_vmec_initLA_T/parameter,jvmec,failed,Unsupported: native GVEC parameters are not VMEC inputs,3,vmec_family,vmec_indata,wout_netcdf,,,,,,,,
gvec/w7x_from_vmec_initLA_T/parameter,parvmec,failed,Unsupported: native GVEC parameters are not VMEC inputs,3,vmec_family,vmec_indata,wout_netcdf,,,,,,,,
gvec/w7x_from_vmec_initLA_T/parameter,spec,failed,Unsupported: native GVEC parameters are not VMEC inputs,3,spec_mhd,spec_namelist,spec_hdf5,,,,,,,,
gvec/w7x_from_vmec_initLA_T/parameter,spectre,failed,Unsupported: native GVEC parameters are not VMEC inputs,3,spectre_mhd,vmec_indata_or_spectre_toml,spectre_json,,,,,,,,
gvec/w7x_from_vmec_initLA_T/parameter,vmec2000,failed,Unsupported: native GVEC parameters are not VMEC inputs,3,vmec_family,vmec_indata,wout_netcdf,,,,,,,,
gvec/w7x_from_vmec_initLA_T/parameter,vmecpp,failed,Unsupported: native GVEC parameters are not VMEC inputs,3,vmec_family,vmec_indata,wout_netcdf,,,,,,,,
gvec/w7x_from_vmec_initLA_T/parameter,vmex,failed,Unsupported: native GVEC parameters are not VMEC inputs,3,vmec_family,vmec_indata,wout_netcdf,,,,,,,,
jVMEC/DIII-D,chease,failed,Unsupported: CHEASE requires a 2-D GEQDSK input,3,grad_shafranov,vmec_indata_via_geqdsk,geqdsk,,,,,,,,
jVMEC/DIII-D,desc,failed,Run failed,3,vmec_family,vmec_indata,wout_netcdf,,,,,,,,
jVMEC/DIII-D,educational_vmec,failed,Unsupported: required MGRID fixture unavailable: mgrid_d3d_efbic_kp48.nc,3,vmec_family,vmec_indata,wout_netcdf,,,,,,,,
jVMEC/DIII-D,freegs,failed,Unsupported: FreeGS is restricted to 2-D Grad-Shafranov cases,3,grad_shafranov,vmec_indata_or_case,geqdsk,,,,,,,,
jVMEC/DIII-D,gvec,failed,Unsupported: required MGRID fixture unavailable: mgrid_d3d_efbic_kp48.nc,3,vmec_family,vmec_indata,gvec_state,,,,,,,,
jVMEC/DIII-D,jvmec,failed,Unsupported: required MGRID fixture unavailable: mgrid_d3d_efbic_kp48.nc,3,vmec_family,vmec_indata,wout_netcdf,,,,,,,,
jVMEC/DIII-D,parvmec,failed,Unsupported: required MGRID fixture unavailable: mgrid_d3d_efbic_kp48.nc,3,vmec_family,vmec_indata,wout_netcdf,,,,,,,,
jVMEC/DIII-D,spec,failed,Unsupported: SPEC requires a native .sp input,3,spec_mhd,spec_namelist,spec_hdf5,,,,,,,,
jVMEC/DIII-D,spectre,failed,Unsupported: required MGRID fixture unavailable: mgrid_d3d_efbic_kp48.nc,3,spectre_mhd,vmec_indata_or_spectre_toml,spectre_json,,,,,,,,
jVMEC/DIII-D,vmec2000,failed,Unsupported: required MGRID fixture unavailable: mgrid_d3d_efbic_kp48.nc,3,vmec_family,vmec_indata,wout_netcdf,,,,,,,,
jVMEC/DIII-D,vmecpp,failed,Unsupported: required MGRID fixture unavailable: mgrid_d3d_efbic_kp48.nc,3,vmec_family,vmec_indata,wout_netcdf,,,,,,,,
jVMEC/DIII-D,vmex,failed,Unsupported: required MGRID fixture unavailable: mgrid_d3d_efbic_kp48.nc,3,vmec_family,vmec_indata,wout_netcdf,,,,,,,,
jVMEC/HELIOTRON,chease,failed,Unsupported: CHEASE requires a 2-D GEQDSK input,3,grad_shafranov,vmec_indata_via_geqdsk,geqdsk,,,,,,,,
jVMEC/HELIOTRON,desc,success,,3,vmec_family,vmec_indata,wout_netcdf,0.3276706680915414,0.0985683992608806,10.482848367409495,9.872404703632771,179.6268001030876,-2.5,18000.0,745075.9347742244
jVMEC/HELIOTRON,educational_vmec,success,,3,vmec_family,vmec_indata,wout_netcdf,0.327211818589797,0.10132058073815045,10.482848367219209,10.287051115549263,179.62680009982674,-2.5,17625.000000000004,773299.2727839098
jVMEC/HELIOTRON,freegs,failed,Unsupported: FreeGS is restricted to 2-D Grad-Shafranov cases,3,grad_shafranov,vmec_indata_or_case,geqdsk,,,,,,,,
jVMEC/HELIOTRON,gvec,success,,3,vmec_family,vmec_indata,gvec_state,,,10.482848367219178,10.431004857484,179.626800099826,2.5,18000.0,
jVMEC/HELIOTRON,jvmec,success,,3,vmec_family,vmec_indata,wout_netcdf,0.32721181859506265,0.0,10.482848367219203,10.287051103814644,179.6268000998266,-2.5,0.0,773299.2731293375
jVMEC/HELIOTRON,parvmec,success,,3,vmec_family,vmec_indata,wout_netcdf,0.32721181859506254,0.10132058071946773,10.482848367219209,10.287051103814045,179.62680009982674,-2.5,17625.000000000004,773299.2731293199
jVMEC/HELIOTRON,spec,failed,Unsupported: SPEC requires a native .sp input,3,spec_mhd,spec_namelist,spec_hdf5,,,,,,,,
jVMEC/HELIOTRON,spectre,failed,Run failed,3,spectre_mhd,vmec_indata_or_spectre_toml,spectre_json,,,,,,,,
jVMEC/HELIOTRON,vmec2000,success,,3,vmec_family,vmec_indata,wout_netcdf,0.32721181859506265,0.1013205807194679,10.482848367219209,10.287051103814052,179.62680009982674,-2.5,17625.000000000004,773299.2731293216
jVMEC/HELIOTRON,vmecpp,success,,3,vmec_family,vmec_indata,wout_netcdf,0.3272118185897975,0.10132058073815242,10.482848367219178,10.287051115549673,179.62680009982637,-2.5,17625.000000000004,773299.2727839221
jVMEC/HELIOTRON,vmex,success,,3,vmec_family,vmec_indata,wout_netcdf,0.3272118185950637,0.10132058071947267,10.482848367219185,10.287051103815076,179.62680009982634,-2.5,17625.0,773299.2731294016
jVMEC/HELIOTRON_asym,chease,failed,Unsupported: CHEASE requires a 2-D GEQDSK input,3,grad_shafranov,vmec_indata_via_geqdsk,geqdsk,,,,,,,,
jVMEC/HELIOTRON_asym,desc,success,,3,vmec_family,vmec_indata,wout_netcdf,0.327165121186351,0.0987415966226728,10.482848366912984,9.918889487886924,179.62680009457998,-2.5,18000.0,752846.5360724749
jVMEC/HELIOTRON_asym,educational_vmec,success,,3,vmec_family,vmec_indata,wout_netcdf,0.3272118185897995,0.10132058073815879,10.482848367219189,10.287051115551074,179.6268000998266,-2.5,17625.000000000004,773299.2727839716
jVMEC/HELIOTRON_asym,freegs,failed,Unsupported: FreeGS is restricted to 2-D Grad-Shafranov cases,3,grad_shafranov,vmec_indata_or_case,geqdsk,,,,,,,,
jVMEC/HELIOTRON_asym,gvec,success,,3,vmec_family,vmec_indata,gvec_state,,,10.482848367219178,10.431004857484,179.626800099826,2.5,18000.0,
jVMEC/HELIOTRON_asym,jvmec,success,,3,vmec_family,vmec_indata,wout_netcdf,0.3272118185950646,0.0,10.482848367219203,10.287051103815386,179.6268000998266,-2.5,0.0,773299.2731294106
jVMEC/HELIOTRON_asym,parvmec,success,,3,vmec_family,vmec_indata,wout_netcdf,0.3272118185950617,0.10132058071946519,10.482848367219189,10.287051103813473,179.6268000998266,-2.5,17625.000000000004,773299.2731292886
jVMEC/HELIOTRON_asym,spec,failed,Unsupported: SPEC requires a native .sp input,3,spec_mhd,spec_namelist,spec_hdf5,,,,,,,,
jVMEC/HELIOTRON_asym,spectre,failed,Run failed,3,spectre_mhd,vmec_indata_or_spectre_toml,spectre_json,,,,,,,,
jVMEC/HELIOTRON_asym,vmec2000,success,,3,vmec_family,vmec_indata,wout_netcdf,0.32720973378245016,0.10132036792057372,10.482848367219189,10.286902529574563,179.6268000998266,-2.5,17625.000000000004,773342.7000100457
jVMEC/HELIOTRON_asym,vmecpp,success,,3,vmec_family,vmec_indata,wout_netcdf,0.3272118185898001,0.1013205807381609,10.482848367219166,10.287051115551506,179.6268000998263,-2.5,17625.000000000004,773299.2727839855
jVMEC/HELIOTRON_asym,vmex,success,,3,vmec_family,vmec_indata,wout_netcdf,0.3272118185950624,0.10132058071946719,10.482848367219203,10.287051103813862,179.62680009982623,-2.5,17625.0,773299.273129362
jVMEC/HELIOTRON_full,chease,failed,Unsupported: CHEASE requires a 2-D GEQDSK input,3,grad_shafranov,vmec_indata_via_geqdsk,geqdsk,,,,,,,,
jVMEC/HELIOTRON_full,desc,success,,3,vmec_family,vmec_indata,wout_netcdf,0.32667619250603586,0.09932867861476143,10.482848366846387,9.993903326931013,179.62680009343865,-2.5,18000.0,763940.3124876434
jVMEC/HELIOTRON_full,educational_vmec,success,,3,vmec_family,vmec_indata,wout_netcdf,0.3271203348885946,0.10261956448881661,10.48284836721912,10.436032219588807,179.62680009982665,-2.5,17999.792387543257,787939.227141754
jVMEC/HELIOTRON_full,freegs,failed,Unsupported: FreeGS is restricted to 2-D Grad-Shafranov cases,3,grad_shafranov,vmec_indata_or_case,geqdsk,,,,,,,,
jVMEC/HELIOTRON_full,gvec,success,,3,vmec_family,vmec_indata,gvec_state,,,10.48284836721919,10.4323786353887,179.626800099826,2.5,18000.0,
jVMEC/HELIOTRON_full,jvmec,success,,3,vmec_family,vmec_indata,wout_netcdf,0.32712033488859116,0.0,10.482848367219203,10.436032219585028,179.6268000998266,-2.5,0.0,787939.2271393285
jVMEC/HELIOTRON_full,parvmec,success,,3,vmec_family,vmec_indata,wout_netcdf,0.32712033868362433,0.10261959298322312,10.48284836721912,10.436059367942276,179.62680009982665,-2.5,17999.792387543257,787939.3104165405
jVMEC/HELIOTRON_full,spec,failed,Unsupported: SPEC requires a native .sp input,3,spec_mhd,spec_namelist,spec_hdf5,,,,,,,,
jVMEC/HELIOTRON_full,spectre,failed,Run failed,3,spectre_mhd,vmec_indata_or_spectre_toml,spectre_json,,,,,,,,
jVMEC/HELIOTRON_full,vmec2000,success,,3,vmec_family,vmec_indata,wout_netcdf,0.32712033868362356,0.10261959298322249,10.48284836721912,10.436059367934314,179.62680009982665,-2.5,17999.792387543257,787939.3104153137
jVMEC/HELIOTRON_full,vmecpp,success,,3,vmec_family,vmec_indata,wout_netcdf,0.32712033669173485,0.1026195880621371,10.482848367219175,10.43602504590682,179.62680009982637,-2.5,17999.792387543257,787939.2999559165
jVMEC/HELIOTRON_full,vmex,success,,3,vmec_family,vmec_indata,wout_netcdf,0.32712033868362383,0.10261959298322172,10.482848367219175,10.436059367930495,179.62680009982648,-2.5,17999.79238754325,787939.3104146931
jVMEC/Ns=2048.M=32,chease,failed,Unsupported: CHEASE requires a 2-D GEQDSK input,3,grad_shafranov,vmec_indata_via_geqdsk,geqdsk,,,,,,,,
jVMEC/Ns=2048.M=32,desc,success,,3,vmec_family,vmec_indata,wout_netcdf,0.06230143643930569,4.182308184789261e-06,3.166367035183538,4.096409950461526,128.84005862072507,0.19,0.125,-94320.39813977628
jVMEC/Ns=2048.M=32,educational_vmec,failed,Run failed,3,vmec_family,vmec_indata,wout_netcdf,,,,,,,,
jVMEC/Ns=2048.M=32,freegs,failed,Unsupported: FreeGS is restricted to 2-D Grad-Shafranov cases,3,grad_shafranov,vmec_indata_or_case,geqdsk,,,,,,,,
jVMEC/Ns=2048.M=32,gvec,success,,3,vmec_family,vmec_indata,gvec_state,,,3.166367035183497,4.09654642015915,128.840058620725,-0.19,0.125,
jVMEC/Ns=2048.M=32,jvmec,failed,Run failed,3,vmec_family,vmec_indata,wout_netcdf,,,,,,,,
jVMEC/Ns=2048.M=32,parvmec,failed,No VMEC NetCDF output produced by PARVMEC,3,vmec_family,vmec_indata,wout_netcdf,,,,,,,,
jVMEC/Ns=2048.M=32,spec,failed,Unsupported: SPEC requires a native .sp input,3,spec_mhd,spec_namelist,spec_hdf5,,,,,,,,
jVMEC/Ns=2048.M=32,spectre,success,,3,spectre_mhd,vmec_indata_or_spectre_toml,spectre_json,,,,,,,,
jVMEC/Ns=2048.M=32,vmec2000,failed,No wout file found (likely failed to converge),3,vmec_family,vmec_indata,wout_netcdf,,,,,,,,
jVMEC/Ns=2048.M=32,vmecpp,failed,Run failed,3,vmec_family,vmec_indata,wout_netcdf,,,,,,,,
jVMEC/Ns=2048.M=32,vmex,failed,Run failed,3,vmec_family,vmec_indata,wout_netcdf,,,,,,,,
jVMEC/Ns_2048.M_32,chease,failed,Unsupported: CHEASE requires a 2-D GEQDSK input,3,grad_shafranov,vmec_indata_via_geqdsk,geqdsk,,,,,,,,
jVMEC/Ns_2048.M_32,desc,success,,3,vmec_family,vmec_indata,wout_netcdf,0.06230143652534311,4.182283013075204e-06,3.16636703518351,4.09632397036092,128.84005862072468,0.19,0.125,-94177.14076228777
jVMEC/Ns_2048.M_32,educational_vmec,success,,3,vmec_family,vmec_indata,wout_netcdf,0.06223839569857843,4.431757101821169e-06,3.209330724206314,4.209659948097333,136.49181030504778,0.18999999999999997,0.12499999999999997,-91263.29848884593
jVMEC/Ns_2048.M_32,freegs,failed,Unsupported: FreeGS is restricted to 2-D Grad-Shafranov cases,3,grad_shafranov,vmec_indata_or_case,geqdsk,,,,,,,,
jVMEC/Ns_2048.M_32,gvec,success,,3,vmec_family,vmec_indata,gvec_state,,,3.166367035183497,4.09654616672491,128.840058620725,-0.19,0.125,
jVMEC/Ns_2048.M_32,jvmec,success,,3,vmec_family,vmec_indata,wout_netcdf,0.06223839483470604,0.0,3.209331759620501,4.209662115776117,136.4919877522145,0.19000000000000009,0.0,-91263.08901158712
jVMEC/Ns_2048.M_32,parvmec,failed,No VMEC NetCDF output produced by PARVMEC,3,vmec_family,vmec_indata,wout_netcdf,,,,,,,,
jVMEC/Ns_2048.M_32,spec,failed,Unsupported: SPEC requires a native .sp input,3,spec_mhd,spec_namelist,spec_hdf5,,,,,,,,
jVMEC/Ns_2048.M_32,spectre,success,,3,spectre_mhd,vmec_indata_or_spectre_toml,spectre_json,,,,,,,,
jVMEC/Ns_2048.M_32,vmec2000,failed,No wout file found (likely failed to converge),3,vmec_family,vmec_indata,wout_netcdf,,,,,,,,
jVMEC/Ns_2048.M_32,vmecpp,failed,Run failed,3,vmec_family,vmec_indata,wout_netcdf,,,,,,,,
jVMEC/Ns_2048.M_32,vmex,failed,Run failed,3,vmec_family,vmec_indata,wout_netcdf,,,,,,,,
jVMEC/Ns_2048.M_32_fixb,chease,failed,Unsupported: CHEASE requires a 2-D GEQDSK input,3,grad_shafranov,vmec_indata_via_geqdsk,geqdsk,,,,,,,,
jVMEC/Ns_2048.M_32_fixb,desc,success,,3,vmec_family,vmec_indata,wout_netcdf,0.06230143652534311,4.182283013075204e-06,3.16636703518351,4.09632397036092,128.84005862072468,0.19,0.125,-94177.14076228777
jVMEC/Ns_2048.M_32_fixb,educational_vmec,success,,3,vmec_family,vmec_indata,wout_netcdf,0.06230144684139264,4.182124726958712e-06,3.166367035183508,4.095371874561902,128.84005862072462,0.18999999999999997,0.12499999999999997,-94362.22387596233
jVMEC/Ns_2048.M_32_fixb,freegs,failed,Unsupported: FreeGS is restricted to 2-D Grad-Shafranov cases,3,grad_shafranov,vmec_indata_or_case,geqdsk,,,,,,,,
jVMEC/Ns_2048.M_32_fixb,gvec,success,,3,vmec_family,vmec_indata,gvec_state,,,3.166367035183497,4.09654616672491,128.840058620725,-0.19,0.125,
jVMEC/Ns_2048.M_32_fixb,jvmec,success,,3,vmec_family,vmec_indata,wout_netcdf,0.0623014468413926,0.0,3.1663670351834954,4.095371874561418,128.84005862072397,0.19000000000000009,0.0,-94362.22386673468
jVMEC/Ns_2048.M_32_fixb,parvmec,success,,3,vmec_family,vmec_indata,wout_netcdf,0.06230144684139261,4.182124726959341e-06,3.166367035183508,4.095371874560754,128.84005862072462,0.18999999999999997,0.12499999999999997,-94362.22387909004
jVMEC/Ns_2048.M_32_fixb,spec,failed,Unsupported: SPEC requires a native .sp input,3,spec_mhd,spec_namelist,spec_hdf5,,,,,,,,
jVMEC/Ns_2048.M_32_fixb,spectre,success,,3,spectre_mhd,vmec_indata_or_spectre_toml,spectre_json,,,,,,,,
jVMEC/Ns_2048.M_32_fixb,vmec2000,success,,3,vmec_family,vmec_indata,wout_netcdf,0.06230144684139261,4.182124726959341e-06,3.166367035183508,4.095371874560754,128.84005862072462,0.18999999999999997,0.12499999999999997,-94362.22387909004
jVMEC/Ns_2048.M_32_fixb,vmecpp,success,,3,vmec_family,vmec_indata,wout_netcdf,0.062301446841392605,4.182124726958541e-06,3.166367035183508,4.095371874561687,128.84005862072462,0.18999999999999997,0.12499999999999997,-94362.22387522664
jVMEC/Ns_2048.M_32_fixb,vmex,success,,3,vmec_family,vmec_indata,wout_netcdf,0.062301446841392646,4.182124726959107e-06,3.166367035183507,4.09537187456021,128.84005862072462,0.18999999999999997,0.12499999999999997,-94362.22387872558
jVMEC/SOLOVEV,chease,failed,Unsupported: CHEASE requires a 2-D GEQDSK input,3,grad_shafranov,vmec_indata_via_geqdsk,geqdsk,,,,,,,,
jVMEC/SOLOVEV,desc,success,,3,vmec_family,vmec_indata,wout_netcdf,0.06455073287636415,3.872259897307029e-06,3.117998343734315,3.989210433524772,126.87192764523266,1.0,0.125,-440632.8318948016
jVMEC/SOLOVEV,educational_vmec,success,,3,vmec_family,vmec_indata,wout_netcdf,0.06455075217488335,3.8722865888184534e-06,3.117998343734321,3.989395567312327,126.87192764523259,1.0,0.12499999999999997,-440660.4988212393
jVMEC/SOLOVEV,freegs,failed,Unsupported: FreeGS is restricted to 2-D Grad-Shafranov cases,3,grad_shafranov,vmec_indata_or_case,geqdsk,,,,,,,,
jVMEC/SOLOVEV,gvec,success,,3,vmec_family,vmec_indata,gvec_state,,,3.1179983437343104,3.98916669057617,126.871927645233,-1.0,0.125,
jVMEC/SOLOVEV,jvmec,success,,3,vmec_family,vmec_indata,wout_netcdf,0.0645507521748834,0.0,3.1179983437343375,3.9893955673121835,126.87192764523354,1.0,0.0,-440660.49882122065
jVMEC/SOLOVEV,parvmec,success,,3,vmec_family,vmec_indata,wout_netcdf,0.06455075217488321,3.872286588818971e-06,3.117998343734321,3.9893955672670423,126.87192764523259,1.0,0.12499999999999997,-440660.4988210321
jVMEC/SOLOVEV,spec,failed,Unsupported: SPEC requires a native .sp input,3,spec_mhd,spec_namelist,spec_hdf5,,,,,,,,
jVMEC/SOLOVEV,spectre,success,,3,spectre_mhd,vmec_indata_or_spectre_toml,spectre_json,,,,,,,,
jVMEC/SOLOVEV,vmec2000,success,,3,vmec_family,vmec_indata,wout_netcdf,0.06455075217488321,3.872286588818971e-06,3.117998343734321,3.9893955672670423,126.87192764523259,1.0,0.12499999999999997,-440660.4988210321
jVMEC/SOLOVEV,vmecpp,success,,3,vmec_family,vmec_indata,wout_netcdf,0.06455075217488333,3.872286588818454e-06,3.117998343734321,3.9893955673122226,126.87192764523259,1.0,0.12499999999999997,-440660.49882123637
jVMEC/SOLOVEV,vmex,success,,3,vmec_family,vmec_indata,wout_netcdf,0.06455075217488337,3.872286588818452e-06,3.117998343734316,3.989395567312299,126.87192764523255,1.0,0.12499999999999997,-440660.4988212688
jVMEC/W7X,chease,failed,Unsupported: CHEASE requires a 2-D GEQDSK input,3,grad_shafranov,vmec_indata_via_geqdsk,geqdsk,,,,,,,,
jVMEC/W7X,desc,success,,3,vmec_family,vmec_indata,wout_netcdf,2.750845620174879,0.020173234529445475,10.899425540665654,5.578959303963483,27.841424360599632,0.974703231038181,185596.929,2.3903936082580504e-10
jVMEC/W7X,educational_vmec,success,,3,vmec_family,vmec_indata,wout_netcdf,2.7507849955397496,0.020200724868673203,10.899425535672316,5.606401457153648,27.84142437501554,0.9412351101316951,184886.73666964282,-5.887217796596289e-10
jVMEC/W7X,freegs,failed,Unsupported: FreeGS is restricted to 2-D Grad-Shafranov cases,3,grad_shafranov,vmec_indata_or_case,geqdsk,,,,,,,,
jVMEC/W7X,gvec,success,,3,vmec_family,vmec_indata,gvec_state,,,10.899425535672165,5.61128324547484,27.8414243750154,-0.939979201806376,185596.929,
jVMEC/W7X,jvmec,success,,3,vmec_family,vmec_indata,wout_netcdf,2.7507849896133267,0.0,10.889701833985482,5.606401724238124,27.693263951006745,0.9412341969826363,0.0,-8.586881206085195e-10
jVMEC/W7X,parvmec,success,,3,vmec_family,vmec_indata,wout_netcdf,2.750784989613341,0.02020072496211377,10.899425535672316,5.606401724241768,27.84142437501554,0.9412341969826247,184886.73666964282,4.423544863740858e-10
jVMEC/W7X,spec,failed,Unsupported: SPEC requires a native .sp input,3,spec_mhd,spec_namelist,spec_hdf5,,,,,,,,
jVMEC/W7X,spectre,failed,Run failed,3,spectre_mhd,vmec_indata_or_spectre_toml,spectre_json,,,,,,,,
jVMEC/W7X,vmec2000,success,,3,vmec_family,vmec_indata,wout_netcdf,2.750784989613338,0.020200724962115297,10.899425535672316,5.606401724244419,27.84142437501554,0.9412341969830464,184886.73666964282,-1.4517467089580904e-09
jVMEC/W7X,vmecpp,success,,3,vmec_family,vmec_indata,wout_netcdf,2.750784995539754,0.02020072486867366,10.89942553567211,5.606401457154326,27.841424375015418,0.9412351101318849,184886.73666964282,-3.1929753979698106e-10
jVMEC/W7X,vmex,success,,3,vmec_family,vmec_indata,wout_netcdf,2.750784989613333,0.0202007249621136,10.89942553567218,5.606401724241495,27.84142437501549,0.9412341969829646,184886.73666964282,1.452830911130576e-10
jVMEC/W7X_full,chease,failed,Unsupported: CHEASE requires a 2-D GEQDSK input,3,grad_shafranov,vmec_indata_via_geqdsk,geqdsk,,,,,,,,
jVMEC/W7X_full,desc,failed,Run failed,3,vmec_family,vmec_indata,wout_netcdf,,,,,,,,
jVMEC/W7X_full,educational_vmec,failed,Run failed,3,vmec_family,vmec_indata,wout_netcdf,,,,,,,,
jVMEC/W7X_full,freegs,failed,Unsupported: FreeGS is restricted to 2-D Grad-Shafranov cases,3,grad_shafranov,vmec_indata_or_case,geqdsk,,,,,,,,
jVMEC/W7X_full,gvec,failed,Run failed,3,vmec_family,vmec_indata,gvec_state,,,,,,,,
jVMEC/W7X_full,jvmec,failed,Run failed,3,vmec_family,vmec_indata,wout_netcdf,,,,,,,,
jVMEC/W7X_full,parvmec,success,,3,vmec_family,vmec_indata,wout_netcdf,2.7501012199726538,0.020234745532413115,10.897943824982793,5.607817795632064,27.847963279540988,0.9631768630620176,185594.78832031143,12908.287037860642
jVMEC/W7X_full,spec,failed,Unsupported: SPEC requires a native .sp input,3,spec_mhd,spec_namelist,spec_hdf5,,,,,,,,
jVMEC/W7X_full,spectre,failed,Run failed,3,spectre_mhd,vmec_indata_or_spectre_toml,spectre_json,,,,,,,,
jVMEC/W7X_full,vmec2000,success,,3,vmec_family,vmec_indata,wout_netcdf,2.7501012199727284,0.02023474553241661,10.897943824982791,5.607817795699373,27.847963279540984,0.9631768630620176,185594.78832031143,12908.287038124938
jVMEC/W7X_full,vmecpp,success,,3,vmec_family,vmec_indata,wout_netcdf,2.7501012217312724,0.02023474690152925,10.89794382498269,5.607834363659649,27.847963279540878,0.9631768630620176,185594.78832031143,12908.034246036152
jVMEC/W7X_full,vmex,success,,3,vmec_family,vmec_indata,wout_netcdf,2.7501012199726786,0.02023474553241715,10.897943824982708,5.607817795704011,27.84796327954091,0.9631768630620176,185594.78832031143,12908.287036896802
jVMEC/itertype,chease,failed,Unsupported: CHEASE requires a 2-D GEQDSK input,3,grad_shafranov,vmec_indata_via_geqdsk,geqdsk,,,,,,,,
jVMEC/itertype,desc,success,,3,vmec_family,vmec_indata,wout_netcdf,330.89926391138675,1.3719401758052086e-05,2.248125650406067,5.77630144679542,687.6085526639783,0.30000000000000004,600.0,-15831620.090013368
jVMEC/itertype,educational_vmec,success,,3,vmec_family,vmec_indata,wout_netcdf,331.3285968921165,1.3563636278109614e-05,2.2496097898769545,5.803197743551961,686.651832305451,0.3000000000000001,587.5,-16502187.954782164
jVMEC/itertype,freegs,failed,Unsupported: FreeGS is restricted to 2-D Grad-Shafranov cases,3,grad_shafranov,vmec_indata_or_case,geqdsk,,,,,,,,
jVMEC/itertype,gvec,failed,Run failed,3,vmec_family,vmec_indata,gvec_state,,,,,,,,
jVMEC/itertype,jvmec,success,,3,vmec_family,vmec_indata,wout_netcdf,331.3285939682458,0.0,2.249609789876941,5.803188778363204,686.6518323054464,0.3000000000000001,0.0,-16502368.478784945
jVMEC/itertype,parvmec,success,,3,vmec_family,vmec_indata,wout_netcdf,331.3285939682461,1.3563622210480806e-05,2.2496097898769545,5.803188778363198,686.651832305451,0.3000000000000001,587.5,-16502368.478784993
jVMEC/itertype,spec,failed,Unsupported: SPEC requires a native .sp input,3,spec_mhd,spec_namelist,spec_hdf5,,,,,,,,
jVMEC/itertype,spectre,success,,3,spectre_mhd,vmec_indata_or_spectre_toml,spectre_json,,,,,,,,
jVMEC/itertype,vmec2000,success,,3,vmec_family,vmec_indata,wout_netcdf,331.3304675857963,1.3562264174170877e-05,2.2496097898769545,5.8051594336498145,686.651832305451,0.3000000000000001,587.5,-16386672.193265123
jVMEC/itertype,vmecpp,success,,3,vmec_family,vmec_indata,wout_netcdf,331.32857582174404,1.3563585958121746e-05,2.2496097898769545,5.8031555021457715,686.651832305451,0.3000000000000001,587.5,-16503403.25052847
jVMEC/itertype,vmex,success,,3,vmec_family,vmec_indata,wout_netcdf,331.32859396824597,1.3563622210480786e-05,2.2496097898769567,5.803188778363187,686.6518323054507,0.3000000000000001,587.5,-16502368.478785811
jVMEC/test,chease,failed,Unsupported: CHEASE requires a 2-D GEQDSK input,3,grad_shafranov,vmec_indata_via_geqdsk,geqdsk,,,,,,,,
jVMEC/test,desc,success,,3,vmec_family,vmec_indata,wout_netcdf,0.0012731062679220786,0.0227398635245009,5.485829957848705,0.8076147117674333,0.31539670994943586,-0.14499208017226325,432.290809,-43229.080859999995
jVMEC/test,educational_vmec,failed,Run failed,3,vmec_family,vmec_indata,wout_netcdf,,,,,,,,
jVMEC/test,freegs,failed,Unsupported: FreeGS is restricted to 2-D Grad-Shafranov cases,3,grad_shafranov,vmec_indata_or_case,geqdsk,,,,,,,,
jVMEC/test,gvec,failed,Unsupported: VMEC pressure profile of type two_power is not supported for conversion,3,vmec_family,vmec_indata,gvec_state,,,,,,,,
jVMEC/test,jvmec,success,,3,vmec_family,vmec_indata,wout_netcdf,0.0012835848344727862,0.0,5.427363511127601,0.7737277511162104,0.30656077225986716,0.8641301112797859,0.0,43229.26499463139
jVMEC/test,parvmec,success,,3,vmec_family,vmec_indata,wout_netcdf,0.0012836281706449242,0.0018721345983941213,5.433260965413832,0.7733427234232358,0.30699247599444573,0.8647933109630438,432.3209489619426,43229.26499463163
jVMEC/test,spec,failed,Unsupported: SPEC requires a native .sp input,3,spec_mhd,spec_namelist,spec_hdf5,,,,,,,,
jVMEC/test,spectre,failed,Run failed,3,spectre_mhd,vmec_indata_or_spectre_toml,spectre_json,,,,,,,,
jVMEC/test,vmec2000,success,,3,vmec_family,vmec_indata,wout_netcdf,0.0012836281700257428,0.0018721345951390508,5.433260964944784,0.7733427229523283,0.3069924752230543,0.8647933109871311,432.3209489619426,43229.265025861474
jVMEC/test,vmecpp,success,,3,vmec_family,vmec_indata,wout_netcdf,0.001283584834495276,0.0018737573549696556,5.434959522108977,0.7737277510921864,0.3072624884985038,0.8641301117188315,432.3209489619426,43229.26499463133
jVMEC/test,vmex,failed,Run failed,3,vmec_family,vmec_indata,wout_netcdf,,,,,,,,
jVMEC/test.vmec_old,chease,failed,Unsupported: CHEASE requires a 2-D GEQDSK input,3,grad_shafranov,vmec_indata_via_geqdsk,geqdsk,,,,,,,,
jVMEC/test.vmec_old,desc,success,,3,vmec_family,vmec_indata,wout_netcdf,0.0012705715685835323,0.022865883696632297,5.485829957885539,0.8064270811909585,0.31539670995155356,0.3054563166368534,432.290809,7.085495759772253e-12
jVMEC/test.vmec_old,educational_vmec,success,,3,vmec_family,vmec_indata,wout_netcdf,0.0012557739146174935,0.0016589751953700763,5.295199279986008,0.738176071552417,0.25769774605184015,0.194270129027523,432.3209489619426,9.2284239603356e-12
jVMEC/test.vmec_old,freegs,failed,Unsupported: FreeGS is restricted to 2-D Grad-Shafranov cases,3,grad_shafranov,vmec_indata_or_case,geqdsk,,,,,,,,
jVMEC/test.vmec_old,gvec,failed,Unsupported: VMEC pressure profile of type two_power is not supported for conversion,3,vmec_family,vmec_indata,gvec_state,,,,,,,,
jVMEC/test.vmec_old,jvmec,success,,3,vmec_family,vmec_indata,wout_netcdf,0.0012557739146096725,0.0,5.295707871876407,0.7381760733580626,0.2577023918757792,0.19427013024366516,0.0,3.4846935450041916e-11
jVMEC/test.vmec_old,parvmec,failed,No VMEC NetCDF output produced by PARVMEC,3,vmec_family,vmec_indata,wout_netcdf,,,,,,,,
jVMEC/test.vmec_old,spec,failed,Unsupported: SPEC requires a native .sp input,3,spec_mhd,spec_namelist,spec_hdf5,,,,,,,,
jVMEC/test.vmec_old,spectre,failed,Run failed,3,spectre_mhd,vmec_indata_or_spectre_toml,spectre_json,,,,,,,,
jVMEC/test.vmec_old,vmec2000,failed,No wout file found (likely failed to converge),3,vmec_family,vmec_indata,wout_netcdf,,,,,,,,
jVMEC/test.vmec_old,vmecpp,failed,Run failed,3,vmec_family,vmec_indata,wout_netcdf,,,,,,,,
jVMEC/test.vmec_old,vmex,failed,Run failed,3,vmec_family,vmec_indata,wout_netcdf,,,,,,,,
jVMEC/tok_asym,chease,failed,Unsupported: CHEASE requires a 2-D GEQDSK input,3,grad_shafranov,vmec_indata_via_geqdsk,geqdsk,,,,,,,,
jVMEC/tok_asym,desc,success,,3,vmec_family,vmec_indata,wout_netcdf,313.55077916984203,0.0029268556363596225,2.3121716857919554,6.380234642704194,814.1823941219656,0.14999999999999997,99999.99999999999,-7209401.080072352
jVMEC/tok_asym,educational_vmec,success,,3,vmec_family,vmec_indata,wout_netcdf,314.00324609153034,0.002892959464121818,2.314404362469436,6.308701920229574,812.8004060508416,0.15000000000000002,97916.66666666669,-9202735.460828537
jVMEC/tok_asym,freegs,failed,Unsupported: FreeGS is restricted to 2-D Grad-Shafranov cases,3,grad_shafranov,vmec_indata_or_case,geqdsk,,,,,,,,
jVMEC/tok_asym,gvec,success,,3,vmec_family,vmec_indata,gvec_state,,,2.3144043624694373,6.32770002686968,812.800406050841,-0.15,100000.0,
jVMEC/tok_asym,jvmec,success,,3,vmec_family,vmec_indata,wout_netcdf,314.0032462455111,0.0,2.3144043624694417,6.30870195647974,812.8004060508433,0.15000000000000002,0.0,-9202735.524518035
jVMEC/tok_asym,parvmec,success,,3,vmec_family,vmec_indata,wout_netcdf,314.0024185054935,0.0028929365128676113,2.314404069457858,6.308586652251507,812.8003031475054,0.15000000000000002,97916.66666666669,-9232742.61563365
jVMEC/tok_asym,spec,failed,Unsupported: SPEC requires a native .sp input,3,spec_mhd,spec_namelist,spec_hdf5,,,,,,,,
jVMEC/tok_asym,spectre,failed,Run failed,3,spectre_mhd,vmec_indata_or_spectre_toml,spectre_json,,,,,,,,
jVMEC/tok_asym,vmec2000,success,,3,vmec_family,vmec_indata,wout_netcdf,314.0007213838744,0.00289303274673595,2.314404069457858,6.308595401506885,812.8003031475054,0.15000000000000002,97916.66666666669,-9235843.52741588
jVMEC/tok_asym,vmecpp,success,,3,vmec_family,vmec_indata,wout_netcdf,314.00324376366365,0.002892959560954555,2.314404362469436,6.308701469176439,812.8004060508416,0.15000000000000002,97916.66666666669,-9202742.559899453
jVMEC/tok_asym,vmex,success,,3,vmec_family,vmec_indata,wout_netcdf,314.0024185054935,0.002892936512867619,2.3144040694578583,6.308586652251525,812.800303147505,0.15000000000000002,97916.66666666669,-9232742.615628237
jVMEC/vmec,chease,failed,Unsupported: CHEASE requires a 2-D GEQDSK input,3,grad_shafranov,vmec_indata_via_geqdsk,geqdsk,,,,,,,,
jVMEC/vmec,desc,success,,3,vmec_family,vmec_indata,wout_netcdf,1.4073596111698938,0.10328621390244555,9.987049599929971,5.613972511322862,33.30493335309873,0.11693991073495968,50000.00000000001,-5000.000002000024
jVMEC/vmec,educational_vmec,failed,Unsupported: required MGRID fixture unavailable: mgrid_w7x_v2_10mm_grid.nc,3,vmec_family,vmec_indata,wout_netcdf,,,,,,,,
jVMEC/vmec,freegs,failed,Unsupported: FreeGS is restricted to 2-D Grad-Shafranov cases,3,grad_shafranov,vmec_indata_or_case,geqdsk,,,,,,,,
jVMEC/vmec,gvec,failed,Unsupported: required MGRID fixture unavailable: mgrid_w7x_v2_10mm_grid.nc,3,vmec_family,vmec_indata,gvec_state,,,,,,,,
jVMEC/vmec,jvmec,failed,Unsupported: required MGRID fixture unavailable: mgrid_w7x_v2_10mm_grid.nc,3,vmec_family,vmec_indata,wout_netcdf,,,,,,,,
jVMEC/vmec,parvmec,failed,Unsupported: required MGRID fixture unavailable: mgrid_w7x_v2_10mm_grid.nc,3,vmec_family,vmec_indata,wout_netcdf,,,,,,,,
jVMEC/vmec,spec,failed,Unsupported: SPEC requires a native .sp input,3,spec_mhd,spec_namelist,spec_hdf5,,,,,,,,
jVMEC/vmec,spectre,failed,Unsupported: required MGRID fixture unavailable: mgrid_w7x_v2_10mm_grid.nc,3,spectre_mhd,vmec_indata_or_spectre_toml,spectre_json,,,,,,,,
jVMEC/vmec,vmec2000,failed,Unsupported: required MGRID fixture unavailable: mgrid_w7x_v2_10mm_grid.nc,3,vmec_family,vmec_indata,wout_netcdf,,,,,,,,
jVMEC/vmec,vmecpp,failed,Unsupported: required MGRID fixture unavailable: mgrid_w7x_v2_10mm_grid.nc,3,vmec_family,vmec_indata,wout_netcdf,,,,,,,,
jVMEC/vmec,vmex,failed,Unsupported: required MGRID fixture unavailable: mgrid_w7x_v2_10mm_grid.nc,3,vmec_family,vmec_indata,wout_netcdf,,,,,,,,
jVMEC/w7x_ref_167_12_12,chease,failed,Unsupported: CHEASE requires a 2-D GEQDSK input,3,grad_shafranov,vmec_indata_via_geqdsk,geqdsk,,,,,,,,
jVMEC/w7x_ref_167_12_12,desc,success,,3,vmec_family,vmec_indata,wout_netcdf,1.8589099431329437,0.039957835983249486,10.972711241492142,5.660703149594578,27.780687999391034,0.9871049735163392,166000.0,3.9371188841897296e-10
jVMEC/w7x_ref_167_12_12,educational_vmec,failed,Unsupported: required MGRID fixture unavailable: mgrid_w7x_nv36_hires.nc,3,vmec_family,vmec_indata,wout_netcdf,,,,,,,,
jVMEC/w7x_ref_167_12_12,freegs,failed,Unsupported: FreeGS is restricted to 2-D Grad-Shafranov cases,3,grad_shafranov,vmec_indata_or_case,geqdsk,,,,,,,,
jVMEC/w7x_ref_167_12_12,gvec,failed,Unsupported: required MGRID fixture unavailable: mgrid_w7x_nv36_hires.nc,3,vmec_family,vmec_indata,gvec_state,,,,,,,,
jVMEC/w7x_ref_167_12_12,jvmec,failed,Unsupported: required MGRID fixture unavailable: mgrid_w7x_nv36_hires.nc,3,vmec_family,vmec_indata,wout_netcdf,,,,,,,,
jVMEC/w7x_ref_167_12_12,parvmec,failed,Unsupported: required MGRID fixture unavailable: mgrid_w7x_nv36_hires.nc,3,vmec_family,vmec_indata,wout_netcdf,,,,,,,,
jVMEC/w7x_ref_167_12_12,spec,failed,Unsupported: SPEC requires a native .sp input,3,spec_mhd,spec_namelist,spec_hdf5,,,,,,,,
jVMEC/w7x_ref_167_12_12,spectre,failed,Unsupported: required MGRID fixture unavailable: mgrid_w7x_nv36_hires.nc,3,spectre_mhd,vmec_indata_or_spectre_toml,spectre_json,,,,,,,,
jVMEC/w7x_ref_167_12_12,vmec2000,failed,Unsupported: required MGRID fixture unavailable: mgrid_w7x_nv36_hires.nc,3,vmec_family,vmec_indata,wout_netcdf,,,,,,,,
jVMEC/w7x_ref_167_12_12,vmecpp,failed,Unsupported: required MGRID fixture unavailable: mgrid_w7x_nv36_hires.nc,3,vmec_family,vmec_indata,wout_netcdf,,,,,,,,
jVMEC/w7x_ref_167_12_12,vmex,failed,Unsupported: required MGRID fixture unavailable: mgrid_w7x_nv36_hires.nc,3,vmec_family,vmec_indata,wout_netcdf,,,,,,,,
vmecpp/data/cth_like_fixed_bdy,chease,failed,Unsupported: CHEASE requires a 2-D GEQDSK input,3,grad_shafranov,vmec_indata_via_geqdsk,geqdsk,,,,,,,,
vmecpp/data/cth_like_fixed_bdy,desc,success,,3,vmec_family,vmec_indata,wout_netcdf,0.0012731062679220786,0.0227398635245009,5.485829957848705,0.8076147117674333,0.31539670994943586,-0.14499208017226325,432.290809,-43229.080859999995
vmecpp/data/cth_like_fixed_bdy,educational_vmec,success,,3,vmec_family,vmec_indata,wout_netcdf,0.0012834942272260733,0.0019265415981592664,5.48582995348778,0.7846120668570702,0.3153967101233123,0.8322342689734905,432.3209489619426,43229.26499463146
vmecpp/data/cth_like_fixed_bdy,freegs,failed,Unsupported: FreeGS is restricted to 2-D Grad-Shafranov cases,3,grad_shafranov,vmec_indata_or_case,geqdsk,,,,,,,,
vmecpp/data/cth_like_fixed_bdy,gvec,failed,Unsupported: VMEC pressure profile of type two_power is not supported for conversion,3,vmec_family,vmec_indata,gvec_state,,,,,,,,
vmecpp/data/cth_like_fixed_bdy,jvmec,success,,3,vmec_family,vmec_indata,wout_netcdf,0.0012834942043293829,0.0,5.4778588868545475,0.7846126558745871,0.314527775649794,0.8322298257997568,0.0,43229.26499463137
vmecpp/data/cth_like_fixed_bdy,parvmec,success,,3,vmec_family,vmec_indata,wout_netcdf,0.0012834942043293883,0.0019265433457042655,5.48582995348778,0.7846126558745858,0.3153967101233123,0.8322298257997591,432.3209489619426,43229.264994631456
vmecpp/data/cth_like_fixed_bdy,spec,failed,Unsupported: SPEC requires a native .sp input,3,spec_mhd,spec_namelist,spec_hdf5,,,,,,,,
vmecpp/data/cth_like_fixed_bdy,spectre,failed,Run failed,3,spectre_mhd,vmec_indata_or_spectre_toml,spectre_json,,,,,,,,
vmecpp/data/cth_like_fixed_bdy,vmec2000,success,,3,vmec_family,vmec_indata,wout_netcdf,0.0012834942037927395,0.0019265433467725833,5.48582995348778,0.7846126559349746,0.3153967101233123,0.8322298292606649,432.3209489619426,43229.26502586158
vmecpp/data/cth_like_fixed_bdy,vmecpp,success,,3,vmec_family,vmec_indata,wout_netcdf,0.001283494227226076,0.0019265415981592799,5.485829953487737,0.7846120668570722,0.3153967101233119,0.8322342689734915,432.3209489619426,43229.264994631434
vmecpp/data/cth_like_fixed_bdy,vmex,success,,3,vmec_family,vmec_indata,wout_netcdf,0.0012834942043293846,0.0019265433457042595,5.485829953487729,0.7846126558745825,0.31539671012331183,0.8322298257997833,432.3209489619426,43229.26499463146
vmecpp/data/nfp4_QH_warm_start,chease,failed,Unsupported: CHEASE requires a 2-D GEQDSK input,3,grad_shafranov,vmec_indata_via_geqdsk,geqdsk,,,,,,,,
vmecpp/data/nfp4_QH_warm_start,desc,success,,3,vmec_family,vmec_indata,wout_netcdf,0.00378567184954035,0.0,7.000345969199067,0.9932879340668888,0.39889211450723994,-1.0265559144500533,0.0,-4.39410589753318e-12
vmecpp/data/nfp4_QH_warm_start,educational_vmec,success,,3,vmec_family,vmec_indata,wout_netcdf,0.003785094650775348,0.0,7.000345969477086,1.003146702493349,0.39889211435747,-1.156701762815377,0.0,-4.5536491244391186e-11
vmecpp/data/nfp4_QH_warm_start,freegs,failed,Unsupported: FreeGS is restricted to 2-D Grad-Shafranov cases,3,grad_shafranov,vmec_indata_or_case,geqdsk,,,,,,,,
vmecpp/data/nfp4_QH_warm_start,gvec,success,,3,vmec_family,vmec_indata,gvec_state,,,7.000345969477056,1.00327433893096,0.398892114357469,1.15552123270269,0.0,
vmecpp/data/nfp4_QH_warm_start,jvmec,success,,3,vmec_family,vmec_indata,wout_netcdf,0.003785094650775417,0.0,5.901164351606029,1.0031467023173655,0.5459861956450157,-1.1567017361041776,0.0,-1.214306433183765e-10
vmecpp/data/nfp4_QH_warm_start,parvmec,success,,3,vmec_family,vmec_indata,wout_netcdf,0.003785094650775401,0.0,7.000345969477086,1.0031467023160778,0.39889211435747,-1.1567017360683491,0.0,-2.7647155398380363e-11
vmecpp/data/nfp4_QH_warm_start,spec,failed,Unsupported: SPEC requires a native .sp input,3,spec_mhd,spec_namelist,spec_hdf5,,,,,,,,
vmecpp/data/nfp4_QH_warm_start,spectre,failed,Run failed,3,spectre_mhd,vmec_indata_or_spectre_toml,spectre_json,,,,,,,,
vmecpp/data/nfp4_QH_warm_start,vmec2000,success,,3,vmec_family,vmec_indata,wout_netcdf,0.0037850946507753886,0.0,7.000345969477086,1.0031467023182974,0.39889211435747,-1.1567017361961125,0.0,1.610040226140974e-10
vmecpp/data/nfp4_QH_warm_start,vmecpp,success,,3,vmec_family,vmec_indata,wout_netcdf,0.003785094650775368,0.0,7.000345969477071,1.0031467024947187,0.39889211435747013,-1.1567017629557508,0.0,-3.5236570605778894e-12
vmecpp/data/nfp4_QH_warm_start,vmex,success,,3,vmec_family,vmec_indata,wout_netcdf,0.0037850946507753938,0.0,7.00034596947707,1.003146702319494,0.39889211435747,-1.1567017363116896,0.0,-3.0357660829594124e-11
vmecpp/data/solovev,chease,failed,Unsupported: CHEASE requires a 2-D GEQDSK input,3,grad_shafranov,vmec_indata_via_geqdsk,geqdsk,,,,,,,,
vmecpp/data/solovev,desc,success,,3,vmec_family,vmec_indata,wout_netcdf,0.06455073287636415,3.872259897307029e-06,3.117998343734315,3.989210433524772,126.87192764523266,1.0,0.125,-440632.8318948016
vmecpp/data/solovev,educational_vmec,success,,3,vmec_family,vmec_indata,wout_netcdf,0.06455075217420486,3.872286630701071e-06,3.117998343734321,3.9894010728341964,126.87192764523259,1.0,0.12499999999999997,-440660.50046692294
vmecpp/data/solovev,freegs,failed,Unsupported: FreeGS is restricted to 2-D Grad-Shafranov cases,3,grad_shafranov,vmec_indata_or_case,geqdsk,,,,,,,,
vmecpp/data/solovev,gvec,success,,3,vmec_family,vmec_indata,gvec_state,,,3.1179983437343104,3.98916669057617,126.871927645233,-1.0,0.125,
vmecpp/data/solovev,jvmec,success,,3,vmec_family,vmec_indata,wout_netcdf,0.06455075217420482,0.0,3.1179983437343375,3.989401072835232,126.87192764523354,1.0,0.0,-440660.5004669052
vmecpp/data/solovev,parvmec,success,,3,vmec_family,vmec_indata,wout_netcdf,0.06455075217420488,3.872286630701078e-06,3.117998343734321,3.9894010728355944,126.87192764523259,1.0,0.12499999999999997,-440660.5004669217
vmecpp/data/solovev,spec,failed,Unsupported: SPEC requires a native .sp input,3,spec_mhd,spec_namelist,spec_hdf5,,,,,,,,
vmecpp/data/solovev,spectre,success,,3,spectre_mhd,vmec_indata_or_spectre_toml,spectre_json,,,,,,,,
vmecpp/data/solovev,vmec2000,success,,3,vmec_family,vmec_indata,wout_netcdf,0.06455075217420488,3.872286630701078e-06,3.117998343734321,3.9894010728355944,126.87192764523259,1.0,0.12499999999999997,-440660.5004669217
vmecpp/data/solovev,vmecpp,success,,3,vmec_family,vmec_indata,wout_netcdf,0.06455075217420486,3.872286630701074e-06,3.117998343734321,3.9894010728345415,126.87192764523259,1.0,0.12499999999999997,-440660.5004669483
vmecpp/data/solovev,vmex,success,,3,vmec_family,vmec_indata,wout_netcdf,0.06455075217420482,3.872286630701076e-06,3.117998343734316,3.989401072835449,126.87192764523255,1.0,0.12499999999999997,-440660.50046692224
vmecpp/data/w7x,chease,failed,Unsupported: CHEASE requires a 2-D GEQDSK input,3,grad_shafranov,vmec_indata_via_geqdsk,geqdsk,,,,,,,,
vmecpp/data/w7x,desc,failed,Run failed,3,vmec_family,vmec_indata,wout_netcdf,,,,,,,,
vmecpp/data/w7x,educational_vmec,success,,3,vmec_family,vmec_indata,wout_netcdf,1.85862852067626,0.03993785926755646,10.97249191483019,5.645392734808214,27.78254169023481,0.9431814128965134,165999.99999999997,2.0472447521957537e-09
vmecpp/data/w7x,freegs,failed,Unsupported: FreeGS is restricted to 2-D Grad-Shafranov cases,3,grad_shafranov,vmec_indata_or_case,geqdsk,,,,,,,,
vmecpp/data/w7x,gvec,success,,3,vmec_family,vmec_indata,gvec_state,,,10.972491914829972,5.64542618909729,27.7825416902348,-0.943249230492054,166000.0,
vmecpp/data/w7x,jvmec,success,,3,vmec_family,vmec_indata,wout_netcdf,1.8586285206521096,0.0,10.971709170785324,5.645392706404479,27.525795810890543,0.943181408964374,0.0,-6.640738306473715e-11
vmecpp/data/w7x,parvmec,success,,3,vmec_family,vmec_indata,wout_netcdf,1.858628519759215,0.039937858682891986,10.972491914830185,5.645389563535003,27.78254169023481,0.9431802770203597,165999.99999999997,-1.235990476633475e-10
vmecpp/data/w7x,spec,failed,Unsupported: SPEC requires a native .sp input,3,spec_mhd,spec_namelist,spec_hdf5,,,,,,,,
vmecpp/data/w7x,spectre,failed,Run failed,3,spectre_mhd,vmec_indata_or_spectre_toml,spectre_json,,,,,,,,
vmecpp/data/w7x,vmec2000,success,,3,vmec_family,vmec_indata,wout_netcdf,1.8586285197592165,0.039937858682898446,10.97249191483019,5.645389563545827,27.78254169023481,0.9431802770280475,165999.99999999997,-1.338989683019598e-10
vmecpp/data/w7x,vmecpp,success,,3,vmec_family,vmec_indata,wout_netcdf,1.8586285206762747,0.0399378592675701,10.972491914830004,5.64539273484252,27.78254169023485,0.9431814129027944,165999.99999999997,-1.297247899378906e-09
vmecpp/data/w7x,vmex,success,,3,vmec_family,vmec_indata,wout_netcdf,1.8586285197592254,0.03993785868289378,10.972491914829984,5.645389563510121,27.782541690234815,0.9431802770186961,165999.99999999997,-1.0842021724855044e-10
