case,implementation,quality_status,quality_metric,residual,tolerance,residual_over_tolerance,iterations,solver_status,quality_source
DESC/inputs/DSHAPE,desc,converged,maximum normalized force error,4.412e-05,,,6.0,success,desc.log
DESC/inputs/DSHAPE,educational_vmec,converged,"max(|fsqr|,|fsqz|,|fsql|)",9.95363242785639e-13,1e-12,0.995363242785639,871.0,0,wout_vmec.nc
DESC/inputs/DSHAPE,gvec,not_converged,|force|,1.49e-07,1e-07,1.49,10000.0,finished,gvec.log
DESC/inputs/DSHAPE,jvmec,converged,"max(|fsqr|,|fsqz|,|fsql|)",9.953673303095131e-13,1e-12,0.9953673303095132,0.0,0,wout_input_cleaned.nc
DESC/inputs/DSHAPE,parvmec,converged,"max(|fsqr|,|fsqz|,|fsql|)",9.961384269477566e-13,1e-12,0.9961384269477567,909.0,0,wout_DSHAPE.nc
DESC/inputs/DSHAPE,spectre,converged,least-squares optimality,1.1133982720282611,,,82.0,3,spectre_input_res.json
DESC/inputs/DSHAPE,vmec2000,converged,"max(|fsqr|,|fsqz|,|fsql|)",9.961384269477566e-13,1e-12,0.9961384269477567,909.0,0,wout_DSHAPE.nc
DESC/inputs/DSHAPE,vmex,converged,"max(|fsqr|,|fsqz|,|fsql|)",9.9614588746606e-13,1e-12,0.9961458874660599,908.0,0,wout_DSHAPE.nc
DESC/inputs/DSHAPE_desc,desc,converged,maximum normalized force error,4.412e-05,,,6.0,success,desc.log
DESC/inputs/QSC_r2_5.5_vmec,educational_vmec,converged,"max(|fsqr|,|fsqz|,|fsql|)",9.989683396832203e-14,1e-13,0.9989683396832203,987.0,0,wout_vmec.nc
DESC/inputs/QSC_r2_5.5_vmec,gvec,converged,|force|,1e-07,1e-07,1.0,10000.0,finished,gvec.log
DESC/inputs/QSC_r2_5.5_vmec,parvmec,not_converged,"max(|fsqr|,|fsqz|,|fsql|)",2.4732190142525813e-13,1e-13,2.473219014252581,2001.0,0,wout_QSC_r2_5.5_vmec.nc
DESC/inputs/QSC_r2_5.5_vmec,vmec2000,converged,"max(|fsqr|,|fsqz|,|fsql|)",9.704819691391363e-14,1e-13,0.9704819691391363,187.0,0,wout_QSC_r2_5.5_vmec.nc
DESC/inputs/QSC_r2_5.5_vmec,vmecpp,converged,"max(|fsqr|,|fsqz|,|fsql|)",9.96970747364329e-14,1e-13,0.9969707473643289,385.0,0,wout_input.QSC_r2_5.nc
PARVMEC/Testing/tests/fixed_boundary_test/test,desc,converged,maximum normalized force error,0.0005282,,,10.0,success,desc.log
PARVMEC/Testing/tests/fixed_boundary_test/test,educational_vmec,converged,"max(|fsqr|,|fsqz|,|fsql|)",9.161392397640885e-21,1e-20,0.9161392397640885,547.0,0,wout_vmec.nc
PARVMEC/Testing/tests/fixed_boundary_test/test,parvmec,converged,"max(|fsqr|,|fsqz|,|fsql|)",9.205047193332828e-21,1e-20,0.9205047193332828,547.0,0,wout_test.vmec.nc
PARVMEC/Testing/tests/fixed_boundary_test/test,vmec2000,converged,"max(|fsqr|,|fsqz|,|fsql|)",9.182307519175514e-21,1e-20,0.9182307519175515,547.0,0,wout_test.vmec.nc
PARVMEC/Testing/tests/fixed_boundary_test/test,vmecpp,converged,"max(|fsqr|,|fsqz|,|fsql|)",8.822692293716967e-21,1e-20,0.8822692293716967,519.0,0,wout_input.test.nc
PARVMEC/Testing/tests/fixed_boundary_test/test,vmex,converged,"max(|fsqr|,|fsqz|,|fsql|)",8.973532494202557e-21,1e-20,0.8973532494202557,516.0,0,wout_test.vmec.nc
PARVMEC/Testing/tests/free_boundary_test/test,desc,converged,maximum normalized force error,0.002019,,,5.0,success,desc.log
PARVMEC/Testing/tests/free_boundary_test/test,jvmec,converged,"max(|fsqr|,|fsqz|,|fsql|)",9.021147903164185e-21,1e-20,0.9021147903164185,0.0,0,wout_input_cleaned.nc
PARVMEC/Testing/tests/free_boundary_test/test,parvmec,converged,"max(|fsqr|,|fsqz|,|fsql|)",9.603175480019666e-21,1e-20,0.9603175480019667,1551.0,0,wout_test.vmec.nc
PARVMEC/Testing/tests/free_boundary_test/test,vmec2000,converged,"max(|fsqr|,|fsqz|,|fsql|)",9.582588844407464e-21,1e-20,0.9582588844407465,1551.0,0,wout_test.vmec.nc
PARVMEC/Testing/tests/free_boundary_test/test,vmecpp,converged,"max(|fsqr|,|fsqz|,|fsql|)",8.829836672479006e-21,1e-20,0.8829836672479007,1791.0,0,wout_input.test.nc
PARVMEC/Testing/tests/lasym_test/test_asym,desc,converged,maximum normalized force error,0.0005468,,,9.0,success,desc.log
PARVMEC/Testing/tests/lasym_test/test_asym,educational_vmec,converged,"max(|fsqr|,|fsqz|,|fsql|)",9.614551243397077e-21,1e-20,0.9614551243397078,518.0,0,wout_vmec.nc
PARVMEC/Testing/tests/lasym_test/test_asym,parvmec,converged,"max(|fsqr|,|fsqz|,|fsql|)",9.61237726596731e-21,1e-20,0.961237726596731,518.0,0,wout_test_asym.vmec.nc
PARVMEC/Testing/tests/lasym_test/test_asym,vmec2000,converged,"max(|fsqr|,|fsqz|,|fsql|)",9.706814218723422e-21,1e-20,0.9706814218723422,689.0,0,wout_test_asym.vmec.nc
PARVMEC/Testing/tests/lasym_test/test_asym,vmecpp,converged,"max(|fsqr|,|fsqz|,|fsql|)",9.907989767792448e-21,1e-20,0.9907989767792449,517.0,0,wout_input.test_asym.nc
PARVMEC/Testing/tests/lasym_test/test_asym,vmex,converged,"max(|fsqr|,|fsqz|,|fsql|)",9.61882752886976e-21,1e-20,0.961882752886976,517.0,0,wout_test_asym.vmec.nc
PARVMEC/Testing/tests/lasym_test/test_sym,desc,converged,maximum normalized force error,0.0005282,,,10.0,success,desc.log
PARVMEC/Testing/tests/lasym_test/test_sym,educational_vmec,converged,"max(|fsqr|,|fsqz|,|fsql|)",9.611841564094741e-21,1e-20,0.9611841564094742,518.0,0,wout_vmec.nc
PARVMEC/Testing/tests/lasym_test/test_sym,parvmec,converged,"max(|fsqr|,|fsqz|,|fsql|)",9.618024294338924e-21,1e-20,0.9618024294338925,518.0,0,wout_test_sym.vmec.nc
PARVMEC/Testing/tests/lasym_test/test_sym,vmec2000,converged,"max(|fsqr|,|fsqz|,|fsql|)",9.623907379443986e-21,1e-20,0.9623907379443987,518.0,0,wout_test_sym.vmec.nc
PARVMEC/Testing/tests/lasym_test/test_sym,vmecpp,converged,"max(|fsqr|,|fsqz|,|fsql|)",9.94172965309518e-21,1e-20,0.9941729653095182,517.0,0,wout_input.test_sym.nc
PARVMEC/Testing/tests/lasym_test/test_sym,vmex,converged,"max(|fsqr|,|fsqz|,|fsql|)",9.627500119144698e-21,1e-20,0.9627500119144698,517.0,0,wout_test_sym.vmec.nc
PARVMEC/Testing/tests/niter_test/test,desc,converged,maximum normalized force error,0.0001214,,,17.0,success,desc.log
PARVMEC/Testing/tests/niter_test/test,parvmec,not_converged,"max(|fsqr|,|fsqz|,|fsql|)",0.3057543280239749,1e-20,3.057543280239749e+19,2.0,0,wout_test.vmec.nc
PARVMEC/Testing/tests/niter_test/test,vmec2000,not_converged,"max(|fsqr|,|fsqz|,|fsql|)",0.3057543281071999,1e-20,3.057543281071999e+19,2.0,0,wout_test.vmec.nc
PARVMEC/Testing/tests/niter_test/test,vmecpp,not_converged,"max(|fsqr|,|fsqz|,|fsql|)",0.3057543280239761,1e-20,3.0575432802397614e+19,2.0,0,wout_input.test.nc
PARVMEC/Testing/tests/reset_test/test,desc,converged,maximum normalized force error,0.0005282,,,10.0,success,desc.log
PARVMEC/Testing/tests/reset_test/test,educational_vmec,converged,"max(|fsqr|,|fsqz|,|fsql|)",9.611841564094741e-21,1e-20,0.9611841564094742,518.0,0,wout_vmec.nc
PARVMEC/Testing/tests/reset_test/test,parvmec,converged,"max(|fsqr|,|fsqz|,|fsql|)",9.618024294338924e-21,1e-20,0.9618024294338925,518.0,0,wout_test.vmec.nc
PARVMEC/Testing/tests/reset_test/test,vmec2000,converged,"max(|fsqr|,|fsqz|,|fsql|)",9.623907379443986e-21,1e-20,0.9623907379443987,518.0,0,wout_test.vmec.nc
PARVMEC/Testing/tests/reset_test/test,vmecpp,converged,"max(|fsqr|,|fsqz|,|fsql|)",9.94172965309518e-21,1e-20,0.9941729653095182,517.0,0,wout_input.test.nc
PARVMEC/Testing/tests/reset_test/test,vmex,converged,"max(|fsqr|,|fsqz|,|fsql|)",9.627500119144698e-21,1e-20,0.9627500119144698,517.0,0,wout_test.vmec.nc
SPECTRE/file_io/oversized_guess,spectre,converged,least-squares optimality,5.0639169315134844e-05,,,163.0,3,oversized_guess_res.json
SPECTRE/test_files/W7-X_standard_configuration,desc,converged,maximum normalized force error,0.001791,,,1.0,success,desc.log
SPECTRE/test_files/W7-X_standard_configuration,educational_vmec,not_converged,"max(|fsqr|,|fsqz|,|fsql|)",0.017194536791620016,1e-12,17194536791.620018,2.0,0,wout_vmec.nc
SPECTRE/test_files/W7-X_standard_configuration,gvec,not_converged,|force|,5.27e-07,1e-07,5.2700000000000005,10000.0,finished,gvec.log
SPECTRE/test_files/W7-X_standard_configuration,jvmec,converged,"max(|fsqr|,|fsqz|,|fsql|)",9.971899756370952e-13,1e-12,0.9971899756370952,0.0,0,wout_input_cleaned.nc
SPECTRE/test_files/W7-X_standard_configuration,parvmec,converged,"max(|fsqr|,|fsqz|,|fsql|)",9.968496451385252e-13,1e-12,0.9968496451385253,1106.0,0,wout_W7-X_standard_configuration.nc
SPECTRE/test_files/W7-X_standard_configuration,vmec2000,converged,"max(|fsqr|,|fsqz|,|fsql|)",9.96844448408391e-13,1e-12,0.996844448408391,1106.0,0,wout_W7-X_standard_configuration.nc
SPECTRE/test_files/W7-X_standard_configuration,vmecpp,converged,"max(|fsqr|,|fsqz|,|fsql|)",9.600661859891237e-13,1e-12,0.9600661859891237,1168.0,0,wout_input.nc
SPECTRE/test_files/W7-X_standard_configuration,vmex,converged,"max(|fsqr|,|fsqz|,|fsql|)",9.968501611832802e-13,1e-12,0.9968501611832802,1105.0,0,wout_W7-X_standard_configuration.nc
SPECTRE/test_files/iota,desc,converged,maximum normalized force error,0.01209,,,7.0,success,desc.log
SPECTRE/test_files/iota,educational_vmec,not_converged,"max(|fsqr|,|fsqz|,|fsql|)",0.12479134717689531,1e-10,1247913471.768953,2.0,0,wout_vmec.nc
SPECTRE/test_files/iota,jvmec,converged,"max(|fsqr|,|fsqz|,|fsql|)",9.767465534850272e-11,1e-10,0.9767465534850271,0.0,0,wout_input_cleaned.nc
SPECTRE/test_files/iota,parvmec,converged,"max(|fsqr|,|fsqz|,|fsql|)",9.767465535181954e-11,1e-10,0.9767465535181953,1400.0,0,wout_iota.nc
SPECTRE/test_files/iota,vmec2000,converged,"max(|fsqr|,|fsqz|,|fsql|)",9.767466718367434e-11,1e-10,0.9767466718367434,1400.0,0,wout_iota.nc
SPECTRE/test_files/iota,vmecpp,converged,"max(|fsqr|,|fsqz|,|fsql|)",9.771194500751056e-11,1e-10,0.9771194500751056,1400.0,0,wout_input.nc
SPECTRE/test_files/iota,vmex,converged,"max(|fsqr|,|fsqz|,|fsql|)",9.767467453689643e-11,1e-10,0.9767467453689643,1399.0,0,wout_iota.nc
SPECTRE/test_files/qabeta_curr,desc,converged,maximum normalized force error,0.01318,,,7.0,success,desc.log
SPECTRE/test_files/qabeta_curr,educational_vmec,not_converged,"max(|fsqr|,|fsqz|,|fsql|)",0.11977834871393196,1e-10,1197783487.1393197,2.0,0,wout_vmec.nc
SPECTRE/test_files/qabeta_curr,jvmec,converged,"max(|fsqr|,|fsqz|,|fsql|)",9.550916607472147e-11,1e-10,0.9550916607472146,0.0,0,wout_input_cleaned.nc
SPECTRE/test_files/qabeta_curr,parvmec,converged,"max(|fsqr|,|fsqz|,|fsql|)",9.815286088687971e-11,1e-10,0.9815286088687971,1012.0,0,wout_qabeta_curr.nc
SPECTRE/test_files/qabeta_curr,vmec2000,converged,"max(|fsqr|,|fsqz|,|fsql|)",9.815285421041259e-11,1e-10,0.9815285421041259,1012.0,0,wout_qabeta_curr.nc
SPECTRE/test_files/qabeta_curr,vmecpp,converged,"max(|fsqr|,|fsqz|,|fsql|)",9.787314366823649e-11,1e-10,0.9787314366823648,1012.0,0,wout_input.nc
SPECTRE/test_files/qabeta_curr,vmex,converged,"max(|fsqr|,|fsqz|,|fsql|)",9.81528485748959e-11,1e-10,0.9815284857489589,1011.0,0,wout_qabeta_curr.nc
SPECTRE/utils/make_freeboundary/W7-X_standard_configuration,desc,converged,maximum normalized force error,0.001791,,,1.0,success,desc.log
SPECTRE/utils/make_freeboundary/W7-X_standard_configuration,educational_vmec,not_converged,"max(|fsqr|,|fsqz|,|fsql|)",0.017194536791620016,1e-12,17194536791.620018,2.0,0,wout_vmec.nc
SPECTRE/utils/make_freeboundary/W7-X_standard_configuration,gvec,not_converged,|force|,5.27e-07,1e-07,5.2700000000000005,10000.0,finished,gvec.log
SPECTRE/utils/make_freeboundary/W7-X_standard_configuration,parvmec,converged,"max(|fsqr|,|fsqz|,|fsql|)",9.968496451385252e-13,1e-12,0.9968496451385253,1106.0,0,wout_W7-X_standard_configuration.nc
SPECTRE/utils/make_freeboundary/W7-X_standard_configuration,vmec2000,converged,"max(|fsqr|,|fsqz|,|fsql|)",9.96844448408391e-13,1e-12,0.996844448408391,1106.0,0,wout_W7-X_standard_configuration.nc
SPECTRE/utils/make_freeboundary/W7-X_standard_configuration,vmecpp,converged,"max(|fsqr|,|fsqz|,|fsql|)",9.600661859891237e-13,1e-12,0.9600661859891237,1168.0,0,wout_input.nc
SPECTRE/utils/make_freeboundary/W7-X_standard_configuration,vmex,converged,"max(|fsqr|,|fsqz|,|fsql|)",9.968501611832802e-13,1e-12,0.9968501611832802,1105.0,0,wout_W7-X_standard_configuration.nc
SPECTRE/utils/vmec2spectre/iota,educational_vmec,not_converged,"max(|fsqr|,|fsqz|,|fsql|)",0.1291806908617619,3e-12,43060230287.25397,2.0,0,wout_vmec.nc
SPECTRE/utils/vmec2spectre/iota,parvmec,converged,"max(|fsqr|,|fsqz|,|fsql|)",2.987426183287846e-12,3e-12,0.9958087277626152,3681.0,0,wout_iota.nc
SPECTRE/utils/vmec2spectre/iota,vmec2000,converged,"max(|fsqr|,|fsqz|,|fsql|)",2.9874141983872184e-12,3e-12,0.9958047327957394,3681.0,0,wout_iota.nc
SPECTRE/utils/vmec2spectre/iota,vmecpp,converged,"max(|fsqr|,|fsqz|,|fsql|)",2.999839110116939e-12,3e-12,0.9999463700389796,3676.0,0,wout_input.nc
SPECTRE/utils/vmec2spectre/qabeta_curr,desc,converged,maximum normalized force error,0.01362,,,5.0,success,desc.log
SPECTRE/utils/vmec2spectre/qabeta_curr,educational_vmec,not_converged,"max(|fsqr|,|fsqz|,|fsql|)",0.18964495152508906,1e-13,1896449515250.8906,2.0,0,wout_vmec.nc
SPECTRE/utils/vmec2spectre/qabeta_curr,parvmec,converged,"max(|fsqr|,|fsqz|,|fsql|)",9.873317722446033e-14,1e-13,0.9873317722446032,2365.0,0,wout_qabeta_curr.nc
SPECTRE/utils/vmec2spectre/qabeta_curr,vmec2000,converged,"max(|fsqr|,|fsqz|,|fsql|)",9.87331190409595e-14,1e-13,0.9873311904095949,2365.0,0,wout_qabeta_curr.nc
SPECTRE/utils/vmec2spectre/qabeta_curr,vmecpp,converged,"max(|fsqr|,|fsqz|,|fsql|)",9.850735316720973e-14,1e-13,0.9850735316720972,2365.0,0,wout_input.nc
SPECTRE/utils/vmec2spectre/qabeta_curr,vmex,converged,"max(|fsqr|,|fsqz|,|fsql|)",9.873381614264577e-14,1e-13,0.9873381614264577,2364.0,0,wout_qabeta_curr.nc
SPECTRE/wrapper/cyl_manyvol_test,spectre,converged,least-squares optimality,3.2430862623277783e-06,,,23.0,3,cyl_manyvol_test_res.json
SPECTRE/wrapper/qa_7vol_test,spectre,converged,least-squares optimality,1.3905258122060005e-05,,,22.0,2,qa_7vol_test_res.json
SPECTRE/wrapper/test_freeb_w7x,spectre,converged,least-squares optimality,19.390695459150475,,,77.0,3,test_freeb_w7x_res.json
SPECTRE/wrapper/test_lconsmin2_w7x,spectre,converged,least-squares optimality,0.0,,,1.0,1,test_lconsmin2_w7x_res.json
SPEC/ci/G1V03L0Fi/G1V03L0Fi,spec,converged,ForceErr,1.676355028755702e-19,1e-12,1.676355028755702e-07,5.0,finished,G1V03L0Fi.sp.h5
SPEC/ci/G1V03L3Fi/G1V03L3Fi,spec,converged,ForceErr,1.1863919737654448e-17,1e-12,1.1863919737654448e-05,2.0,finished,G1V03L3Fi.sp.h5
SPEC/ci/G2V32L1Fi_FG/G2V32L1Fi.001,spec,not_converged,ForceErr,2.224877833541585e-11,1e-12,22.248778335415853,12.0,finished,G2V32L1Fi.001.sp.h5
SPEC/ci/G2V32L1Fi/G2V32L1Fi.001,spec,not_converged,ForceErr,2.2249111092029577e-11,1e-12,22.249111092029576,12.0,finished,G2V32L1Fi.001.sp.h5
SPEC/ci/G3V08L3Fi/G3V08L3Fi.001,spec,converged,ForceErr,7.867537446486999e-14,1e-12,0.07867537446486998,24.0,finished,G3V08L3Fi.001.sp.h5
SPEC/ci/G3V08L3FrGrid/G3V08L3FrGrid.001,spec,converged,ForceErr,5.315786142157269e-16,1e-13,0.005315786142157269,255.0,finished,G3V08L3FrGrid.001.sp.h5
SPEC/ci/G3V08L3Fr_FG/G3V08L3Fr.001,spec,not_converged,ForceErr,0.00036193524105636164,1e-12,361935241.0563616,0.0,finished,G3V08L3Fr.001.sp.h5
SPEC/ci/G3V08L3Fr/G3V08L3Fr.001,spec,converged,ForceErr,3.1106690537622784e-16,1e-13,0.0031106690537622784,268.0,finished,G3V08L3Fr.001.sp.h5
SPEC/ci/toroidal_freeboundary_vacuum/G3V02L0Fr,spec,converged,ForceErr,1.7026879429524493e-14,1e-12,0.017026879429524494,10.0,finished,G3V02L0Fr.sp.h5
SPEC/ci/toroidal_freeboundary_vacuum/G3V02L0Fr_LU,spec,converged,ForceErr,7.767144977918338e-14,1e-12,0.07767144977918339,8.0,finished,G3V02L0Fr_LU.sp.h5
VMEC2000/python/tests/LandremanSenguptaPlunk_section5p3_low_res,desc,converged,maximum normalized force error,0.00143,,,6.0,success,desc.log
VMEC2000/python/tests/LandremanSenguptaPlunk_section5p3_low_res,educational_vmec,not_converged,"max(|fsqr|,|fsqz|,|fsql|)",12.867530925180628,1e-11,1286753092518.0627,74.0,4,wout_vmec.nc
VMEC2000/python/tests/LandremanSenguptaPlunk_section5p3_low_res,gvec,not_converged,|force|,6.83e-07,1e-07,6.83,10000.0,finished,gvec.log
VMEC2000/python/tests/LandremanSenguptaPlunk_section5p3_low_res,jvmec,converged,"max(|fsqr|,|fsqz|,|fsql|)",8.836751363126194e-12,1e-11,0.8836751363126194,0.0,0,wout_input_cleaned.nc
VMEC2000/python/tests/LandremanSenguptaPlunk_section5p3_low_res,spectre,converged,least-squares optimality,1.5731671501215908e-07,,,103.0,3,spectre_input_res.json
VMEC2000/python/tests/LandremanSenguptaPlunk_section5p3_low_res,vmec2000,converged,"max(|fsqr|,|fsqz|,|fsql|)",9.832659111700402e-12,1e-11,0.9832659111700403,635.0,0,wout_LandremanSenguptaPlunk_section5p3_low_res.nc
VMEC2000/python/tests/LandremanSenguptaPlunk_section5p3_low_res,vmex,converged,"max(|fsqr|,|fsqz|,|fsql|)",9.687521669586611e-12,1e-11,0.9687521669586612,587.0,0,wout_LandremanSenguptaPlunk_section5p3_low_res.nc
VMEC2000/python/tests/circular_tokamak,desc,converged,maximum normalized force error,3.748e-05,,,14.0,success,desc.log
VMEC2000/python/tests/circular_tokamak,educational_vmec,converged,"max(|fsqr|,|fsqz|,|fsql|)",9.504411022551767e-21,1e-20,0.9504411022551768,643.0,0,wout_vmec.nc
VMEC2000/python/tests/circular_tokamak,gvec,converged,|force|,1e-07,1e-07,1.0,10000.0,finished,gvec.log
VMEC2000/python/tests/circular_tokamak,jvmec,converged,"max(|fsqr|,|fsqz|,|fsql|)",9.46413980042412e-21,1e-20,0.946413980042412,0.0,0,wout_input_cleaned.nc
VMEC2000/python/tests/circular_tokamak,parvmec,converged,"max(|fsqr|,|fsqz|,|fsql|)",9.46948330295259e-21,1e-20,0.946948330295259,643.0,0,wout_circular_tokamak.nc
VMEC2000/python/tests/circular_tokamak,spectre,converged,least-squares optimality,1.451178623759762e-10,,,138.0,2,spectre_input_res.json
VMEC2000/python/tests/circular_tokamak,vmec2000,converged,"max(|fsqr|,|fsqz|,|fsql|)",9.46948330295259e-21,1e-20,0.946948330295259,643.0,0,wout_circular_tokamak.nc
VMEC2000/python/tests/circular_tokamak,vmecpp,converged,"max(|fsqr|,|fsqz|,|fsql|)",9.497293587305675e-21,1e-20,0.9497293587305675,643.0,0,wout_input.nc
VMEC2000/python/tests/circular_tokamak,vmex,converged,"max(|fsqr|,|fsqz|,|fsql|)",9.513133966151426e-21,1e-20,0.9513133966151427,642.0,0,wout_circular_tokamak.nc
VMEC2000/python/tests/li383_low_res,desc,converged,maximum normalized force error,0.05881,,,2.0,success,desc.log
VMEC2000/python/tests/li383_low_res,educational_vmec,converged,"max(|fsqr|,|fsqz|,|fsql|)",8.799052875613213e-07,1e-06,0.8799052875613214,124.0,0,wout_vmec.nc
VMEC2000/python/tests/li383_low_res,parvmec,converged,"max(|fsqr|,|fsqz|,|fsql|)",8.808948803507126e-07,1e-06,0.8808948803507126,124.0,0,wout_li383_low_res.nc
VMEC2000/python/tests/li383_low_res,vmec2000,converged,"max(|fsqr|,|fsqz|,|fsql|)",8.808948809577589e-07,1e-06,0.8808948809577589,124.0,0,wout_li383_low_res.nc
VMEC2000/python/tests/li383_low_res,vmecpp,converged,"max(|fsqr|,|fsqz|,|fsql|)",8.799052880064931e-07,1e-06,0.8799052880064931,124.0,0,wout_input.nc
VMEC2000/python/tests/li383_low_res,vmex,converged,"max(|fsqr|,|fsqz|,|fsql|)",8.808948803857552e-07,1e-06,0.8808948803857553,123.0,0,wout_li383_low_res.nc
VMEC2000/python/tests/up_down_asymmetric_tokamak,desc,converged,maximum normalized force error,0.000204,,,14.0,success,desc.log
VMEC2000/python/tests/up_down_asymmetric_tokamak,educational_vmec,converged,"max(|fsqr|,|fsqz|,|fsql|)",9.736039444554676e-12,1e-11,0.9736039444554677,1215.0,0,wout_vmec.nc
VMEC2000/python/tests/up_down_asymmetric_tokamak,gvec,not_converged,|force|,4.14e-07,1e-07,4.14,10000.0,finished,gvec.log
VMEC2000/python/tests/up_down_asymmetric_tokamak,jvmec,converged,"max(|fsqr|,|fsqz|,|fsql|)",9.73280886822342e-12,1e-11,0.973280886822342,0.0,0,wout_input_cleaned.nc
VMEC2000/python/tests/up_down_asymmetric_tokamak,parvmec,converged,"max(|fsqr|,|fsqz|,|fsql|)",9.732803561988538e-12,1e-11,0.9732803561988539,1215.0,0,wout_up_down_asymmetric_tokamak.nc
VMEC2000/python/tests/up_down_asymmetric_tokamak,spectre,converged,least-squares optimality,2.166860215766213e-17,,,4.0,1,spectre_input_res.json
VMEC2000/python/tests/up_down_asymmetric_tokamak,vmec2000,converged,"max(|fsqr|,|fsqz|,|fsql|)",9.857607687280278e-12,1e-11,0.9857607687280279,1534.0,0,wout_up_down_asymmetric_tokamak.nc
VMEC2000/python/tests/up_down_asymmetric_tokamak,vmecpp,not_converged,"max(|fsqr|,|fsqz|,|fsql|)",1.0,1e-11,100000000000.0,1.0,1,wout_input.nc
VMEC2000/python/tests/up_down_asymmetric_tokamak,vmex,converged,"max(|fsqr|,|fsqz|,|fsql|)",9.732803993307323e-12,1e-11,0.9732803993307324,1214.0,0,wout_up_down_asymmetric_tokamak.nc
VMEX/data/DIII-D_lasym_false,desc,converged,maximum normalized force error,0.001225,,,5.0,success,desc.log
VMEX/data/DSHAPE,desc,converged,maximum normalized force error,4.412e-05,,,6.0,success,desc.log
VMEX/data/DSHAPE,educational_vmec,converged,"max(|fsqr|,|fsqz|,|fsql|)",9.95363242785639e-13,1e-12,0.995363242785639,871.0,0,wout_vmec.nc
VMEX/data/DSHAPE,gvec,not_converged,|force|,1.49e-07,1e-07,1.49,10000.0,finished,gvec.log
VMEX/data/DSHAPE,jvmec,converged,"max(|fsqr|,|fsqz|,|fsql|)",9.953673303095131e-13,1e-12,0.9953673303095132,0.0,0,wout_input_cleaned.nc
VMEX/data/DSHAPE,parvmec,converged,"max(|fsqr|,|fsqz|,|fsql|)",9.961384269477566e-13,1e-12,0.9961384269477567,909.0,0,wout_DSHAPE.nc
VMEX/data/DSHAPE,spectre,converged,least-squares optimality,1.1133982720282611,,,82.0,3,spectre_input_res.json
VMEX/data/DSHAPE,vmec2000,converged,"max(|fsqr|,|fsqz|,|fsql|)",9.961384269477566e-13,1e-12,0.9961384269477567,909.0,0,wout_DSHAPE.nc
VMEX/data/DSHAPE,vmecpp,converged,"max(|fsqr|,|fsqz|,|fsql|)",9.850185502568228e-13,1e-12,0.9850185502568228,923.0,0,wout_input.nc
VMEX/data/DSHAPE,vmex,converged,"max(|fsqr|,|fsqz|,|fsql|)",9.9614588746606e-13,1e-12,0.9961458874660599,908.0,0,wout_DSHAPE.nc
VMEX/data/ITERModel,desc,converged,maximum normalized force error,6.728e-06,,,38.0,success,desc.log
VMEX/data/ITERModel,educational_vmec,converged,"max(|fsqr|,|fsqz|,|fsql|)",8.353018645434513e-15,1e-14,0.8353018645434513,418.0,0,wout_vmec.nc
VMEX/data/ITERModel,gvec,converged,|force|,9.99e-08,1e-07,0.9990000000000001,10000.0,finished,gvec.log
VMEX/data/ITERModel,jvmec,converged,"max(|fsqr|,|fsqz|,|fsql|)",8.35319834370413e-15,1e-14,0.835319834370413,0.0,0,wout_input_cleaned.nc
VMEX/data/ITERModel,parvmec,converged,"max(|fsqr|,|fsqz|,|fsql|)",8.353238087132026e-15,1e-14,0.8353238087132027,418.0,0,wout_ITERModel.nc
VMEX/data/ITERModel,vmec2000,converged,"max(|fsqr|,|fsqz|,|fsql|)",8.353238087132026e-15,1e-14,0.8353238087132027,418.0,0,wout_ITERModel.nc
VMEX/data/ITERModel,vmecpp,converged,"max(|fsqr|,|fsqz|,|fsql|)",8.353303335711557e-15,1e-14,0.8353303335711557,418.0,0,wout_input.nc
VMEX/data/ITERModel,vmex,converged,"max(|fsqr|,|fsqz|,|fsql|)",8.353173972934941e-15,1e-14,0.8353173972934941,417.0,0,wout_ITERModel.nc
VMEX/data/LandremanPaul2021_QA_beta0p5_bootstrap,desc,converged,maximum normalized force error,0.0006315,,,6.0,success,desc.log
VMEX/data/LandremanPaul2021_QA_beta0p5_bootstrap,parvmec,converged,"max(|fsqr|,|fsqz|,|fsql|)",9.93996990395086e-12,1e-11,0.9939969903950862,701.0,0,wout_LandremanPaul2021_QA_beta0p5_bootstrap.nc
VMEX/data/LandremanPaul2021_QA_beta0p5_bootstrap,vmec2000,converged,"max(|fsqr|,|fsqz|,|fsql|)",9.939967626663475e-12,1e-11,0.9939967626663475,701.0,0,wout_LandremanPaul2021_QA_beta0p5_bootstrap.nc
VMEX/data/LandremanPaul2021_QA_beta0p5_bootstrap,vmecpp,converged,"max(|fsqr|,|fsqz|,|fsql|)",9.943760599561088e-12,1e-11,0.9943760599561089,701.0,0,wout_input.nc
VMEX/data/LandremanPaul2021_QA_beta0p5_bootstrap,vmex,converged,"max(|fsqr|,|fsqz|,|fsql|)",9.939967761482636e-12,1e-11,0.9939967761482636,700.0,0,wout_LandremanPaul2021_QA_beta0p5_bootstrap.nc
VMEX/data/LandremanPaul2021_QA_beta2p5_bootstrap,desc,converged,maximum normalized force error,0.001895,,,5.0,success,desc.log
VMEX/data/LandremanPaul2021_QA_beta2p5_bootstrap,parvmec,converged,"max(|fsqr|,|fsqz|,|fsql|)",9.97640974174678e-12,1e-11,0.9976409741746781,726.0,0,wout_LandremanPaul2021_QA_beta2p5_bootstrap.nc
VMEX/data/LandremanPaul2021_QA_beta2p5_bootstrap,vmec2000,converged,"max(|fsqr|,|fsqz|,|fsql|)",9.976406195471414e-12,1e-11,0.9976406195471416,726.0,0,wout_LandremanPaul2021_QA_beta2p5_bootstrap.nc
VMEX/data/LandremanPaul2021_QA_beta2p5_bootstrap,vmecpp,converged,"max(|fsqr|,|fsqz|,|fsql|)",9.78961854930119e-12,1e-11,0.978961854930119,767.0,0,wout_input.nc
VMEX/data/LandremanPaul2021_QA_beta2p5_bootstrap,vmex,converged,"max(|fsqr|,|fsqz|,|fsql|)",9.97635820473044e-12,1e-11,0.997635820473044,725.0,0,wout_LandremanPaul2021_QA_beta2p5_bootstrap.nc
VMEX/data/LandremanPaul2021_QA_lowres,desc,converged,maximum normalized force error,3.433e-05,,,6.0,success,desc.log
VMEX/data/LandremanPaul2021_QA_lowres,educational_vmec,not_converged,"max(|fsqr|,|fsqz|,|fsql|)",1.5827148019275301e-12,1e-13,15.8271480192753,1001.0,0,wout_vmec.nc
VMEX/data/LandremanPaul2021_QA_lowres,gvec,not_converged,|force|,2.17e-07,1e-07,2.17,10000.0,finished,gvec.log
VMEX/data/LandremanPaul2021_QA_lowres,parvmec,not_converged,"max(|fsqr|,|fsqz|,|fsql|)",2.629958364747952e-13,1e-13,2.629958364747952,1001.0,0,wout_LandremanPaul2021_QA_lowres.nc
VMEX/data/LandremanPaul2021_QA_lowres,vmec2000,not_converged,"max(|fsqr|,|fsqz|,|fsql|)",2.6301397951319035e-13,1e-13,2.630139795131903,1001.0,0,wout_LandremanPaul2021_QA_lowres.nc
VMEX/data/LandremanPaul2021_QA_lowres,vmecpp,not_converged,"max(|fsqr|,|fsqz|,|fsql|)",1.8301520066354786e-13,1e-13,1.8301520066354786,999.0,0,wout_input.nc
VMEX/data/LandremanPaul2021_QA_lowres1,desc,converged,maximum normalized force error,0.0006258,,,8.0,success,desc.log
VMEX/data/LandremanPaul2021_QA_lowres1,educational_vmec,not_converged,"max(|fsqr|,|fsqz|,|fsql|)",5.778905273191168e-12,1e-13,57.78905273191168,1001.0,0,wout_vmec.nc
VMEX/data/LandremanPaul2021_QA_lowres1,gvec,not_converged,|force|,2.48e-07,1e-07,2.48,10000.0,finished,gvec.log
VMEX/data/LandremanPaul2021_QA_lowres1,parvmec,converged,"max(|fsqr|,|fsqz|,|fsql|)",9.957592284346281e-14,1e-13,0.995759228434628,824.0,0,wout_LandremanPaul2021_QA_lowres1.nc
VMEX/data/LandremanPaul2021_QA_lowres1,vmec2000,converged,"max(|fsqr|,|fsqz|,|fsql|)",9.957612137227943e-14,1e-13,0.9957612137227942,824.0,0,wout_LandremanPaul2021_QA_lowres1.nc
VMEX/data/LandremanPaul2021_QA_lowres1,vmecpp,converged,"max(|fsqr|,|fsqz|,|fsql|)",9.947059760778516e-14,1e-13,0.9947059760778516,864.0,0,wout_input.nc
VMEX/data/LandremanPaul2021_QA_lowres1,vmex,converged,"max(|fsqr|,|fsqz|,|fsql|)",9.957547999572205e-14,1e-13,0.9957547999572205,823.0,0,wout_LandremanPaul2021_QA_lowres1.nc
VMEX/data/LandremanPaul2021_QA_reactorScale_lowres,desc,converged,maximum normalized force error,3.562e-05,,,6.0,success,desc.log
VMEX/data/LandremanPaul2021_QA_reactorScale_lowres,educational_vmec,converged,"max(|fsqr|,|fsqz|,|fsql|)",9.977831595457731e-16,1e-15,0.997783159545773,2153.0,0,wout_vmec.nc
VMEX/data/LandremanPaul2021_QA_reactorScale_lowres,jvmec,converged,"max(|fsqr|,|fsqz|,|fsql|)",9.977260776483144e-16,1e-15,0.9977260776483143,0.0,0,wout_input_cleaned.nc
VMEX/data/LandremanPaul2021_QA_reactorScale_lowres,vmec2000,converged,"max(|fsqr|,|fsqz|,|fsql|)",9.945697018152273e-16,1e-15,0.9945697018152272,2048.0,0,wout_LandremanPaul2021_QA_reactorScale_lowres.nc
VMEX/data/LandremanPaul2021_QA_reactorScale_lowres,vmex,converged,"max(|fsqr|,|fsqz|,|fsql|)",9.94568507427425e-16,1e-15,0.9945685074274249,2047.0,0,wout_LandremanPaul2021_QA_reactorScale_lowres.nc
VMEX/data/LandremanPaul2021_QH_reactorScale_lowres,desc,converged,maximum normalized force error,0.0001521,,,12.0,success,desc.log
VMEX/data/LandremanPaul2021_QH_reactorScale_lowres,educational_vmec,converged,"max(|fsqr|,|fsqz|,|fsql|)",9.940479093208444e-16,1e-15,0.9940479093208443,2839.0,0,wout_vmec.nc
VMEX/data/LandremanPaul2021_QH_reactorScale_lowres,jvmec,converged,"max(|fsqr|,|fsqz|,|fsql|)",9.948004141940258e-16,1e-15,0.9948004141940257,0.0,0,wout_input_cleaned.nc
VMEX/data/LandremanPaul2021_QH_reactorScale_lowres,vmec2000,converged,"max(|fsqr|,|fsqz|,|fsql|)",9.997999784923488e-16,1e-15,0.9997999784923487,2409.0,0,wout_LandremanPaul2021_QH_reactorScale_lowres.nc
VMEX/data/LandremanPaul2021_QH_reactorScale_lowres,vmex,converged,"max(|fsqr|,|fsqz|,|fsql|)",9.998501297500493e-16,1e-15,0.9998501297500492,2408.0,0,wout_LandremanPaul2021_QH_reactorScale_lowres.nc
VMEX/data/LandremanSengupta2019_section5.4_B2_A80,desc,converged,maximum normalized force error,3.721e-09,,,2.0,success,desc.log
VMEX/data/LandremanSengupta2019_section5.4_B2_A80,educational_vmec,converged,"max(|fsqr|,|fsqz|,|fsql|)",8.760267028640967e-15,1e-14,0.8760267028640968,149.0,0,wout_vmec.nc
VMEX/data/LandremanSengupta2019_section5.4_B2_A80,gvec,converged,|force|,9.76e-08,1e-07,0.9760000000000001,10000.0,finished,gvec.log
VMEX/data/LandremanSengupta2019_section5.4_B2_A80,jvmec,converged,"max(|fsqr|,|fsqz|,|fsql|)",8.761631372488145e-15,1e-14,0.8761631372488144,0.0,0,wout_input_cleaned.nc
VMEX/data/LandremanSengupta2019_section5.4_B2_A80,spectre,converged,least-squares optimality,4.928595472707277e-16,,,1.0,1,spectre_input_res.json
VMEX/data/LandremanSengupta2019_section5.4_B2_A80,vmec2000,converged,"max(|fsqr|,|fsqz|,|fsql|)",9.961088557428835e-15,1e-14,0.9961088557428834,145.0,0,wout_LandremanSengupta2019_section5.4_B2_A80.nc
VMEX/data/LandremanSengupta2019_section5.4_B2_A80,vmex,converged,"max(|fsqr|,|fsqz|,|fsql|)",9.96040638178123e-15,1e-14,0.9960406381781229,144.0,0,wout_LandremanSengupta2019_section5.4_B2_A80.nc
VMEX/data/LandremanSenguptaPlunk_section5p3_low_res,desc,not_converged,maximum normalized force error,1.177e-07,,,11.0,failure,desc.log
VMEX/data/LandremanSenguptaPlunk_section5p3_low_res,educational_vmec,converged,"max(|fsqr|,|fsqz|,|fsql|)",9.964098496288859e-15,1e-14,0.9964098496288859,723.0,0,wout_vmec.nc
VMEX/data/LandremanSenguptaPlunk_section5p3_low_res,gvec,converged,|force|,9.44e-08,1e-07,0.9440000000000001,10000.0,finished,gvec.log
VMEX/data/LandremanSenguptaPlunk_section5p3_low_res,jvmec,converged,"max(|fsqr|,|fsqz|,|fsql|)",9.96414100465048e-15,1e-14,0.996414100465048,0.0,0,wout_input_cleaned.nc
VMEX/data/LandremanSenguptaPlunk_section5p3_low_res,spectre,converged,least-squares optimality,1.1178809460291917e-20,,,4.0,1,spectre_input_res.json
VMEX/data/LandremanSenguptaPlunk_section5p3_low_res,vmec2000,converged,"max(|fsqr|,|fsqz|,|fsql|)",9.901877753511641e-15,1e-14,0.9901877753511641,765.0,0,wout_LandremanSenguptaPlunk_section5p3_low_res.nc
VMEX/data/NuhrenbergZille_1988_QHS,desc,converged,maximum normalized force error,0.0009773,,,11.0,success,desc.log
VMEX/data/NuhrenbergZille_1988_QHS,educational_vmec,converged,"max(|fsqr|,|fsqz|,|fsql|)",9.996886873432473e-13,1e-12,0.9996886873432472,5771.0,0,wout_vmec.nc
VMEX/data/NuhrenbergZille_1988_QHS,gvec,not_converged,|force|,4.14e-07,1e-07,4.14,10000.0,finished,gvec.log
VMEX/data/NuhrenbergZille_1988_QHS,parvmec,converged,"max(|fsqr|,|fsqz|,|fsql|)",9.9849876859072e-13,1e-12,0.9984987685907201,2830.0,0,wout_NuhrenbergZille_1988_QHS.nc
VMEX/data/NuhrenbergZille_1988_QHS,vmec2000,converged,"max(|fsqr|,|fsqz|,|fsql|)",9.985328897926985e-13,1e-12,0.9985328897926985,2830.0,0,wout_NuhrenbergZille_1988_QHS.nc
VMEX/data/NuhrenbergZille_1988_QHS,vmecpp,converged,"max(|fsqr|,|fsqz|,|fsql|)",9.983417580815745e-13,1e-12,0.9983417580815745,3183.0,0,wout_input.nc
VMEX/data/NuhrenbergZille_1988_QHS,vmex,converged,"max(|fsqr|,|fsqz|,|fsql|)",9.985088011673135e-13,1e-12,0.9985088011673134,2829.0,0,wout_NuhrenbergZille_1988_QHS.nc
VMEX/data/QI_nfp2_initial,desc,converged,maximum normalized force error,0.003884,,,27.0,success,desc.log
VMEX/data/QI_nfp2_initial,educational_vmec,converged,"max(|fsqr|,|fsqz|,|fsql|)",9.940794174910248e-16,1e-15,0.9940794174910247,2232.0,0,wout_vmec.nc
VMEX/data/QI_nfp2_initial,gvec,not_converged,|force|,4.84e-06,1e-06,4.840000000000001,10000.0,finished,gvec.log
VMEX/data/QI_nfp2_initial,jvmec,converged,"max(|fsqr|,|fsqz|,|fsql|)",9.939852215813185e-16,1e-15,0.9939852215813184,0.0,0,wout_input_cleaned.nc
VMEX/data/QI_nfp2_initial,parvmec,converged,"max(|fsqr|,|fsqz|,|fsql|)",9.93897747183964e-16,1e-15,0.993897747183964,2232.0,0,wout_QI_nfp2_initial.nc
VMEX/data/QI_nfp2_initial,vmec2000,converged,"max(|fsqr|,|fsqz|,|fsql|)",9.93831453646612e-16,1e-15,0.993831453646612,2232.0,0,wout_QI_nfp2_initial.nc
VMEX/data/QI_nfp2_initial,vmecpp,converged,"max(|fsqr|,|fsqz|,|fsql|)",9.945009524367548e-16,1e-15,0.9945009524367547,2232.0,0,wout_input.nc
VMEX/data/QI_nfp2_initial,vmex,converged,"max(|fsqr|,|fsqz|,|fsql|)",9.951971276145024e-16,1e-15,0.9951971276145023,2231.0,0,wout_QI_nfp2_initial.nc
VMEX/data/QI_stel_seed_3127,desc,converged,maximum normalized force error,0.002403,,,8.0,success,desc.log
VMEX/data/QI_stel_seed_3127,educational_vmec,converged,"max(|fsqr|,|fsqz|,|fsql|)",9.964210993692317e-14,1e-13,0.9964210993692316,1416.0,0,wout_vmec.nc
VMEX/data/QI_stel_seed_3127,gvec,not_converged,|force|,1.41e-06,1e-06,1.4100000000000001,10000.0,finished,gvec.log
VMEX/data/QI_stel_seed_3127,jvmec,converged,"max(|fsqr|,|fsqz|,|fsql|)",9.991950001263207e-14,1e-13,0.9991950001263207,0.0,0,wout_input_cleaned.nc
VMEX/data/QI_stel_seed_3127,parvmec,converged,"max(|fsqr|,|fsqz|,|fsql|)",9.967028926466517e-14,1e-13,0.9967028926466517,1416.0,0,wout_QI_stel_seed_3127.nc
VMEX/data/QI_stel_seed_3127,vmec2000,converged,"max(|fsqr|,|fsqz|,|fsql|)",9.967061133249843e-14,1e-13,0.9967061133249843,1416.0,0,wout_QI_stel_seed_3127.nc
VMEX/data/QI_stel_seed_3127,vmecpp,converged,"max(|fsqr|,|fsqz|,|fsql|)",9.964132116692816e-14,1e-13,0.9964132116692815,1416.0,0,wout_input.nc
VMEX/data/QI_stel_seed_3127,vmex,converged,"max(|fsqr|,|fsqz|,|fsql|)",9.967115444249062e-14,1e-13,0.9967115444249062,1415.0,0,wout_QI_stel_seed_3127.nc
VMEX/data/basic_non_stellsym_pressure,desc,converged,maximum normalized force error,0.02672,,,1.0,success,desc.log
VMEX/data/basic_non_stellsym_pressure,educational_vmec,unavailable,,,,,,,
VMEX/data/basic_non_stellsym_pressure,gvec,not_converged,|force|,1.16e-05,1e-05,1.16,10000.0,finished,gvec.log
VMEX/data/basic_non_stellsym_pressure,parvmec,converged,"max(|fsqr|,|fsqz|,|fsql|)",9.905498224115053e-11,1e-10,0.9905498224115052,446.0,0,wout_basic_non_stellsym_pressure.nc
VMEX/data/basic_non_stellsym_pressure,vmec2000,not_converged,"max(|fsqr|,|fsqz|,|fsql|)",0.003934722557605735,1e-10,39347225.576057345,2.0,12,wout_basic_non_stellsym_pressure.nc
VMEX/data/basic_non_stellsym_pressure,vmecpp,not_converged,"max(|fsqr|,|fsqz|,|fsql|)",1.0,1e-06,1000000.0,1.0,1,wout_input.nc
VMEX/data/basic_non_stellsym_pressure,vmex,converged,"max(|fsqr|,|fsqz|,|fsql|)",9.976645898837834e-11,1e-10,0.9976645898837834,445.0,0,wout_basic_non_stellsym_pressure.nc
VMEX/data/basic_non_stellsym_simsopt,desc,converged,maximum normalized force error,0.02035,,,2.0,success,desc.log
VMEX/data/basic_non_stellsym_simsopt,educational_vmec,not_converged,"max(|fsqr|,|fsqz|,|fsql|)",30740.090210274673,1e-10,307400902102746.75,1.0,1,wout_vmec.nc
VMEX/data/basic_non_stellsym_simsopt,jvmec,converged,"max(|fsqr|,|fsqz|,|fsql|)",9.846387984149386e-11,1e-10,0.9846387984149385,0.0,0,wout_input_cleaned.nc
VMEX/data/basic_non_stellsym_simsopt,parvmec,converged,"max(|fsqr|,|fsqz|,|fsql|)",9.586018525054547e-11,1e-10,0.9586018525054547,331.0,0,wout_basic_non_stellsym_simsopt.nc
VMEX/data/basic_non_stellsym_simsopt,spectre,converged,least-squares optimality,3.3668575185822647,,,54.0,2,spectre_input_res.json
VMEX/data/basic_non_stellsym_simsopt,vmec2000,converged,"max(|fsqr|,|fsqz|,|fsql|)",8.564375320886921e-11,1e-10,0.856437532088692,247.0,0,wout_basic_non_stellsym_simsopt.nc
VMEX/data/basic_non_stellsym_simsopt,vmecpp,not_converged,"max(|fsqr|,|fsqz|,|fsql|)",1.0,1e-06,1000000.0,1.0,1,wout_input.nc
VMEX/data/basic_non_stellsym_simsopt,vmex,converged,"max(|fsqr|,|fsqz|,|fsql|)",9.287254440013042e-11,1e-10,0.9287254440013041,345.0,0,wout_basic_non_stellsym_simsopt.nc
VMEX/data/circular_tokamak,desc,converged,maximum normalized force error,3.748e-05,,,14.0,success,desc.log
VMEX/data/circular_tokamak,educational_vmec,converged,"max(|fsqr|,|fsqz|,|fsql|)",8.722019051659393e-15,1e-14,0.8722019051659393,369.0,0,wout_vmec.nc
VMEX/data/circular_tokamak,gvec,converged,|force|,1e-07,1e-07,1.0,10000.0,finished,gvec.log
VMEX/data/circular_tokamak,jvmec,converged,"max(|fsqr|,|fsqz|,|fsql|)",8.722022837272434e-15,1e-14,0.8722022837272434,0.0,0,wout_input_cleaned.nc
VMEX/data/circular_tokamak,parvmec,converged,"max(|fsqr|,|fsqz|,|fsql|)",8.72203525008877e-15,1e-14,0.872203525008877,369.0,0,wout_circular_tokamak.nc
VMEX/data/circular_tokamak,spectre,converged,least-squares optimality,1.451178623759762e-10,,,138.0,2,spectre_input_res.json
VMEX/data/circular_tokamak,vmec2000,converged,"max(|fsqr|,|fsqz|,|fsql|)",8.72203525008877e-15,1e-14,0.872203525008877,369.0,0,wout_circular_tokamak.nc
VMEX/data/circular_tokamak,vmecpp,converged,"max(|fsqr|,|fsqz|,|fsql|)",8.722014018075766e-15,1e-14,0.8722014018075767,369.0,0,wout_input.nc
VMEX/data/circular_tokamak,vmex,converged,"max(|fsqr|,|fsqz|,|fsql|)",8.722047859791383e-15,1e-14,0.8722047859791383,368.0,0,wout_circular_tokamak.nc
VMEX/data/circular_tokamak_aspect_100,desc,not_converged,maximum normalized force error,1.92e-09,,,0.0,failure,desc.log
VMEX/data/circular_tokamak_aspect_100,educational_vmec,converged,"max(|fsqr|,|fsqz|,|fsql|)",8.499051960811661e-15,1e-14,0.8499051960811661,147.0,0,wout_vmec.nc
VMEX/data/circular_tokamak_aspect_100,gvec,converged,|force|,8.3e-08,1e-07,0.8300000000000001,10000.0,finished,gvec.log
VMEX/data/circular_tokamak_aspect_100,jvmec,converged,"max(|fsqr|,|fsqz|,|fsql|)",8.498041491051551e-15,1e-14,0.8498041491051551,0.0,0,wout_input_cleaned.nc
VMEX/data/circular_tokamak_aspect_100,parvmec,converged,"max(|fsqr|,|fsqz|,|fsql|)",9.652316828439721e-15,1e-14,0.9652316828439721,862.0,0,wout_circular_tokamak_aspect_100.nc
VMEX/data/circular_tokamak_aspect_100,spectre,converged,least-squares optimality,1.1721374489540185e-14,,,1.0,1,spectre_input_res.json
VMEX/data/circular_tokamak_aspect_100,vmec2000,converged,"max(|fsqr|,|fsqz|,|fsql|)",9.652316828439721e-15,1e-14,0.9652316828439721,862.0,0,wout_circular_tokamak_aspect_100.nc
VMEX/data/circular_tokamak_aspect_100,vmecpp,converged,"max(|fsqr|,|fsqz|,|fsql|)",9.909756455646629e-15,1e-14,0.9909756455646629,3189.0,0,wout_input.nc
VMEX/data/circular_tokamak_aspect_100,vmex,converged,"max(|fsqr|,|fsqz|,|fsql|)",9.729370851792396e-15,1e-14,0.9729370851792396,861.0,0,wout_circular_tokamak_aspect_100.nc
VMEX/data/cth_like_fixed_bdy,desc,converged,maximum normalized force error,0.0004286,,,3.0,success,desc.log
VMEX/data/cth_like_fixed_bdy,educational_vmec,converged,"max(|fsqr|,|fsqz|,|fsql|)",9.86787130374882e-15,1e-14,0.986787130374882,485.0,0,wout_vmec.nc
VMEX/data/cth_like_fixed_bdy,jvmec,converged,"max(|fsqr|,|fsqz|,|fsql|)",9.867879905285278e-15,1e-14,0.9867879905285278,0.0,0,wout_input_cleaned.nc
VMEX/data/cth_like_fixed_bdy,parvmec,converged,"max(|fsqr|,|fsqz|,|fsql|)",9.941020300131376e-15,1e-14,0.9941020300131376,435.0,0,wout_cth_like_fixed_bdy.nc
VMEX/data/cth_like_fixed_bdy,vmec2000,converged,"max(|fsqr|,|fsqz|,|fsql|)",9.94102953468288e-15,1e-14,0.9941029534682879,435.0,0,wout_cth_like_fixed_bdy.nc
VMEX/data/cth_like_fixed_bdy,vmecpp,not_converged,"max(|fsqr|,|fsqz|,|fsql|)",1.0,1e-14,100000000000000.0,1.0,1,wout_input.nc
VMEX/data/cth_like_fixed_bdy,vmex,converged,"max(|fsqr|,|fsqz|,|fsql|)",9.941017961422488e-15,1e-14,0.9941017961422488,434.0,0,wout_cth_like_fixed_bdy.nc
VMEX/data/cth_like_free_bdy,desc,converged,maximum normalized force error,0.002019,,,5.0,success,desc.log
VMEX/data/cth_like_free_bdy,educational_vmec,converged,"max(|fsqr|,|fsqz|,|fsql|)",9.994980465315928e-11,1e-10,0.9994980465315927,490.0,0,wout_vmec.nc
VMEX/data/cth_like_free_bdy,jvmec,converged,"max(|fsqr|,|fsqz|,|fsql|)",9.94899882782177e-11,1e-10,0.994899882782177,0.0,0,wout_input_cleaned.nc
VMEX/data/cth_like_free_bdy,parvmec,converged,"max(|fsqr|,|fsqz|,|fsql|)",9.933764505439455e-11,1e-10,0.9933764505439455,477.0,0,wout_cth_like_free_bdy.nc
VMEX/data/cth_like_free_bdy,vmec2000,converged,"max(|fsqr|,|fsqz|,|fsql|)",9.933765908097521e-11,1e-10,0.993376590809752,477.0,0,wout_cth_like_free_bdy.nc
VMEX/data/cth_like_free_bdy,vmecpp,converged,"max(|fsqr|,|fsqz|,|fsql|)",9.994980434969159e-11,1e-10,0.9994980434969158,490.0,0,wout_input.nc
VMEX/data/cth_like_free_bdy,vmex,converged,"max(|fsqr|,|fsqz|,|fsql|)",9.957801418094908e-11,1e-10,0.9957801418094907,573.0,0,wout_cth_like_free_bdy.nc
VMEX/data/cth_like_free_bdy_lasym_small,desc,converged,maximum normalized force error,0.002337,,,6.0,success,desc.log
VMEX/data/cth_like_free_bdy_lasym_small,educational_vmec,not_converged,"max(|fsqr|,|fsqz|,|fsql|)",0.10559301349065588,1e-10,1055930134.9065588,1001.0,0,wout_vmec.nc
VMEX/data/cth_like_free_bdy_lasym_small,parvmec,not_converged,"max(|fsqr|,|fsqz|,|fsql|)",0.12879126450922265,1e-10,1287912645.0922265,1001.0,0,wout_cth_like_free_bdy_lasym_small.nc
VMEX/data/cth_like_free_bdy_lasym_small,vmec2000,not_converged,"max(|fsqr|,|fsqz|,|fsql|)",0.004443110313976127,1e-10,44431103.13976127,1001.0,0,wout_cth_like_free_bdy_lasym_small.nc
VMEX/data/li383_low_res,desc,converged,maximum normalized force error,0.05881,,,2.0,success,desc.log
VMEX/data/li383_low_res,educational_vmec,converged,"max(|fsqr|,|fsqz|,|fsql|)",8.799052875613213e-07,1e-06,0.8799052875613214,124.0,0,wout_vmec.nc
VMEX/data/li383_low_res,parvmec,converged,"max(|fsqr|,|fsqz|,|fsql|)",8.808948803507126e-07,1e-06,0.8808948803507126,124.0,0,wout_li383_low_res.nc
VMEX/data/li383_low_res,vmec2000,converged,"max(|fsqr|,|fsqz|,|fsql|)",8.808948809577589e-07,1e-06,0.8808948809577589,124.0,0,wout_li383_low_res.nc
VMEX/data/li383_low_res,vmecpp,converged,"max(|fsqr|,|fsqz|,|fsql|)",8.799052880064931e-07,1e-06,0.8799052880064931,124.0,0,wout_input.nc
VMEX/data/li383_low_res,vmex,converged,"max(|fsqr|,|fsqz|,|fsql|)",8.808948803857552e-07,1e-06,0.8808948803857553,123.0,0,wout_li383_low_res.nc
VMEX/data/minimal_seed_nfp1,desc,not_converged,maximum normalized force error,1.788e-08,,,1.0,failure,desc.log
VMEX/data/minimal_seed_nfp1,educational_vmec,converged,"max(|fsqr|,|fsqz|,|fsql|)",9.647934841599897e-13,1e-12,0.9647934841599897,190.0,0,wout_vmec.nc
VMEX/data/minimal_seed_nfp1,gvec,converged,|force|,9.99e-08,1e-07,0.9990000000000001,10000.0,finished,gvec.log
VMEX/data/minimal_seed_nfp1,jvmec,converged,"max(|fsqr|,|fsqz|,|fsql|)",9.647938222404449e-13,1e-12,0.9647938222404449,0.0,0,wout_input_cleaned.nc
VMEX/data/minimal_seed_nfp1,parvmec,converged,"max(|fsqr|,|fsqz|,|fsql|)",9.647935337486792e-13,1e-12,0.9647935337486792,190.0,0,wout_minimal_seed_nfp1.nc
VMEX/data/minimal_seed_nfp1,vmec2000,converged,"max(|fsqr|,|fsqz|,|fsql|)",9.647932352939073e-13,1e-12,0.9647932352939074,190.0,0,wout_minimal_seed_nfp1.nc
VMEX/data/minimal_seed_nfp1,vmecpp,converged,"max(|fsqr|,|fsqz|,|fsql|)",9.647935462873315e-13,1e-12,0.9647935462873315,190.0,0,wout_input.nc
VMEX/data/minimal_seed_nfp1,vmex,converged,"max(|fsqr|,|fsqz|,|fsql|)",9.647935677955483e-13,1e-12,0.9647935677955483,189.0,0,wout_minimal_seed_nfp1.nc
VMEX/data/minimal_seed_nfp2,desc,not_converged,maximum normalized force error,1.931e-08,,,1.0,failure,desc.log
VMEX/data/minimal_seed_nfp2,educational_vmec,converged,"max(|fsqr|,|fsqz|,|fsql|)",8.710409213022508e-13,1e-12,0.8710409213022507,178.0,0,wout_vmec.nc
VMEX/data/minimal_seed_nfp2,gvec,converged,|force|,9.96e-08,1e-07,0.9960000000000001,10000.0,finished,gvec.log
VMEX/data/minimal_seed_nfp2,jvmec,converged,"max(|fsqr|,|fsqz|,|fsql|)",8.710408381686385e-13,1e-12,0.8710408381686385,0.0,0,wout_input_cleaned.nc
VMEX/data/minimal_seed_nfp2,parvmec,converged,"max(|fsqr|,|fsqz|,|fsql|)",8.710408191477265e-13,1e-12,0.8710408191477266,178.0,0,wout_minimal_seed_nfp2.nc
VMEX/data/minimal_seed_nfp2,vmec2000,converged,"max(|fsqr|,|fsqz|,|fsql|)",8.710409531921427e-13,1e-12,0.8710409531921427,178.0,0,wout_minimal_seed_nfp2.nc
VMEX/data/minimal_seed_nfp2,vmecpp,converged,"max(|fsqr|,|fsqz|,|fsql|)",8.710408184487232e-13,1e-12,0.8710408184487232,178.0,0,wout_input.nc
VMEX/data/minimal_seed_nfp2,vmex,converged,"max(|fsqr|,|fsqz|,|fsql|)",8.710408767508724e-13,1e-12,0.8710408767508724,177.0,0,wout_minimal_seed_nfp2.nc
VMEX/data/minimal_seed_nfp2_target_helicity,desc,not_converged,maximum normalized force error,2.19e-08,,,6.0,failure,desc.log
VMEX/data/minimal_seed_nfp2_target_helicity,educational_vmec,converged,"max(|fsqr|,|fsqz|,|fsql|)",9.984825339433902e-14,1e-13,0.9984825339433903,621.0,0,wout_vmec.nc
VMEX/data/minimal_seed_nfp2_target_helicity,gvec,converged,|force|,9.89e-08,1e-07,0.9890000000000001,10000.0,finished,gvec.log
VMEX/data/minimal_seed_nfp2_target_helicity,jvmec,converged,"max(|fsqr|,|fsqz|,|fsql|)",9.984825307753488e-14,1e-13,0.9984825307753488,0.0,0,wout_input_cleaned.nc
VMEX/data/minimal_seed_nfp2_target_helicity,parvmec,converged,"max(|fsqr|,|fsqz|,|fsql|)",9.984825564814264e-14,1e-13,0.9984825564814264,621.0,0,wout_minimal_seed_nfp2_target_helicity.nc
VMEX/data/minimal_seed_nfp2_target_helicity,vmec2000,converged,"max(|fsqr|,|fsqz|,|fsql|)",9.984825511840072e-14,1e-13,0.9984825511840072,621.0,0,wout_minimal_seed_nfp2_target_helicity.nc
VMEX/data/minimal_seed_nfp2_target_helicity,vmecpp,converged,"max(|fsqr|,|fsqz|,|fsql|)",9.98482549193728e-14,1e-13,0.998482549193728,621.0,0,wout_input.nc
VMEX/data/minimal_seed_nfp2_target_helicity,vmex,converged,"max(|fsqr|,|fsqz|,|fsql|)",9.984825055974621e-14,1e-13,0.9984825055974621,620.0,0,wout_minimal_seed_nfp2_target_helicity.nc
VMEX/data/minimal_seed_nfp3,desc,converged,maximum normalized force error,1.15e-06,,,1.0,success,desc.log
VMEX/data/minimal_seed_nfp3,educational_vmec,converged,"max(|fsqr|,|fsqz|,|fsql|)",9.991458854151407e-14,1e-13,0.9991458854151406,649.0,0,wout_vmec.nc
VMEX/data/minimal_seed_nfp3,gvec,converged,|force|,9.88e-08,1e-07,0.988,10000.0,finished,gvec.log
VMEX/data/minimal_seed_nfp3,jvmec,converged,"max(|fsqr|,|fsqz|,|fsql|)",9.991459611506482e-14,1e-13,0.9991459611506482,0.0,0,wout_input_cleaned.nc
VMEX/data/minimal_seed_nfp3,parvmec,converged,"max(|fsqr|,|fsqz|,|fsql|)",9.991459572162788e-14,1e-13,0.9991459572162787,649.0,0,wout_minimal_seed_nfp3.nc
VMEX/data/minimal_seed_nfp3,vmec2000,converged,"max(|fsqr|,|fsqz|,|fsql|)",9.991459605906524e-14,1e-13,0.9991459605906524,649.0,0,wout_minimal_seed_nfp3.nc
VMEX/data/minimal_seed_nfp3,vmecpp,converged,"max(|fsqr|,|fsqz|,|fsql|)",9.991459311118854e-14,1e-13,0.9991459311118854,649.0,0,wout_input.nc
VMEX/data/minimal_seed_nfp3,vmex,converged,"max(|fsqr|,|fsqz|,|fsql|)",9.991459119239351e-14,1e-13,0.9991459119239351,648.0,0,wout_minimal_seed_nfp3.nc
VMEX/data/minimal_seed_nfp4,desc,converged,maximum normalized force error,1.15e-06,,,1.0,success,desc.log
VMEX/data/minimal_seed_nfp4,educational_vmec,converged,"max(|fsqr|,|fsqz|,|fsql|)",9.991459440198606e-14,1e-13,0.9991459440198606,649.0,0,wout_vmec.nc
VMEX/data/minimal_seed_nfp4,gvec,converged,|force|,9.88e-08,1e-07,0.988,10000.0,finished,gvec.log
VMEX/data/minimal_seed_nfp4,jvmec,converged,"max(|fsqr|,|fsqz|,|fsql|)",9.991458842547022e-14,1e-13,0.9991458842547022,0.0,0,wout_input_cleaned.nc
VMEX/data/minimal_seed_nfp4,parvmec,converged,"max(|fsqr|,|fsqz|,|fsql|)",9.991459529090258e-14,1e-13,0.9991459529090257,649.0,0,wout_minimal_seed_nfp4.nc
VMEX/data/minimal_seed_nfp4,vmec2000,converged,"max(|fsqr|,|fsqz|,|fsql|)",9.991458976407304e-14,1e-13,0.9991458976407304,649.0,0,wout_minimal_seed_nfp4.nc
VMEX/data/minimal_seed_nfp4,vmecpp,converged,"max(|fsqr|,|fsqz|,|fsql|)",9.991459410123035e-14,1e-13,0.9991459410123035,649.0,0,wout_input.nc
VMEX/data/minimal_seed_nfp4,vmex,converged,"max(|fsqr|,|fsqz|,|fsql|)",9.991459129543955e-14,1e-13,0.9991459129543955,648.0,0,wout_minimal_seed_nfp4.nc
VMEX/data/ncsx_c09r00_free_lowres,desc,converged,maximum normalized force error,0.01402,,,3.0,success,desc.log
VMEX/data/near_degenerate_vacuum_nfp3,desc,converged,maximum normalized force error,7.964e-05,,,1.0,success,desc.log
VMEX/data/near_degenerate_vacuum_nfp3,educational_vmec,not_converged,"max(|fsqr|,|fsqz|,|fsql|)",1.2841348112940862e-11,1e-11,1.2841348112940862,3501.0,0,wout_vmec.nc
VMEX/data/near_degenerate_vacuum_nfp3,gvec,converged,|force|,9.9e-08,1e-07,0.99,10000.0,finished,gvec.log
VMEX/data/near_degenerate_vacuum_nfp3,jvmec,converged,"max(|fsqr|,|fsqz|,|fsql|)",9.122491546785286e-12,1e-11,0.9122491546785286,0.0,0,wout_input_cleaned.nc
VMEX/data/near_degenerate_vacuum_nfp3,parvmec,converged,"max(|fsqr|,|fsqz|,|fsql|)",9.125353343698652e-12,1e-11,0.9125353343698653,942.0,0,wout_near_degenerate_vacuum_nfp3.nc
VMEX/data/near_degenerate_vacuum_nfp3,vmec2000,converged,"max(|fsqr|,|fsqz|,|fsql|)",9.12535366759217e-12,1e-11,0.9125353667592171,942.0,0,wout_near_degenerate_vacuum_nfp3.nc
VMEX/data/near_degenerate_vacuum_nfp3,vmecpp,not_converged,"max(|fsqr|,|fsqz|,|fsql|)",1.2816008430405292e-11,1e-11,1.2816008430405292,3499.0,0,wout_input.nc
VMEX/data/near_degenerate_vacuum_nfp3,vmex,converged,"max(|fsqr|,|fsqz|,|fsql|)",9.125353594983198e-12,1e-11,0.9125353594983199,941.0,0,wout_near_degenerate_vacuum_nfp3.nc
VMEX/data/nfp1_QI,desc,converged,maximum normalized force error,0.00409,,,9.0,success,desc.log
VMEX/data/nfp1_QI,educational_vmec,converged,"max(|fsqr|,|fsqz|,|fsql|)",9.96485951277679e-14,1e-13,0.996485951277679,6047.0,0,wout_vmec.nc
VMEX/data/nfp1_QI,gvec,not_converged,|force|,4.94e-06,1e-06,4.94,10000.0,finished,gvec.log
VMEX/data/nfp1_QI,jvmec,converged,"max(|fsqr|,|fsqz|,|fsql|)",9.97933039248086e-14,1e-13,0.997933039248086,0.0,0,wout_input_cleaned.nc
VMEX/data/nfp1_QI,parvmec,converged,"max(|fsqr|,|fsqz|,|fsql|)",9.979353275278138e-14,1e-13,0.9979353275278138,6042.0,0,wout_nfp1_QI.nc
VMEX/data/nfp1_QI,vmec2000,converged,"max(|fsqr|,|fsqz|,|fsql|)",9.979334483410381e-14,1e-13,0.997933448341038,6042.0,0,wout_nfp1_QI.nc
VMEX/data/nfp1_QI,vmecpp,converged,"max(|fsqr|,|fsqz|,|fsql|)",9.964915976998641e-14,1e-13,0.9964915976998641,6047.0,0,wout_input.nc
VMEX/data/nfp1_QI,vmex,converged,"max(|fsqr|,|fsqz|,|fsql|)",9.979330734944352e-14,1e-13,0.9979330734944352,6041.0,0,wout_nfp1_QI.nc
VMEX/data/nfp2_QA,desc,converged,maximum normalized force error,1.282e-06,,,2.0,success,desc.log
VMEX/data/nfp2_QA,educational_vmec,converged,"max(|fsqr|,|fsqz|,|fsql|)",9.991439076590019e-14,1e-13,0.9991439076590019,649.0,0,wout_vmec.nc
VMEX/data/nfp2_QA,gvec,converged,|force|,9.92e-08,1e-07,0.9920000000000001,10000.0,finished,gvec.log
VMEX/data/nfp2_QA,jvmec,converged,"max(|fsqr|,|fsqz|,|fsql|)",9.991439008267891e-14,1e-13,0.999143900826789,0.0,0,wout_input_cleaned.nc
VMEX/data/nfp2_QA,parvmec,converged,"max(|fsqr|,|fsqz|,|fsql|)",9.991438910480725e-14,1e-13,0.9991438910480724,649.0,0,wout_nfp2_QA.nc
VMEX/data/nfp2_QA,vmec2000,converged,"max(|fsqr|,|fsqz|,|fsql|)",9.991438886837588e-14,1e-13,0.9991438886837588,649.0,0,wout_nfp2_QA.nc
VMEX/data/nfp2_QA,vmecpp,converged,"max(|fsqr|,|fsqz|,|fsql|)",9.991438954349397e-14,1e-13,0.9991438954349398,649.0,0,wout_input.nc
VMEX/data/nfp2_QA,vmex,converged,"max(|fsqr|,|fsqz|,|fsql|)",9.991439041708422e-14,1e-13,0.9991439041708422,648.0,0,wout_nfp2_QA.nc
VMEX/data/nfp2_QA_finite_beta,desc,converged,maximum normalized force error,0.001107,,,4.0,success,desc.log
VMEX/data/nfp2_QA_finite_beta,parvmec,converged,"max(|fsqr|,|fsqz|,|fsql|)",4.869680441640658e-13,5e-13,0.9739360883281316,758.0,0,wout_nfp2_QA_finite_beta.nc
VMEX/data/nfp2_QA_finite_beta,vmec2000,converged,"max(|fsqr|,|fsqz|,|fsql|)",4.869698442002055e-13,5e-13,0.973939688400411,758.0,0,wout_nfp2_QA_finite_beta.nc
VMEX/data/nfp2_QA_finite_beta,vmecpp,converged,"max(|fsqr|,|fsqz|,|fsql|)",4.866864193733766e-13,5e-13,0.9733728387467532,758.0,0,wout_input.nc
VMEX/data/nfp2_QA_finite_beta,vmex,converged,"max(|fsqr|,|fsqz|,|fsql|)",4.869713222243799e-13,5e-13,0.9739426444487598,757.0,0,wout_nfp2_QA_finite_beta.nc
VMEX/data/nfp2_QA_highres,desc,converged,maximum normalized force error,0.0002181,,,10.0,success,desc.log
VMEX/data/nfp2_QA_highres,educational_vmec,converged,"max(|fsqr|,|fsqz|,|fsql|)",9.952880094016711e-15,1e-14,0.9952880094016711,1832.0,0,wout_vmec.nc
VMEX/data/nfp2_QA_highres,gvec,converged,|force|,1e-07,1e-07,1.0,10000.0,finished,gvec.log
VMEX/data/nfp2_QA_highres,jvmec,converged,"max(|fsqr|,|fsqz|,|fsql|)",9.951205572940673e-15,1e-14,0.9951205572940673,0.0,0,wout_input_cleaned.nc
VMEX/data/nfp2_QA_highres,parvmec,converged,"max(|fsqr|,|fsqz|,|fsql|)",9.955234794970307e-15,1e-14,0.9955234794970307,1254.0,0,wout_nfp2_QA_highres.nc
VMEX/data/nfp2_QA_highres,vmec2000,converged,"max(|fsqr|,|fsqz|,|fsql|)",9.95395647624276e-15,1e-14,0.995395647624276,1254.0,0,wout_nfp2_QA_highres.nc
VMEX/data/nfp2_QA_highres,vmecpp,converged,"max(|fsqr|,|fsqz|,|fsql|)",9.974588889487463e-15,1e-14,0.9974588889487462,1380.0,0,wout_input.nc
VMEX/data/nfp2_QA_highres,vmex,converged,"max(|fsqr|,|fsqz|,|fsql|)",9.95681527414287e-15,1e-14,0.9956815274142871,1253.0,0,wout_nfp2_QA_highres.nc
VMEX/data/nfp2_QA_omnigenity,desc,not_converged,maximum normalized force error,1.101e-07,,,45.0,failure,desc.log
VMEX/data/nfp2_QA_omnigenity,educational_vmec,converged,"max(|fsqr|,|fsqz|,|fsql|)",9.984040447951401e-14,1e-13,0.99840404479514,143.0,0,wout_vmec.nc
VMEX/data/nfp2_QA_omnigenity,gvec,converged,|force|,9.92e-08,1e-07,0.9920000000000001,10000.0,finished,gvec.log
VMEX/data/nfp2_QA_omnigenity,jvmec,converged,"max(|fsqr|,|fsqz|,|fsql|)",9.984067714586289e-14,1e-13,0.9984067714586288,0.0,0,wout_input_cleaned.nc
VMEX/data/nfp2_QA_omnigenity,parvmec,converged,"max(|fsqr|,|fsqz|,|fsql|)",9.984049912995244e-14,1e-13,0.9984049912995243,143.0,0,wout_nfp2_QA_omnigenity.nc
VMEX/data/nfp2_QA_omnigenity,vmec2000,converged,"max(|fsqr|,|fsqz|,|fsql|)",9.984056707799899e-14,1e-13,0.9984056707799899,143.0,0,wout_nfp2_QA_omnigenity.nc
VMEX/data/nfp2_QA_omnigenity,vmecpp,converged,"max(|fsqr|,|fsqz|,|fsql|)",9.984027882479609e-14,1e-13,0.9984027882479608,143.0,0,wout_input.nc
VMEX/data/nfp2_QA_omnigenity,vmex,converged,"max(|fsqr|,|fsqz|,|fsql|)",9.984061274351652e-14,1e-13,0.9984061274351652,142.0,0,wout_nfp2_QA_omnigenity.nc
VMEX/data/nfp2_QI,desc,converged,maximum normalized force error,0.002839,,,22.0,success,desc.log
VMEX/data/nfp2_QI,educational_vmec,converged,"max(|fsqr|,|fsqz|,|fsql|)",9.966800340151952e-14,1e-13,0.9966800340151951,1643.0,0,wout_vmec.nc
VMEX/data/nfp2_QI,gvec,not_converged,|force|,6.52e-07,1e-07,6.52,10000.0,finished,gvec.log
VMEX/data/nfp2_QI,jvmec,converged,"max(|fsqr|,|fsqz|,|fsql|)",9.964262686545758e-14,1e-13,0.9964262686545758,0.0,0,wout_input_cleaned.nc
VMEX/data/nfp2_QI,parvmec,converged,"max(|fsqr|,|fsqz|,|fsql|)",9.824648580207414e-14,1e-13,0.9824648580207413,1523.0,0,wout_nfp2_QI.nc
VMEX/data/nfp2_QI,vmec2000,converged,"max(|fsqr|,|fsqz|,|fsql|)",9.824311393792831e-14,1e-13,0.9824311393792831,1523.0,0,wout_nfp2_QI.nc
VMEX/data/nfp2_QI,vmecpp,converged,"max(|fsqr|,|fsqz|,|fsql|)",9.966609587591482e-14,1e-13,0.9966609587591482,1643.0,0,wout_input.nc
VMEX/data/nfp2_QI,vmex,converged,"max(|fsqr|,|fsqz|,|fsql|)",9.823300406216296e-14,1e-13,0.9823300406216295,1522.0,0,wout_nfp2_QI.nc
VMEX/data/nfp3_QI_fixed_resolution_final,desc,converged,maximum normalized force error,0.07583,,,6.0,success,desc.log
VMEX/data/nfp3_QI_fixed_resolution_final,educational_vmec,converged,"max(|fsqr|,|fsqz|,|fsql|)",9.992767224861752e-14,1e-13,0.9992767224861752,7106.0,0,wout_vmec.nc
VMEX/data/nfp3_QI_fixed_resolution_final,jvmec,converged,"max(|fsqr|,|fsqz|,|fsql|)",9.992162121893077e-14,1e-13,0.9992162121893077,0.0,0,wout_input_cleaned.nc
VMEX/data/nfp3_QI_fixed_resolution_final,parvmec,converged,"max(|fsqr|,|fsqz|,|fsql|)",9.988610548767722e-14,1e-13,0.9988610548767722,5637.0,0,wout_nfp3_QI_fixed_resolution_final.nc
VMEX/data/nfp3_QI_fixed_resolution_final,vmec2000,converged,"max(|fsqr|,|fsqz|,|fsql|)",9.98856980026736e-14,1e-13,0.998856980026736,5637.0,0,wout_nfp3_QI_fixed_resolution_final.nc
VMEX/data/nfp3_QI_fixed_resolution_final,vmecpp,converged,"max(|fsqr|,|fsqz|,|fsql|)",9.987735399032926e-14,1e-13,0.9987735399032925,6007.0,0,wout_input.nc
VMEX/data/nfp3_QI_fixed_resolution_final,vmex,converged,"max(|fsqr|,|fsqz|,|fsql|)",9.988619348692625e-14,1e-13,0.9988619348692624,5636.0,0,wout_nfp3_QI_fixed_resolution_final.nc
VMEX/data/nfp4_QH_finite_beta,desc,converged,maximum normalized force error,0.02227,,,1.0,success,desc.log
VMEX/data/nfp4_QH_finite_beta,parvmec,converged,"max(|fsqr|,|fsqz|,|fsql|)",4.921381688717192e-13,5e-13,0.9842763377434384,1786.0,0,wout_nfp4_QH_finite_beta.nc
VMEX/data/nfp4_QH_finite_beta,vmec2000,converged,"max(|fsqr|,|fsqz|,|fsql|)",4.921376000388739e-13,5e-13,0.9842752000777479,1786.0,0,wout_nfp4_QH_finite_beta.nc
VMEX/data/nfp4_QH_finite_beta,vmecpp,converged,"max(|fsqr|,|fsqz|,|fsql|)",4.876379353253901e-13,5e-13,0.9752758706507801,1634.0,0,wout_input.nc
VMEX/data/nfp4_QH_finite_beta,vmex,converged,"max(|fsqr|,|fsqz|,|fsql|)",4.921322854427531e-13,5e-13,0.9842645708855062,1785.0,0,wout_nfp4_QH_finite_beta.nc
VMEX/data/nfp4_QH_warm_start,desc,converged,maximum normalized force error,0.04278,,,4.0,success,desc.log
VMEX/data/nfp4_QH_warm_start,educational_vmec,converged,"max(|fsqr|,|fsqz|,|fsql|)",9.835257410916744e-14,1e-13,0.9835257410916743,451.0,0,wout_vmec.nc
VMEX/data/nfp4_QH_warm_start,gvec,not_converged,|force|,5.67e-06,1e-06,5.67,10000.0,finished,gvec.log
VMEX/data/nfp4_QH_warm_start,jvmec,converged,"max(|fsqr|,|fsqz|,|fsql|)",9.832092417683373e-14,1e-13,0.9832092417683372,0.0,0,wout_input_cleaned.nc
VMEX/data/nfp4_QH_warm_start,parvmec,converged,"max(|fsqr|,|fsqz|,|fsql|)",9.8320381096273e-14,1e-13,0.9832038109627299,451.0,0,wout_nfp4_QH_warm_start.nc
VMEX/data/nfp4_QH_warm_start,vmec2000,converged,"max(|fsqr|,|fsqz|,|fsql|)",9.832097662835117e-14,1e-13,0.9832097662835116,451.0,0,wout_nfp4_QH_warm_start.nc
VMEX/data/nfp4_QH_warm_start,vmecpp,converged,"max(|fsqr|,|fsqz|,|fsql|)",9.835282816077948e-14,1e-13,0.9835282816077948,451.0,0,wout_input.nc
VMEX/data/nfp4_QH_warm_start,vmex,converged,"max(|fsqr|,|fsqz|,|fsql|)",9.832106330637456e-14,1e-13,0.9832106330637456,450.0,0,wout_nfp4_QH_warm_start.nc
VMEX/data/nfp4_QI_finite_beta,desc,converged,maximum normalized force error,0.04328,,,1.0,success,desc.log
VMEX/data/nfp4_QI_finite_beta,parvmec,converged,"max(|fsqr|,|fsqz|,|fsql|)",4.979768414207506e-13,5e-13,0.9959536828415013,2600.0,0,wout_nfp4_QI_finite_beta.nc
VMEX/data/nfp4_QI_finite_beta,vmec2000,converged,"max(|fsqr|,|fsqz|,|fsql|)",4.97976395538905e-13,5e-13,0.99595279107781,2600.0,0,wout_nfp4_QI_finite_beta.nc
VMEX/data/nfp4_QI_finite_beta,vmex,converged,"max(|fsqr|,|fsqz|,|fsql|)",4.979778350265104e-13,5e-13,0.9959556700530208,2599.0,0,wout_nfp4_QI_finite_beta.nc
VMEX/data/profile_splines,desc,converged,maximum normalized force error,4.16e-06,,,29.0,success,desc.log
VMEX/data/profile_splines,educational_vmec,converged,"max(|fsqr|,|fsqz|,|fsql|)",6.427325975766531e-13,1e-12,0.6427325975766531,189.0,0,wout_vmec.nc
VMEX/data/profile_splines,jvmec,converged,"max(|fsqr|,|fsqz|,|fsql|)",6.413622509739285e-13,1e-12,0.6413622509739285,0.0,0,wout_input_cleaned.nc
VMEX/data/profile_splines,parvmec,converged,"max(|fsqr|,|fsqz|,|fsql|)",6.693187460006948e-13,1e-12,0.6693187460006949,189.0,0,wout_profile_splines.nc
VMEX/data/profile_splines,vmec2000,converged,"max(|fsqr|,|fsqz|,|fsql|)",6.693187460006948e-13,1e-12,0.6693187460006949,189.0,0,wout_profile_splines.nc
VMEX/data/profile_splines,vmex,converged,"max(|fsqr|,|fsqz|,|fsql|)",6.693192956131698e-13,1e-12,0.6693192956131698,188.0,0,wout_profile_splines.nc
VMEX/data/purely_toroidal_field,desc,not_converged,maximum normalized force error,1.096e-07,,,49.0,failure,desc.log
VMEX/data/purely_toroidal_field,educational_vmec,converged,"max(|fsqr|,|fsqz|,|fsql|)",9.977490743616649e-15,1e-14,0.9977490743616649,2623.0,0,wout_vmec.nc
VMEX/data/purely_toroidal_field,gvec,converged,|force|,9.75e-08,1e-07,0.9750000000000001,10000.0,finished,gvec.log
VMEX/data/purely_toroidal_field,jvmec,converged,"max(|fsqr|,|fsqz|,|fsql|)",9.977508524579444e-15,1e-14,0.9977508524579444,0.0,0,wout_input_cleaned.nc
VMEX/data/purely_toroidal_field,parvmec,converged,"max(|fsqr|,|fsqz|,|fsql|)",9.965625855716848e-15,1e-14,0.9965625855716848,1356.0,0,wout_purely_toroidal_field.nc
VMEX/data/purely_toroidal_field,spectre,converged,least-squares optimality,4.528248059860991e-11,,,126.0,3,spectre_input_res.json
VMEX/data/purely_toroidal_field,vmec2000,converged,"max(|fsqr|,|fsqz|,|fsql|)",9.965625855716848e-15,1e-14,0.9965625855716848,1356.0,0,wout_purely_toroidal_field.nc
VMEX/data/purely_toroidal_field,vmecpp,converged,"max(|fsqr|,|fsqz|,|fsql|)",9.660499055130744e-15,1e-14,0.9660499055130743,1790.0,0,wout_input.nc
VMEX/data/purely_toroidal_field,vmex,converged,"max(|fsqr|,|fsqz|,|fsql|)",9.965671778262852e-15,1e-14,0.9965671778262851,1355.0,0,wout_purely_toroidal_field.nc
VMEX/data/serial2500170_surface_points_mpol12_ntor12,educational_vmec,not_converged,"max(|fsqr|,|fsqz|,|fsql|)",1171.885014884425,1e-10,11718850148844.248,1.0,1,wout_vmec.nc
VMEX/data/serial2500170_surface_points_mpol12_ntor12,jvmec,converged,"max(|fsqr|,|fsqz|,|fsql|)",9.922686206814274e-11,1e-10,0.9922686206814274,0.0,0,wout_input_cleaned.nc
VMEX/data/serial2500170_surface_points_mpol12_ntor12,parvmec,converged,"max(|fsqr|,|fsqz|,|fsql|)",9.731741663087473e-11,1e-10,0.9731741663087473,2759.0,0,wout_serial2500170_surface_points_mpol12_ntor12.nc
VMEX/data/serial2500170_surface_points_mpol12_ntor12,vmec2000,converged,"max(|fsqr|,|fsqz|,|fsql|)",9.731769579306369e-11,1e-10,0.9731769579306369,2759.0,0,wout_serial2500170_surface_points_mpol12_ntor12.nc
VMEX/data/serial2500170_surface_points_mpol12_ntor12,vmecpp,not_converged,"max(|fsqr|,|fsqz|,|fsql|)",1171.8850148600727,1e-10,11718850148600.727,1.0,1,wout_input.nc
VMEX/data/serial2500170_surface_points_mpol12_ntor12,vmex,converged,"max(|fsqr|,|fsqz|,|fsql|)",9.731725928342559e-11,1e-10,0.9731725928342558,2758.0,0,wout_serial2500170_surface_points_mpol12_ntor12.nc
VMEX/data/shaped_tokamak_pressure,desc,converged,maximum normalized force error,1.309e-06,,,4.0,success,desc.log
VMEX/data/shaped_tokamak_pressure,educational_vmec,converged,"max(|fsqr|,|fsqz|,|fsql|)",9.493570717612367e-15,1e-14,0.9493570717612367,402.0,0,wout_vmec.nc
VMEX/data/shaped_tokamak_pressure,gvec,converged,|force|,1e-07,1e-07,1.0,10000.0,finished,gvec.log
VMEX/data/shaped_tokamak_pressure,jvmec,converged,"max(|fsqr|,|fsqz|,|fsql|)",9.493411248486257e-15,1e-14,0.9493411248486257,0.0,0,wout_input_cleaned.nc
VMEX/data/shaped_tokamak_pressure,parvmec,converged,"max(|fsqr|,|fsqz|,|fsql|)",9.494551527186749e-15,1e-14,0.9494551527186749,402.0,0,wout_shaped_tokamak_pressure.nc
VMEX/data/shaped_tokamak_pressure,spectre,converged,least-squares optimality,5.598234367938139e-11,,,77.0,2,spectre_input_res.json
VMEX/data/shaped_tokamak_pressure,vmec2000,converged,"max(|fsqr|,|fsqz|,|fsql|)",9.494551527186749e-15,1e-14,0.9494551527186749,402.0,0,wout_shaped_tokamak_pressure.nc
VMEX/data/shaped_tokamak_pressure,vmecpp,converged,"max(|fsqr|,|fsqz|,|fsql|)",9.493982687040958e-15,1e-14,0.9493982687040957,402.0,0,wout_input.nc
VMEX/data/shaped_tokamak_pressure,vmex,converged,"max(|fsqr|,|fsqz|,|fsql|)",9.494334284813646e-15,1e-14,0.9494334284813647,401.0,0,wout_shaped_tokamak_pressure.nc
VMEX/data/solovev,desc,not_converged,maximum normalized force error,3.552e-05,,,0.0,failure,desc.log
VMEX/data/solovev,educational_vmec,converged,"max(|fsqr|,|fsqz|,|fsql|)",9.973078545749143e-15,1e-14,0.9973078545749142,216.0,0,wout_vmec.nc
VMEX/data/solovev,gvec,converged,|force|,9.99e-08,1e-07,0.9990000000000001,10000.0,finished,gvec.log
VMEX/data/solovev,jvmec,converged,"max(|fsqr|,|fsqz|,|fsql|)",9.973075043995005e-15,1e-14,0.9973075043995006,0.0,0,wout_input_cleaned.nc
VMEX/data/solovev,parvmec,converged,"max(|fsqr|,|fsqz|,|fsql|)",9.973069969123615e-15,1e-14,0.9973069969123615,216.0,0,wout_solovev.nc
VMEX/data/solovev,spectre,converged,least-squares optimality,0.0076047936113477575,,,67.0,2,spectre_input_res.json
VMEX/data/solovev,vmec2000,converged,"max(|fsqr|,|fsqz|,|fsql|)",9.973069969123615e-15,1e-14,0.9973069969123615,216.0,0,wout_solovev.nc
VMEX/data/solovev,vmecpp,converged,"max(|fsqr|,|fsqz|,|fsql|)",9.973075087432393e-15,1e-14,0.9973075087432393,216.0,0,wout_input.nc
VMEX/data/solovev,vmex,converged,"max(|fsqr|,|fsqz|,|fsql|)",9.973079502242943e-15,1e-14,0.9973079502242943,215.0,0,wout_solovev.nc
VMEX/data/up_down_asymmetric_tokamak,desc,converged,maximum normalized force error,0.000204,,,14.0,success,desc.log
VMEX/data/up_down_asymmetric_tokamak,educational_vmec,not_converged,"max(|fsqr|,|fsqz|,|fsql|)",1.1159856294078508e-13,1e-14,11.159856294078509,2001.0,0,wout_vmec.nc
VMEX/data/up_down_asymmetric_tokamak,gvec,not_converged,|force|,4.14e-07,1e-07,4.14,10000.0,finished,gvec.log
VMEX/data/up_down_asymmetric_tokamak,parvmec,not_converged,"max(|fsqr|,|fsqz|,|fsql|)",1.1145973352716174e-13,1e-14,11.145973352716174,2001.0,0,wout_up_down_asymmetric_tokamak.nc
VMEX/data/up_down_asymmetric_tokamak,spectre,converged,least-squares optimality,2.166860215766213e-17,,,4.0,1,spectre_input_res.json
VMEX/data/up_down_asymmetric_tokamak,vmec2000,not_converged,"max(|fsqr|,|fsqz|,|fsql|)",6.555902875635357e-13,1e-14,65.55902875635357,2001.0,0,wout_up_down_asymmetric_tokamak.nc
VMEX/data/up_down_asymmetric_tokamak,vmecpp,not_converged,"max(|fsqr|,|fsqz|,|fsql|)",1.0,1e-14,100000000000000.0,1.0,1,wout_input.nc
benchmark_vmec/cases/analytic/1d_cylindrical/analytic_1d,desc,converged,maximum normalized force error,0.000438,,,0.0,success,desc.log
benchmark_vmec/cases/analytic/1d_cylindrical/analytic_1d,educational_vmec,converged,"max(|fsqr|,|fsqz|,|fsql|)",9.409210492496409e-09,1e-08,0.9409210492496409,59.0,0,wout_vmec.nc
benchmark_vmec/cases/analytic/1d_cylindrical/analytic_1d,jvmec,converged,"max(|fsqr|,|fsqz|,|fsql|)",9.409210494511591e-09,1e-08,0.9409210494511592,0.0,0,wout_input_cleaned.nc
benchmark_vmec/cases/analytic/1d_cylindrical/analytic_1d,parvmec,converged,"max(|fsqr|,|fsqz|,|fsql|)",9.40921049137546e-09,1e-08,0.940921049137546,59.0,0,wout_analytic_1d.nc
benchmark_vmec/cases/analytic/1d_cylindrical/analytic_1d,vmec2000,converged,"max(|fsqr|,|fsqz|,|fsql|)",9.40921049137546e-09,1e-08,0.940921049137546,59.0,0,wout_analytic_1d.nc
benchmark_vmec/cases/analytic/1d_cylindrical/analytic_1d,vmecpp,converged,"max(|fsqr|,|fsqz|,|fsql|)",9.409210496605392e-09,1e-08,0.9409210496605392,59.0,0,wout_input.nc
benchmark_vmec/cases/analytic/1d_cylindrical/analytic_1d,vmex,converged,"max(|fsqr|,|fsqz|,|fsql|)",9.409210488381321e-09,1e-08,0.9409210488381321,58.0,0,wout_analytic_1d.nc
benchmark_vmec/cases/analytic/2d_solovev/solovev,desc,converged,maximum normalized force error,0.0004817,,,0.0,success,desc.log
benchmark_vmec/cases/analytic/2d_solovev/solovev,educational_vmec,converged,"max(|fsqr|,|fsqz|,|fsql|)",7.541925949624016e-09,1e-08,0.7541925949624015,55.0,0,wout_vmec.nc
benchmark_vmec/cases/analytic/2d_solovev/solovev,freegs,unavailable,,,,,,,freegs_result.json
benchmark_vmec/cases/analytic/2d_solovev/solovev,gvec,converged,|force|,1e-07,1e-07,1.0,10000.0,finished,gvec.log
benchmark_vmec/cases/analytic/2d_solovev/solovev,jvmec,converged,"max(|fsqr|,|fsqz|,|fsql|)",7.541925951030686e-09,1e-08,0.7541925951030686,0.0,0,wout_input_cleaned.nc
benchmark_vmec/cases/analytic/2d_solovev/solovev,parvmec,converged,"max(|fsqr|,|fsqz|,|fsql|)",7.54192594450615e-09,1e-08,0.754192594450615,55.0,0,wout_solovev.nc
benchmark_vmec/cases/analytic/2d_solovev/solovev,spectre,converged,least-squares optimality,0.06111939757564414,,,76.0,3,spectre_input_res.json
benchmark_vmec/cases/analytic/2d_solovev/solovev,vmec2000,converged,"max(|fsqr|,|fsqz|,|fsql|)",7.54192594450615e-09,1e-08,0.754192594450615,55.0,0,wout_solovev.nc
benchmark_vmec/cases/analytic/2d_solovev/solovev,vmecpp,converged,"max(|fsqr|,|fsqz|,|fsql|)",7.541925945587715e-09,1e-08,0.7541925945587715,55.0,0,wout_input.nc
benchmark_vmec/cases/analytic/2d_solovev/solovev,vmex,converged,"max(|fsqr|,|fsqz|,|fsql|)",7.541925950013436e-09,1e-08,0.7541925950013436,54.0,0,wout_solovev.nc
benchmark_vmec/cases/analytic/3d_quasisymmetric/qh_analytic,desc,converged,maximum normalized force error,0.0001584,,,1.0,success,desc.log
benchmark_vmec/cases/analytic/3d_quasisymmetric/qh_analytic,educational_vmec,converged,"max(|fsqr|,|fsqz|,|fsql|)",9.546922612731646e-09,1e-08,0.9546922612731645,50.0,0,wout_vmec.nc
benchmark_vmec/cases/analytic/3d_quasisymmetric/qh_analytic,gvec,converged,|force|,1e-07,1e-07,1.0,10000.0,finished,gvec.log
benchmark_vmec/cases/analytic/3d_quasisymmetric/qh_analytic,jvmec,converged,"max(|fsqr|,|fsqz|,|fsql|)",9.546822443021878e-09,1e-08,0.9546822443021877,0.0,0,wout_input_cleaned.nc
benchmark_vmec/cases/analytic/3d_quasisymmetric/qh_analytic,parvmec,converged,"max(|fsqr|,|fsqz|,|fsql|)",9.546822442713973e-09,1e-08,0.9546822442713973,50.0,0,wout_qh_analytic.nc
benchmark_vmec/cases/analytic/3d_quasisymmetric/qh_analytic,vmec2000,converged,"max(|fsqr|,|fsqz|,|fsql|)",9.546822434809321e-09,1e-08,0.9546822434809321,50.0,0,wout_qh_analytic.nc
benchmark_vmec/cases/analytic/3d_quasisymmetric/qh_analytic,vmecpp,converged,"max(|fsqr|,|fsqz|,|fsql|)",9.54692260997028e-09,1e-08,0.954692260997028,50.0,0,wout_input.nc
benchmark_vmec/cases/analytic/3d_quasisymmetric/qh_analytic,vmex,converged,"max(|fsqr|,|fsqz|,|fsql|)",9.546822440392585e-09,1e-08,0.9546822440392585,49.0,0,wout_qh_analytic.nc
benchmark_vmec/cases/generated/2d_chease/geqdsk,chease,unavailable,,,,,,,chease_result.json
benchmark_vmec/cases/numerical/1d_profile/profile_1d,desc,converged,maximum normalized force error,0.0004328,,,0.0,success,desc.log
benchmark_vmec/cases/numerical/1d_profile/profile_1d,educational_vmec,converged,"max(|fsqr|,|fsqz|,|fsql|)",9.786044675248941e-09,1e-08,0.9786044675248942,60.0,0,wout_vmec.nc
benchmark_vmec/cases/numerical/1d_profile/profile_1d,jvmec,converged,"max(|fsqr|,|fsqz|,|fsql|)",9.786044677971529e-09,1e-08,0.9786044677971528,0.0,0,wout_input_cleaned.nc
benchmark_vmec/cases/numerical/1d_profile/profile_1d,parvmec,converged,"max(|fsqr|,|fsqz|,|fsql|)",9.786044681300838e-09,1e-08,0.9786044681300837,60.0,0,wout_profile_1d.nc
benchmark_vmec/cases/numerical/1d_profile/profile_1d,spectre,converged,least-squares optimality,0.07896809844366802,,,73.0,3,spectre_input_res.json
benchmark_vmec/cases/numerical/1d_profile/profile_1d,vmec2000,converged,"max(|fsqr|,|fsqz|,|fsql|)",9.786044681300838e-09,1e-08,0.9786044681300837,60.0,0,wout_profile_1d.nc
benchmark_vmec/cases/numerical/1d_profile/profile_1d,vmecpp,converged,"max(|fsqr|,|fsqz|,|fsql|)",9.78604467419384e-09,1e-08,0.9786044674193839,60.0,0,wout_input.nc
benchmark_vmec/cases/numerical/1d_profile/profile_1d,vmex,converged,"max(|fsqr|,|fsqz|,|fsql|)",9.786044672093085e-09,1e-08,0.9786044672093085,59.0,0,wout_profile_1d.nc
benchmark_vmec/cases/numerical/2d_tokamak/tokamak_2d,desc,converged,maximum normalized force error,0.0001961,,,0.0,success,desc.log
benchmark_vmec/cases/numerical/2d_tokamak/tokamak_2d,educational_vmec,converged,"max(|fsqr|,|fsqz|,|fsql|)",9.615393567966839e-09,1e-08,0.9615393567966839,73.0,0,wout_vmec.nc
benchmark_vmec/cases/numerical/2d_tokamak/tokamak_2d,freegs,unavailable,,,,,,,freegs_result.json
benchmark_vmec/cases/numerical/2d_tokamak/tokamak_2d,gvec,not_converged,|force|,5.97e-07,1e-07,5.97,10000.0,finished,gvec.log
benchmark_vmec/cases/numerical/2d_tokamak/tokamak_2d,jvmec,converged,"max(|fsqr|,|fsqz|,|fsql|)",9.615393575665797e-09,1e-08,0.9615393575665797,0.0,0,wout_input_cleaned.nc
benchmark_vmec/cases/numerical/2d_tokamak/tokamak_2d,parvmec,converged,"max(|fsqr|,|fsqz|,|fsql|)",9.615393579261533e-09,1e-08,0.9615393579261533,73.0,0,wout_tokamak_2d.nc
benchmark_vmec/cases/numerical/2d_tokamak/tokamak_2d,vmec2000,converged,"max(|fsqr|,|fsqz|,|fsql|)",9.615393579261533e-09,1e-08,0.9615393579261533,73.0,0,wout_tokamak_2d.nc
benchmark_vmec/cases/numerical/2d_tokamak/tokamak_2d,vmecpp,converged,"max(|fsqr|,|fsqz|,|fsql|)",9.61539356168229e-09,1e-08,0.9615393561682289,73.0,0,wout_input.nc
benchmark_vmec/cases/numerical/2d_tokamak/tokamak_2d,vmex,converged,"max(|fsqr|,|fsqz|,|fsql|)",9.615393583827655e-09,1e-08,0.9615393583827655,72.0,0,wout_tokamak_2d.nc
benchmark_vmec/cases/numerical/3d_w7x/w7x,desc,converged,maximum normalized force error,5.747e-05,,,1.0,success,desc.log
benchmark_vmec/cases/numerical/3d_w7x/w7x,educational_vmec,converged,"max(|fsqr|,|fsqz|,|fsql|)",7.1640721453422265e-09,1e-08,0.7164072145342226,51.0,0,wout_vmec.nc
benchmark_vmec/cases/numerical/3d_w7x/w7x,gvec,not_converged,|force|,1.69e-07,1e-07,1.69,10000.0,finished,gvec.log
benchmark_vmec/cases/numerical/3d_w7x/w7x,jvmec,converged,"max(|fsqr|,|fsqz|,|fsql|)",7.164077328108693e-09,1e-08,0.7164077328108692,0.0,0,wout_input_cleaned.nc
benchmark_vmec/cases/numerical/3d_w7x/w7x,parvmec,converged,"max(|fsqr|,|fsqz|,|fsql|)",7.164076481113363e-09,1e-08,0.7164076481113363,51.0,0,wout_w7x.nc
benchmark_vmec/cases/numerical/3d_w7x/w7x,vmec2000,converged,"max(|fsqr|,|fsqz|,|fsql|)",7.164076478408347e-09,1e-08,0.7164076478408347,51.0,0,wout_w7x.nc
benchmark_vmec/cases/numerical/3d_w7x/w7x,vmecpp,converged,"max(|fsqr|,|fsqz|,|fsql|)",7.164072146684854e-09,1e-08,0.7164072146684853,51.0,0,wout_input.nc
benchmark_vmec/cases/numerical/3d_w7x/w7x,vmex,converged,"max(|fsqr|,|fsqz|,|fsql|)",7.164076474423948e-09,1e-08,0.7164076474423947,50.0,0,wout_w7x.nc
educational_VMEC/Ns_2048.M_32,desc,converged,maximum normalized force error,2.491e-06,,,0.0,success,desc.log
educational_VMEC/Ns_2048.M_32,educational_vmec,converged,"max(|fsqr|,|fsqz|,|fsql|)",9.84493924444201e-15,1e-14,0.984493924444201,773.0,0,wout_vmec.nc
educational_VMEC/Ns_2048.M_32,gvec,converged,|force|,1e-07,1e-07,1.0,10000.0,finished,gvec.log
educational_VMEC/Ns_2048.M_32,jvmec,converged,"max(|fsqr|,|fsqz|,|fsql|)",9.82628177378857e-15,1e-14,0.982628177378857,0.0,0,wout_input_cleaned.nc
educational_VMEC/Ns_2048.M_32,parvmec,converged,"max(|fsqr|,|fsqz|,|fsql|)",9.836227900818866e-15,1e-14,0.9836227900818866,631.0,0,wout_Ns_2048.M_32.nc
educational_VMEC/Ns_2048.M_32,spectre,converged,least-squares optimality,0.030678732698774885,,,57.0,2,spectre_input_res.json
educational_VMEC/Ns_2048.M_32,vmec2000,converged,"max(|fsqr|,|fsqz|,|fsql|)",9.881768613038167e-15,1e-14,0.9881768613038167,1031.0,0,wout_Ns_2048.M_32.nc
educational_VMEC/Ns_2048.M_32,vmecpp,converged,"max(|fsqr|,|fsqz|,|fsql|)",9.868953688037042e-15,1e-14,0.9868953688037042,627.0,0,wout_input.Ns_2048.nc
educational_VMEC/Ns_2048.M_32,vmex,converged,"max(|fsqr|,|fsqz|,|fsql|)",9.836150924108764e-15,1e-14,0.9836150924108764,778.0,0,wout_Ns_2048.M_32.nc
educational_VMEC/coverage/HELIOTRON,desc,converged,maximum normalized force error,0.04393,,,2.0,success,desc.log
educational_VMEC/coverage/HELIOTRON,educational_vmec,converged,"max(|fsqr|,|fsqz|,|fsql|)",9.970878742409393e-15,1e-14,0.9970878742409393,275.0,0,wout_vmec.nc
educational_VMEC/coverage/HELIOTRON,gvec,not_converged,|force|,1.41e-06,1e-07,14.100000000000001,10000.0,finished,gvec.log
educational_VMEC/coverage/HELIOTRON,jvmec,converged,"max(|fsqr|,|fsqz|,|fsql|)",9.966419219883845e-15,1e-14,0.9966419219883845,0.0,0,wout_input_cleaned.nc
educational_VMEC/coverage/HELIOTRON,parvmec,converged,"max(|fsqr|,|fsqz|,|fsql|)",9.966348507429562e-15,1e-14,0.9966348507429562,275.0,0,wout_HELIOTRON.nc
educational_VMEC/coverage/HELIOTRON,vmec2000,converged,"max(|fsqr|,|fsqz|,|fsql|)",9.966423965747682e-15,1e-14,0.9966423965747683,275.0,0,wout_HELIOTRON.nc
educational_VMEC/coverage/HELIOTRON,vmecpp,converged,"max(|fsqr|,|fsqz|,|fsql|)",9.9708888238749e-15,1e-14,0.99708888238749,275.0,0,wout_input.nc
educational_VMEC/coverage/HELIOTRON,vmex,converged,"max(|fsqr|,|fsqz|,|fsql|)",9.966344283162686e-15,1e-14,0.9966344283162686,274.0,0,wout_HELIOTRON.nc
educational_VMEC/coverage/Ns_2048.M_32,desc,converged,maximum normalized force error,4.644e-06,,,4.0,success,desc.log
educational_VMEC/coverage/Ns_2048.M_32,educational_vmec,converged,"max(|fsqr|,|fsqz|,|fsql|)",9.572261617869754e-15,1e-14,0.9572261617869754,5864.0,0,wout_vmec.nc
educational_VMEC/coverage/Ns_2048.M_32,gvec,converged,|force|,1e-07,1e-07,1.0,10000.0,finished,gvec.log
educational_VMEC/coverage/Ns_2048.M_32,jvmec,converged,"max(|fsqr|,|fsqz|,|fsql|)",9.580927794423486e-15,1e-14,0.9580927794423486,0.0,0,wout_input_cleaned.nc
educational_VMEC/coverage/Ns_2048.M_32,parvmec,converged,"max(|fsqr|,|fsqz|,|fsql|)",9.939881690835191e-15,1e-14,0.9939881690835192,1709.0,0,wout_Ns_2048.M_32.nc
educational_VMEC/coverage/Ns_2048.M_32,spectre,converged,least-squares optimality,0.030678732698774885,,,57.0,2,spectre_input_res.json
educational_VMEC/coverage/Ns_2048.M_32,vmec2000,converged,"max(|fsqr|,|fsqz|,|fsql|)",9.984145383526075e-15,1e-14,0.9984145383526074,1837.0,0,wout_Ns_2048.M_32.nc
educational_VMEC/coverage/Ns_2048.M_32,vmecpp,converged,"max(|fsqr|,|fsqz|,|fsql|)",9.967356277383352e-15,1e-14,0.9967356277383351,1749.0,0,wout_input.Ns_2048.nc
educational_VMEC/coverage/Ns_2048.M_32,vmex,converged,"max(|fsqr|,|fsqz|,|fsql|)",9.933276290990956e-15,1e-14,0.9933276290990957,1878.0,0,wout_Ns_2048.M_32.nc
educational_VMEC/coverage/SOLOVEV,desc,not_converged,maximum normalized force error,3.552e-05,,,0.0,failure,desc.log
educational_VMEC/coverage/SOLOVEV,educational_vmec,converged,"max(|fsqr|,|fsqz|,|fsql|)",5.481563786408381e-17,1e-16,0.5481563786408381,200.0,0,wout_vmec.nc
educational_VMEC/coverage/SOLOVEV,gvec,converged,|force|,9.99e-08,1e-07,0.9990000000000001,10000.0,finished,gvec.log
educational_VMEC/coverage/SOLOVEV,jvmec,converged,"max(|fsqr|,|fsqz|,|fsql|)",5.481550856284247e-17,1e-16,0.5481550856284247,0.0,0,wout_input_cleaned.nc
educational_VMEC/coverage/SOLOVEV,parvmec,converged,"max(|fsqr|,|fsqz|,|fsql|)",5.4814847249772784e-17,1e-16,0.5481484724977278,200.0,0,wout_SOLOVEV.nc
educational_VMEC/coverage/SOLOVEV,spectre,converged,least-squares optimality,0.0076047936113477575,,,67.0,2,spectre_input_res.json
educational_VMEC/coverage/SOLOVEV,vmec2000,converged,"max(|fsqr|,|fsqz|,|fsql|)",5.4814847249772784e-17,1e-16,0.5481484724977278,200.0,0,wout_SOLOVEV.nc
educational_VMEC/coverage/SOLOVEV,vmecpp,converged,"max(|fsqr|,|fsqz|,|fsql|)",5.481510407435285e-17,1e-16,0.5481510407435285,200.0,0,wout_input.nc
educational_VMEC/coverage/SOLOVEV,vmex,converged,"max(|fsqr|,|fsqz|,|fsql|)",5.481561228601343e-17,1e-16,0.5481561228601343,199.0,0,wout_SOLOVEV.nc
educational_VMEC/coverage/W7X,desc,converged,maximum normalized force error,0.007361,,,4.0,success,desc.log
educational_VMEC/coverage/W7X,educational_vmec,converged,"max(|fsqr|,|fsqz|,|fsql|)",9.226350763169907e-13,1e-12,0.9226350763169907,371.0,0,wout_vmec.nc
educational_VMEC/coverage/W7X,gvec,not_converged,|force|,5.73e-07,1e-07,5.7299999999999995,10000.0,finished,gvec.log
educational_VMEC/coverage/W7X,jvmec,converged,"max(|fsqr|,|fsqz|,|fsql|)",9.191774507658534e-13,1e-12,0.9191774507658534,0.0,0,wout_input_cleaned.nc
educational_VMEC/coverage/W7X,parvmec,converged,"max(|fsqr|,|fsqz|,|fsql|)",9.191775686214836e-13,1e-12,0.9191775686214836,371.0,0,wout_W7X.nc
educational_VMEC/coverage/W7X,vmec2000,converged,"max(|fsqr|,|fsqz|,|fsql|)",9.19177643690346e-13,1e-12,0.919177643690346,371.0,0,wout_W7X.nc
educational_VMEC/coverage/W7X,vmecpp,converged,"max(|fsqr|,|fsqz|,|fsql|)",9.226351479443306e-13,1e-12,0.9226351479443307,371.0,0,wout_input.nc
educational_VMEC/coverage/W7X,vmex,converged,"max(|fsqr|,|fsqz|,|fsql|)",9.19177571945739e-13,1e-12,0.9191775719457389,370.0,0,wout_W7X.nc
educational_VMEC/coverage/vmec,desc,converged,maximum normalized force error,0.00144,,,3.0,success,desc.log
educational_VMEC/from_DESC/ARIES-CS,desc,converged,maximum normalized force error,0.00722,,,6.0,success,desc.log
educational_VMEC/from_DESC/ARIES-CS,educational_vmec,not_converged,"max(|fsqr|,|fsqz|,|fsql|)",0.08390540613431059,1e-11,8390540613.43106,2.0,0,wout_vmec.nc
educational_VMEC/from_DESC/ARIES-CS,jvmec,converged,"max(|fsqr|,|fsqz|,|fsql|)",9.970102215493167e-12,1e-11,0.9970102215493167,0.0,0,wout_input_cleaned.nc
educational_VMEC/from_DESC/ARIES-CS,parvmec,converged,"max(|fsqr|,|fsqz|,|fsql|)",9.916860388116835e-12,1e-11,0.9916860388116835,1534.0,0,wout_ARIES-CS.nc
educational_VMEC/from_DESC/ARIES-CS,vmec2000,converged,"max(|fsqr|,|fsqz|,|fsql|)",9.91686245310874e-12,1e-11,0.991686245310874,1534.0,0,wout_ARIES-CS.nc
educational_VMEC/from_DESC/ARIES-CS,vmecpp,converged,"max(|fsqr|,|fsqz|,|fsql|)",9.968046367303485e-12,1e-11,0.9968046367303486,1538.0,0,wout_input.nc
educational_VMEC/from_DESC/ARIES-CS,vmex,converged,"max(|fsqr|,|fsqz|,|fsql|)",9.916865804795846e-12,1e-11,0.9916865804795847,1533.0,0,wout_ARIES-CS.nc
educational_VMEC/from_DESC/ATF,desc,converged,maximum normalized force error,0.01003,,,4.0,success,desc.log
educational_VMEC/from_DESC/ATF,educational_vmec,converged,"max(|fsqr|,|fsqz|,|fsql|)",9.966281291799422e-13,1e-12,0.9966281291799423,6078.0,0,wout_vmec.nc
educational_VMEC/from_DESC/ATF,gvec,not_converged,|force|,3.89e-06,1e-07,38.9,10000.0,finished,gvec.log
educational_VMEC/from_DESC/ATF,jvmec,converged,"max(|fsqr|,|fsqz|,|fsql|)",9.966258650042368e-13,1e-12,0.9966258650042368,0.0,0,wout_input_cleaned.nc
educational_VMEC/from_DESC/ATF,parvmec,converged,"max(|fsqr|,|fsqz|,|fsql|)",9.909348802773789e-13,1e-12,0.9909348802773789,3482.0,0,wout_ATF.nc
educational_VMEC/from_DESC/ATF,vmec2000,converged,"max(|fsqr|,|fsqz|,|fsql|)",9.909770174588528e-13,1e-12,0.9909770174588528,3482.0,0,wout_ATF.nc
educational_VMEC/from_DESC/ATF,vmecpp,converged,"max(|fsqr|,|fsqz|,|fsql|)",9.948596060224266e-13,1e-12,0.9948596060224266,3404.0,0,wout_input.nc
educational_VMEC/from_DESC/ATF,vmex,converged,"max(|fsqr|,|fsqz|,|fsql|)",9.909928102788848e-13,1e-12,0.9909928102788848,3481.0,0,wout_ATF.nc
educational_VMEC/from_DESC/AXISYM,desc,converged,maximum normalized force error,4.487e-05,,,3.0,success,desc.log
educational_VMEC/from_DESC/AXISYM,educational_vmec,converged,"max(|fsqr|,|fsqz|,|fsql|)",9.954356241697766e-13,1e-12,0.9954356241697766,861.0,0,wout_vmec.nc
educational_VMEC/from_DESC/AXISYM,gvec,converged,|force|,1e-07,1e-07,1.0,10000.0,finished,gvec.log
educational_VMEC/from_DESC/AXISYM,jvmec,converged,"max(|fsqr|,|fsqz|,|fsql|)",9.954370788766169e-13,1e-12,0.9954370788766169,0.0,0,wout_input_cleaned.nc
educational_VMEC/from_DESC/AXISYM,parvmec,converged,"max(|fsqr|,|fsqz|,|fsql|)",9.80835950294252e-13,1e-12,0.980835950294252,879.0,0,wout_AXISYM.nc
educational_VMEC/from_DESC/AXISYM,spectre,converged,least-squares optimality,5.8229143763370015,,,96.0,3,spectre_input_res.json
educational_VMEC/from_DESC/AXISYM,vmec2000,converged,"max(|fsqr|,|fsqz|,|fsql|)",9.80835950294252e-13,1e-12,0.980835950294252,879.0,0,wout_AXISYM.nc
educational_VMEC/from_DESC/AXISYM,vmecpp,converged,"max(|fsqr|,|fsqz|,|fsql|)",9.86689071465928e-13,1e-12,0.986689071465928,832.0,0,wout_input.nc
educational_VMEC/from_DESC/AXISYM,vmex,converged,"max(|fsqr|,|fsqz|,|fsql|)",9.808311108731207e-13,1e-12,0.9808311108731207,878.0,0,wout_AXISYM.nc
educational_VMEC/from_DESC/CFQS,desc,converged,maximum normalized force error,0.0009494,,,8.0,success,desc.log
educational_VMEC/from_DESC/CFQS,educational_vmec,not_converged,"max(|fsqr|,|fsqz|,|fsql|)",0.07151820929819015,1e-12,71518209298.19016,2.0,0,wout_vmec.nc
educational_VMEC/from_DESC/CFQS,jvmec,converged,"max(|fsqr|,|fsqz|,|fsql|)",9.650162602390197e-13,1e-12,0.9650162602390197,0.0,0,wout_input_cleaned.nc
educational_VMEC/from_DESC/CFQS,parvmec,converged,"max(|fsqr|,|fsqz|,|fsql|)",9.65002167958317e-13,1e-12,0.965002167958317,2230.0,0,wout_CFQS.nc
educational_VMEC/from_DESC/CFQS,vmec2000,converged,"max(|fsqr|,|fsqz|,|fsql|)",9.65023140521629e-13,1e-12,0.9650231405216291,2230.0,0,wout_CFQS.nc
educational_VMEC/from_DESC/CFQS,vmecpp,converged,"max(|fsqr|,|fsqz|,|fsql|)",9.63462557925272e-13,1e-12,0.963462557925272,2230.0,0,wout_input.nc
educational_VMEC/from_DESC/CFQS,vmex,converged,"max(|fsqr|,|fsqz|,|fsql|)",9.650092416511806e-13,1e-12,0.9650092416511806,2229.0,0,wout_CFQS.nc
educational_VMEC/from_DESC/DSHAPE,desc,converged,maximum normalized force error,1.404e-05,,,9.0,success,desc.log
educational_VMEC/from_DESC/DSHAPE,educational_vmec,converged,"max(|fsqr|,|fsqz|,|fsql|)",9.918333029049944e-13,1e-12,0.9918333029049944,1458.0,0,wout_vmec.nc
educational_VMEC/from_DESC/DSHAPE,gvec,not_converged,|force|,1.5e-07,1e-07,1.5,10000.0,finished,gvec.log
educational_VMEC/from_DESC/DSHAPE,jvmec,converged,"max(|fsqr|,|fsqz|,|fsql|)",9.918279766711773e-13,1e-12,0.9918279766711774,0.0,0,wout_input_cleaned.nc
educational_VMEC/from_DESC/DSHAPE,parvmec,converged,"max(|fsqr|,|fsqz|,|fsql|)",9.959875316823875e-13,1e-12,0.9959875316823875,1610.0,0,wout_DSHAPE.nc
educational_VMEC/from_DESC/DSHAPE,spectre,converged,least-squares optimality,1702.3377903010303,,,61.0,2,spectre_input_res.json
educational_VMEC/from_DESC/DSHAPE,vmec2000,converged,"max(|fsqr|,|fsqz|,|fsql|)",9.959875316823875e-13,1e-12,0.9959875316823875,1610.0,0,wout_DSHAPE.nc
educational_VMEC/from_DESC/DSHAPE,vmecpp,converged,"max(|fsqr|,|fsqz|,|fsql|)",9.907166264861787e-13,1e-12,0.9907166264861788,1352.0,0,wout_input.nc
educational_VMEC/from_DESC/DSHAPE,vmex,converged,"max(|fsqr|,|fsqz|,|fsql|)",9.96051821059948e-13,1e-12,0.9960518210599479,1609.0,0,wout_DSHAPE.nc
educational_VMEC/from_DESC/ESTELL,desc,converged,maximum normalized force error,0.0006711,,,6.0,success,desc.log
educational_VMEC/from_DESC/ESTELL,educational_vmec,not_converged,"max(|fsqr|,|fsqz|,|fsql|)",0.04085023161749667,1e-12,40850231617.49667,2.0,0,wout_vmec.nc
educational_VMEC/from_DESC/ESTELL,gvec,not_converged,|force|,2.65e-07,1e-07,2.6500000000000004,10000.0,finished,gvec.log
educational_VMEC/from_DESC/ESTELL,jvmec,converged,"max(|fsqr|,|fsqz|,|fsql|)",9.86751980233812e-13,1e-12,0.986751980233812,0.0,0,wout_input_cleaned.nc
educational_VMEC/from_DESC/ESTELL,parvmec,converged,"max(|fsqr|,|fsqz|,|fsql|)",9.867508049382085e-13,1e-12,0.9867508049382085,2298.0,0,wout_ESTELL.nc
educational_VMEC/from_DESC/ESTELL,vmec2000,converged,"max(|fsqr|,|fsqz|,|fsql|)",9.867501119819283e-13,1e-12,0.9867501119819283,2298.0,0,wout_ESTELL.nc
educational_VMEC/from_DESC/ESTELL,vmecpp,converged,"max(|fsqr|,|fsqz|,|fsql|)",9.864837072158662e-13,1e-12,0.9864837072158662,2298.0,0,wout_input.nc
educational_VMEC/from_DESC/ESTELL,vmex,converged,"max(|fsqr|,|fsqz|,|fsql|)",9.867525515154202e-13,1e-12,0.9867525515154202,2297.0,0,wout_ESTELL.nc
educational_VMEC/from_DESC/HELIOTRON,desc,converged,maximum normalized force error,0.02566,,,3.0,success,desc.log
educational_VMEC/from_DESC/HELIOTRON,educational_vmec,converged,"max(|fsqr|,|fsqz|,|fsql|)",9.968898576864186e-13,1e-12,0.9968898576864187,2255.0,0,wout_vmec.nc
educational_VMEC/from_DESC/HELIOTRON,gvec,not_converged,|force|,1.02e-06,1e-07,10.200000000000001,10000.0,finished,gvec.log
educational_VMEC/from_DESC/HELIOTRON,jvmec,converged,"max(|fsqr|,|fsqz|,|fsql|)",9.968949975063536e-13,1e-12,0.9968949975063537,0.0,0,wout_input_cleaned.nc
educational_VMEC/from_DESC/HELIOTRON,parvmec,converged,"max(|fsqr|,|fsqz|,|fsql|)",9.953791431877456e-13,1e-12,0.9953791431877457,1741.0,0,wout_HELIOTRON.nc
educational_VMEC/from_DESC/HELIOTRON,vmec2000,converged,"max(|fsqr|,|fsqz|,|fsql|)",9.95557995487225e-13,1e-12,0.995557995487225,1741.0,0,wout_HELIOTRON.nc
educational_VMEC/from_DESC/HELIOTRON,vmecpp,converged,"max(|fsqr|,|fsqz|,|fsql|)",9.95596440224136e-13,1e-12,0.9955964402241361,1458.0,0,wout_input.nc
educational_VMEC/from_DESC/HELIOTRON,vmex,converged,"max(|fsqr|,|fsqz|,|fsql|)",9.948799138980926e-13,1e-12,0.9948799138980926,1740.0,0,wout_HELIOTRON.nc
educational_VMEC/from_DESC/HSX_QHS,educational_vmec,not_converged,"max(|fsqr|,|fsqz|,|fsql|)",10.351582697526618,5e-11,207031653950.53235,2.0,0,wout_vmec.nc
educational_VMEC/from_DESC/HSX_QHS,gvec,not_converged,|force|,4.53e-07,1e-07,4.53,10000.0,finished,gvec.log
educational_VMEC/from_DESC/HSX_QHS,parvmec,converged,"max(|fsqr|,|fsqz|,|fsql|)",4.9960853028964585e-11,5e-11,0.9992170605792916,1224.0,0,wout_HSX_QHS.nc
educational_VMEC/from_DESC/HSX_QHS,vmec2000,converged,"max(|fsqr|,|fsqz|,|fsql|)",4.996073031318074e-11,5e-11,0.9992146062636148,1224.0,0,wout_HSX_QHS.nc
educational_VMEC/from_DESC/HSX_QHS,vmecpp,converged,"max(|fsqr|,|fsqz|,|fsql|)",4.992810884130661e-11,5e-11,0.9985621768261321,1076.0,0,wout_input.nc
educational_VMEC/from_DESC/HSX_truncated,desc,converged,maximum normalized force error,0.007448,,,4.0,success,desc.log
educational_VMEC/from_DESC/HSX_truncated,educational_vmec,not_converged,"max(|fsqr|,|fsqz|,|fsql|)",0.02017522513503542,1e-10,201752251.35035416,2.0,0,wout_vmec.nc
educational_VMEC/from_DESC/HSX_truncated,gvec,not_converged,|force|,9.74e-07,1e-07,9.74,10000.0,finished,gvec.log
educational_VMEC/from_DESC/HSX_truncated,jvmec,converged,"max(|fsqr|,|fsqz|,|fsql|)",9.986912013372222e-11,1e-10,0.9986912013372222,0.0,0,wout_input_cleaned.nc
educational_VMEC/from_DESC/HSX_truncated,parvmec,converged,"max(|fsqr|,|fsqz|,|fsql|)",9.850578654990116e-11,1e-10,0.9850578654990115,576.0,0,wout_HSX_truncated.nc
educational_VMEC/from_DESC/HSX_truncated,vmec2000,converged,"max(|fsqr|,|fsqz|,|fsql|)",9.8505834678726e-11,1e-10,0.9850583467872599,576.0,0,wout_HSX_truncated.nc
educational_VMEC/from_DESC/HSX_truncated,vmecpp,converged,"max(|fsqr|,|fsqz|,|fsql|)",9.860112636159939e-11,1e-10,0.9860112636159938,652.0,0,wout_input.nc
educational_VMEC/from_DESC/HSX_truncated,vmex,converged,"max(|fsqr|,|fsqz|,|fsql|)",9.850582653168675e-11,1e-10,0.9850582653168675,575.0,0,wout_HSX_truncated.nc
educational_VMEC/from_DESC/NCSX,desc,converged,maximum normalized force error,0.005981,,,4.0,success,desc.log
educational_VMEC/from_DESC/SOLOVEV,desc,not_converged,maximum normalized force error,5.973e-09,,,4.0,failure,desc.log
educational_VMEC/from_DESC/SOLOVEV,educational_vmec,converged,"max(|fsqr|,|fsqz|,|fsql|)",9.946459624349743e-13,1e-12,0.9946459624349744,369.0,0,wout_vmec.nc
educational_VMEC/from_DESC/SOLOVEV,gvec,converged,|force|,9.95e-08,1e-07,0.995,10000.0,finished,gvec.log
educational_VMEC/from_DESC/SOLOVEV,jvmec,converged,"max(|fsqr|,|fsqz|,|fsql|)",9.946468536487518e-13,1e-12,0.9946468536487518,0.0,0,wout_input_cleaned.nc
educational_VMEC/from_DESC/SOLOVEV,parvmec,converged,"max(|fsqr|,|fsqz|,|fsql|)",9.804729221895022e-13,1e-12,0.9804729221895022,236.0,0,wout_SOLOVEV.nc
educational_VMEC/from_DESC/SOLOVEV,spectre,converged,least-squares optimality,0.04242579445564633,,,59.0,2,spectre_input_res.json
educational_VMEC/from_DESC/SOLOVEV,vmec2000,converged,"max(|fsqr|,|fsqz|,|fsql|)",9.804729221895022e-13,1e-12,0.9804729221895022,236.0,0,wout_SOLOVEV.nc
educational_VMEC/from_DESC/SOLOVEV,vmecpp,converged,"max(|fsqr|,|fsqz|,|fsql|)",9.876349590369936e-13,1e-12,0.9876349590369936,243.0,0,wout_input.nc
educational_VMEC/from_DESC/SOLOVEV,vmex,converged,"max(|fsqr|,|fsqz|,|fsql|)",9.804746842839267e-13,1e-12,0.9804746842839267,235.0,0,wout_SOLOVEV.nc
educational_VMEC/from_DESC/TOROID,desc,converged,maximum normalized force error,2.979e-05,,,10.0,success,desc.log
educational_VMEC/from_DESC/TOROID,educational_vmec,converged,"max(|fsqr|,|fsqz|,|fsql|)",9.375724355295833e-13,1e-12,0.9375724355295834,219.0,0,wout_vmec.nc
educational_VMEC/from_DESC/TOROID,gvec,converged,|force|,9.92e-08,1e-07,0.9920000000000001,10000.0,finished,gvec.log
educational_VMEC/from_DESC/TOROID,jvmec,converged,"max(|fsqr|,|fsqz|,|fsql|)",9.375713910865639e-13,1e-12,0.9375713910865638,0.0,0,wout_input_cleaned.nc
educational_VMEC/from_DESC/TOROID,parvmec,converged,"max(|fsqr|,|fsqz|,|fsql|)",8.707351408396329e-13,1e-12,0.8707351408396329,595.0,0,wout_TOROID.nc
educational_VMEC/from_DESC/TOROID,vmec2000,converged,"max(|fsqr|,|fsqz|,|fsql|)",8.707351408396329e-13,1e-12,0.8707351408396329,595.0,0,wout_TOROID.nc
educational_VMEC/from_DESC/TOROID,vmecpp,converged,"max(|fsqr|,|fsqz|,|fsql|)",9.445647258889466e-13,1e-12,0.9445647258889466,3507.0,0,wout_input.nc
educational_VMEC/from_DESC/TOROID,vmex,converged,"max(|fsqr|,|fsqz|,|fsql|)",8.707404776829541e-13,1e-12,0.8707404776829542,594.0,0,wout_TOROID.nc
educational_VMEC/from_DESC/WISTELL-A,desc,converged,maximum normalized force error,0.000487,,,7.0,success,desc.log
educational_VMEC/from_DESC/WISTELL-A,educational_vmec,converged,"max(|fsqr|,|fsqz|,|fsql|)",9.938230792499e-11,1e-07,0.0009938230792499,450.0,0,wout_vmec.nc
educational_VMEC/from_DESC/WISTELL-A,gvec,converged,|force|,1e-07,1e-07,1.0,10000.0,finished,gvec.log
educational_VMEC/from_DESC/WISTELL-A,jvmec,converged,"max(|fsqr|,|fsqz|,|fsql|)",9.985923622667598e-11,1e-10,0.9985923622667597,0.0,0,wout_input_cleaned.nc
educational_VMEC/from_DESC/WISTELL-A,parvmec,converged,"max(|fsqr|,|fsqz|,|fsql|)",9.982180547647546e-11,1e-07,0.0009982180547647545,489.0,0,wout_WISTELL-A.nc
educational_VMEC/from_DESC/WISTELL-A,vmec2000,converged,"max(|fsqr|,|fsqz|,|fsql|)",9.982180732730962e-11,1e-07,0.0009982180732730963,489.0,0,wout_WISTELL-A.nc
educational_VMEC/from_DESC/WISTELL-A,vmecpp,not_converged,"max(|fsqr|,|fsqz|,|fsql|)",0.05563748551099504,1e-10,556374855.1099503,1.0,1,wout_input.nc
educational_VMEC/from_MattLandreman_vmec_equilibria/ARIES-CS/n3are_R7.75B5.7/n3are_R7.75B5.7,desc,converged,maximum normalized force error,0.00647,,,5.0,success,desc.log
educational_VMEC/from_MattLandreman_vmec_equilibria/ARIES-CS/n3are_R7.75B5.7/n3are_R7.75B5.7,educational_vmec,not_converged,"max(|fsqr|,|fsqz|,|fsql|)",0.08137923189538043,1e-11,8137923189.538044,2.0,0,wout_vmec.nc
educational_VMEC/from_MattLandreman_vmec_equilibria/ARIES-CS/n3are_R7.75B5.7/n3are_R7.75B5.7,parvmec,converged,"max(|fsqr|,|fsqz|,|fsql|)",9.971101318765899e-12,1e-11,0.9971101318765899,1497.0,0,wout_n3are_R7.75B5.7.nc
educational_VMEC/from_MattLandreman_vmec_equilibria/ARIES-CS/n3are_R7.75B5.7/n3are_R7.75B5.7,vmec2000,converged,"max(|fsqr|,|fsqz|,|fsql|)",9.971102003650557e-12,1e-11,0.9971102003650557,1497.0,0,wout_n3are_R7.75B5.7.nc
educational_VMEC/from_MattLandreman_vmec_equilibria/ARIES-CS/n3are_R7.75B5.7/n3are_R7.75B5.7,vmecpp,converged,"max(|fsqr|,|fsqz|,|fsql|)",9.941446865819645e-12,1e-11,0.9941446865819645,1513.0,0,wout_input.n3are_R7.75B5.nc
educational_VMEC/from_MattLandreman_vmec_equilibria/ARIES-CS/n3are_R7.75B5.7/n3are_R7.75B5.7,vmex,converged,"max(|fsqr|,|fsqz|,|fsql|)",9.971094067588731e-12,1e-11,0.9971094067588732,1496.0,0,wout_n3are_R7.75B5.7.nc
educational_VMEC/from_MattLandreman_vmec_equilibria/ARIES-CS/n3are_R7.75B5.7_hires/n3are_R7.75B5.7_hires,parvmec,converged,"max(|fsqr|,|fsqz|,|fsql|)",9.996919007591364e-13,1e-12,0.9996919007591364,2129.0,0,wout_n3are_R7.75B5.7_hires.nc
educational_VMEC/from_MattLandreman_vmec_equilibria/ARIES-CS/n3are_R7.75B5.7_hires/n3are_R7.75B5.7_hires,vmec2000,converged,"max(|fsqr|,|fsqz|,|fsql|)",9.997029083716768e-13,1e-12,0.9997029083716769,2129.0,0,wout_n3are_R7.75B5.7_hires.nc
educational_VMEC/from_MattLandreman_vmec_equilibria/ARIES-CS/n3are_R7.75B5.7_hires/n3are_R7.75B5.7_hires,vmecpp,converged,"max(|fsqr|,|fsqz|,|fsql|)",9.974367655578593e-13,1e-12,0.9974367655578593,2746.0,0,wout_input.n3are_R7.75B5.nc
educational_VMEC/from_MattLandreman_vmec_equilibria/ARIES-CS/n3are_R7.75B5.7_hires/n3are_R7.75B5.7_hires,vmex,converged,"max(|fsqr|,|fsqz|,|fsql|)",9.997139581323566e-13,1e-12,0.9997139581323566,2128.0,0,wout_n3are_R7.75B5.7_hires.nc
educational_VMEC/from_MattLandreman_vmec_equilibria/ESTELL/ns201/estell_24_scaled,desc,converged,maximum normalized force error,0.0002391,,,23.0,success,desc.log
educational_VMEC/from_MattLandreman_vmec_equilibria/ESTELL/ns201/estell_24_scaled,educational_vmec,converged,"max(|fsqr|,|fsqz|,|fsql|)",9.997385906182598e-13,1e-12,0.9997385906182599,2041.0,0,wout_vmec.nc
educational_VMEC/from_MattLandreman_vmec_equilibria/ESTELL/ns201/estell_24_scaled,parvmec,converged,"max(|fsqr|,|fsqz|,|fsql|)",9.998013091344204e-13,1e-12,0.9998013091344204,2041.0,0,wout_estell_24_scaled.nc
educational_VMEC/from_MattLandreman_vmec_equilibria/ESTELL/ns201/estell_24_scaled,vmec2000,converged,"max(|fsqr|,|fsqz|,|fsql|)",9.998093521459315e-13,1e-12,0.9998093521459315,2041.0,0,wout_estell_24_scaled.nc
educational_VMEC/from_MattLandreman_vmec_equilibria/ESTELL/ns201/estell_24_scaled,vmecpp,converged,"max(|fsqr|,|fsqz|,|fsql|)",9.997481598941264e-13,1e-12,0.9997481598941265,2041.0,0,wout_input.nc
educational_VMEC/from_MattLandreman_vmec_equilibria/ESTELL/ns201/estell_24_scaled,vmex,converged,"max(|fsqr|,|fsqz|,|fsql|)",9.997900595446628e-13,1e-12,0.9997900595446628,2040.0,0,wout_estell_24_scaled.nc
educational_VMEC/from_MattLandreman_vmec_equilibria/ESTELL/original/estell_24_scaled,desc,converged,maximum normalized force error,0.0005806,,,7.0,success,desc.log
educational_VMEC/from_MattLandreman_vmec_equilibria/ESTELL/original/estell_24_scaled,educational_vmec,not_converged,"max(|fsqr|,|fsqz|,|fsql|)",0.04099684960714707,1e-12,40996849607.14707,2.0,0,wout_vmec.nc
educational_VMEC/from_MattLandreman_vmec_equilibria/ESTELL/original/estell_24_scaled,jvmec,converged,"max(|fsqr|,|fsqz|,|fsql|)",9.847236769137587e-13,1e-12,0.9847236769137587,0.0,0,wout_input_cleaned.nc
educational_VMEC/from_MattLandreman_vmec_equilibria/ESTELL/original/estell_24_scaled,parvmec,converged,"max(|fsqr|,|fsqz|,|fsql|)",9.8472368836525e-13,1e-12,0.9847236883652501,2302.0,0,wout_estell_24_scaled.nc
educational_VMEC/from_MattLandreman_vmec_equilibria/ESTELL/original/estell_24_scaled,vmec2000,converged,"max(|fsqr|,|fsqz|,|fsql|)",9.847263855954588e-13,1e-12,0.9847263855954588,2302.0,0,wout_estell_24_scaled.nc
educational_VMEC/from_MattLandreman_vmec_equilibria/ESTELL/original/estell_24_scaled,vmecpp,converged,"max(|fsqr|,|fsqz|,|fsql|)",9.870518426569858e-13,1e-12,0.9870518426569859,2302.0,0,wout_input.nc
educational_VMEC/from_MattLandreman_vmec_equilibria/ESTELL/original/estell_24_scaled,vmex,converged,"max(|fsqr|,|fsqz|,|fsql|)",9.847269264320512e-13,1e-12,0.9847269264320513,2301.0,0,wout_estell_24_scaled.nc
educational_VMEC/from_MattLandreman_vmec_equilibria/Garabedian/QAS2_highFourierResolution/GarabedianQAS2,educational_vmec,not_converged,"max(|fsqr|,|fsqz|,|fsql|)",0.05201154209606087,1e-10,520115420.96060866,2.0,0,wout_vmec.nc
educational_VMEC/from_MattLandreman_vmec_equilibria/Garabedian/QAS2_highFourierResolution/GarabedianQAS2,gvec,not_converged,|force|,4.14e-07,1e-07,4.14,10000.0,finished,gvec.log
educational_VMEC/from_MattLandreman_vmec_equilibria/Garabedian/QAS2_highFourierResolution/GarabedianQAS2,jvmec,converged,"max(|fsqr|,|fsqz|,|fsql|)",9.937358970953515e-11,1e-10,0.9937358970953514,0.0,0,wout_input_cleaned.nc
educational_VMEC/from_MattLandreman_vmec_equilibria/Garabedian/QAS2_highFourierResolution/GarabedianQAS2,parvmec,converged,"max(|fsqr|,|fsqz|,|fsql|)",9.982435707870233e-11,1e-10,0.9982435707870233,997.0,0,wout_GarabedianQAS2.nc
educational_VMEC/from_MattLandreman_vmec_equilibria/Garabedian/QAS2_highFourierResolution/GarabedianQAS2,vmec2000,converged,"max(|fsqr|,|fsqz|,|fsql|)",9.982433289924647e-11,1e-10,0.9982433289924646,997.0,0,wout_GarabedianQAS2.nc
educational_VMEC/from_MattLandreman_vmec_equilibria/Garabedian/QAS2_highFourierResolution/GarabedianQAS2,vmex,converged,"max(|fsqr|,|fsqz|,|fsql|)",9.98243588690102e-11,1e-10,0.998243588690102,996.0,0,wout_GarabedianQAS2.nc
educational_VMEC/from_MattLandreman_vmec_equilibria/Garabedian/QAS2_typicalResolution/GarabedianQAS2,educational_vmec,converged,"max(|fsqr|,|fsqz|,|fsql|)",9.95493247703536e-13,1e-12,0.9954932477035361,2814.0,0,wout_vmec.nc
educational_VMEC/from_MattLandreman_vmec_equilibria/Garabedian/QAS2_typicalResolution/GarabedianQAS2,gvec,not_converged,|force|,3.82e-07,1e-07,3.8200000000000003,10000.0,finished,gvec.log
educational_VMEC/from_MattLandreman_vmec_equilibria/Garabedian/QAS2_typicalResolution/GarabedianQAS2,jvmec,converged,"max(|fsqr|,|fsqz|,|fsql|)",9.955175085472582e-13,1e-12,0.9955175085472583,0.0,0,wout_input_cleaned.nc
educational_VMEC/from_MattLandreman_vmec_equilibria/Garabedian/QAS2_typicalResolution/GarabedianQAS2,parvmec,converged,"max(|fsqr|,|fsqz|,|fsql|)",9.964606429276453e-13,1e-12,0.9964606429276454,2066.0,0,wout_GarabedianQAS2.nc
educational_VMEC/from_MattLandreman_vmec_equilibria/Garabedian/QAS2_typicalResolution/GarabedianQAS2,vmec2000,converged,"max(|fsqr|,|fsqz|,|fsql|)",9.964596414276183e-13,1e-12,0.9964596414276183,2066.0,0,wout_GarabedianQAS2.nc
educational_VMEC/from_MattLandreman_vmec_equilibria/Garabedian/QAS2_typicalResolution/GarabedianQAS2,vmex,converged,"max(|fsqr|,|fsqz|,|fsql|)",9.964593197409337e-13,1e-12,0.9964593197409337,2065.0,0,wout_GarabedianQAS2.nc
educational_VMEC/from_MattLandreman_vmec_equilibria/HSX/filtered_to_remove_modular_ripple/hsxt,desc,converged,maximum normalized force error,0.007448,,,4.0,success,desc.log
educational_VMEC/from_MattLandreman_vmec_equilibria/HSX/filtered_to_remove_modular_ripple/hsxt,educational_vmec,not_converged,"max(|fsqr|,|fsqz|,|fsql|)",0.02017522513503542,1e-10,201752251.35035416,2.0,0,wout_vmec.nc
educational_VMEC/from_MattLandreman_vmec_equilibria/HSX/filtered_to_remove_modular_ripple/hsxt,gvec,not_converged,|force|,1.06e-06,1e-07,10.600000000000001,10000.0,finished,gvec.log
educational_VMEC/from_MattLandreman_vmec_equilibria/HSX/filtered_to_remove_modular_ripple/hsxt,jvmec,converged,"max(|fsqr|,|fsqz|,|fsql|)",9.986912013372222e-11,1e-10,0.9986912013372222,0.0,0,wout_input_cleaned.nc
educational_VMEC/from_MattLandreman_vmec_equilibria/HSX/filtered_to_remove_modular_ripple/hsxt,parvmec,converged,"max(|fsqr|,|fsqz|,|fsql|)",9.850578654990116e-11,1e-10,0.9850578654990115,576.0,0,wout_hsxt.nc
educational_VMEC/from_MattLandreman_vmec_equilibria/HSX/filtered_to_remove_modular_ripple/hsxt,vmec2000,converged,"max(|fsqr|,|fsqz|,|fsql|)",9.8505834678726e-11,1e-10,0.9850583467872599,576.0,0,wout_hsxt.nc
educational_VMEC/from_MattLandreman_vmec_equilibria/HSX/filtered_to_remove_modular_ripple/hsxt,vmecpp,converged,"max(|fsqr|,|fsqz|,|fsql|)",9.860112636159939e-11,1e-10,0.9860112636159938,652.0,0,wout_input.nc
educational_VMEC/from_MattLandreman_vmec_equilibria/HSX/filtered_to_remove_modular_ripple/hsxt,vmex,converged,"max(|fsqr|,|fsqz|,|fsql|)",9.850582653168675e-11,1e-10,0.9850582653168675,575.0,0,wout_hsxt.nc
educational_VMEC/from_MattLandreman_vmec_equilibria/HSX/free_boundary/HSX,desc,converged,maximum normalized force error,0.00319,,,3.0,success,desc.log
educational_VMEC/from_MattLandreman_vmec_equilibria/ITER/hybridAxisymmFixedBoundaryNs201/ITER_hybridAxisymmFixedBoundaryNs201,desc,converged,maximum normalized force error,0.0001407,,,15.0,success,desc.log
educational_VMEC/from_MattLandreman_vmec_equilibria/ITER/hybridAxisymmFixedBoundaryNs201/ITER_hybridAxisymmFixedBoundaryNs201,gvec,not_converged,|force|,1.04e-06,1e-07,10.4,10000.0,finished,gvec.log
educational_VMEC/from_MattLandreman_vmec_equilibria/ITER/hybridAxisymmFixedBoundaryNs201/ITER_hybridAxisymmFixedBoundaryNs201,parvmec,converged,"max(|fsqr|,|fsqz|,|fsql|)",9.983746351098481e-18,1e-17,0.998374635109848,6574.0,0,wout_ITER_hybridAxisymmFixedBoundaryNs201.nc
educational_VMEC/from_MattLandreman_vmec_equilibria/ITER/hybridAxisymmFixedBoundaryNs201/ITER_hybridAxisymmFixedBoundaryNs201,vmecpp,not_converged,"max(|fsqr|,|fsqz|,|fsql|)",1.0,1e-17,1e+17,1.0,1,wout_input.nc
educational_VMEC/from_MattLandreman_vmec_equilibria/ITER_model/ns201/ITERModel,desc,converged,maximum normalized force error,6.728e-06,,,38.0,success,desc.log
educational_VMEC/from_MattLandreman_vmec_equilibria/ITER_model/ns201/ITERModel,educational_vmec,converged,"max(|fsqr|,|fsqz|,|fsql|)",9.945184464271201e-19,1e-18,0.9945184464271201,1848.0,0,wout_vmec.nc
educational_VMEC/from_MattLandreman_vmec_equilibria/ITER_model/ns201/ITERModel,gvec,converged,|force|,9.99e-08,1e-07,0.9990000000000001,10000.0,finished,gvec.log
educational_VMEC/from_MattLandreman_vmec_equilibria/ITER_model/ns201/ITERModel,jvmec,converged,"max(|fsqr|,|fsqz|,|fsql|)",9.98034000193729e-19,1e-18,0.998034000193729,0.0,0,wout_input_cleaned.nc
educational_VMEC/from_MattLandreman_vmec_equilibria/ITER_model/ns201/ITERModel,parvmec,converged,"max(|fsqr|,|fsqz|,|fsql|)",9.83847759598374e-19,1e-18,0.983847759598374,1470.0,0,wout_ITERModel.nc
educational_VMEC/from_MattLandreman_vmec_equilibria/ITER_model/ns201/ITERModel,vmec2000,converged,"max(|fsqr|,|fsqz|,|fsql|)",9.83847759598374e-19,1e-18,0.983847759598374,1470.0,0,wout_ITERModel.nc
educational_VMEC/from_MattLandreman_vmec_equilibria/ITER_model/ns201/ITERModel,vmecpp,converged,"max(|fsqr|,|fsqz|,|fsql|)",9.766093990684196e-19,1e-18,0.9766093990684196,1432.0,0,wout_input.nc
educational_VMEC/from_MattLandreman_vmec_equilibria/ITER_model/ns201/ITERModel,vmex,converged,"max(|fsqr|,|fsqz|,|fsql|)",9.972570320627373e-19,1e-18,0.9972570320627373,1469.0,0,wout_ITERModel.nc
educational_VMEC/from_MattLandreman_vmec_equilibria/KuBoozer_2011_NuclFusion_QHS/n4qh.b4.a79a/n4qh.b4.a79a,desc,converged,maximum normalized force error,0.006588,,,7.0,success,desc.log
educational_VMEC/from_MattLandreman_vmec_equilibria/KuBoozer_2011_NuclFusion_QHS/n4qh.b4.a79a/n4qh.b4.a79a,educational_vmec,not_converged,"max(|fsqr|,|fsqz|,|fsql|)",0.10358505427718469,1e-11,10358505427.71847,2.0,0,wout_vmec.nc
educational_VMEC/from_MattLandreman_vmec_equilibria/KuBoozer_2011_NuclFusion_QHS/n4qh.b4.a79a/n4qh.b4.a79a,parvmec,converged,"max(|fsqr|,|fsqz|,|fsql|)",9.903012896678802e-12,1e-11,0.9903012896678803,1340.0,0,wout_n4qh.b4.a79a.nc
educational_VMEC/from_MattLandreman_vmec_equilibria/KuBoozer_2011_NuclFusion_QHS/n4qh.b4.a79a/n4qh.b4.a79a,vmec2000,converged,"max(|fsqr|,|fsqz|,|fsql|)",9.903018332258396e-12,1e-11,0.9903018332258396,1340.0,0,wout_n4qh.b4.a79a.nc
educational_VMEC/from_MattLandreman_vmec_equilibria/KuBoozer_2011_NuclFusion_QHS/n4qh.b4.a79a/n4qh.b4.a79a,vmecpp,converged,"max(|fsqr|,|fsqz|,|fsql|)",9.934955163973427e-12,1e-11,0.9934955163973428,1328.0,0,wout_input.n4qh.b4.nc
educational_VMEC/from_MattLandreman_vmec_equilibria/KuBoozer_2011_NuclFusion_QHS/n4qh.b4.a79a/n4qh.b4.a79a,vmex,converged,"max(|fsqr|,|fsqz|,|fsql|)",9.903010400488144e-12,1e-11,0.9903010400488145,1339.0,0,wout_n4qh.b4.a79a.nc
educational_VMEC/from_MattLandreman_vmec_equilibria/KuBoozer_2011_NuclFusion_QHS/n5qh.fx3.a55z/n5qh.fx3.a55z,desc,converged,maximum normalized force error,0.009416,,,5.0,success,desc.log
educational_VMEC/from_MattLandreman_vmec_equilibria/KuBoozer_2011_NuclFusion_QHS/n5qh.fx3.a55z/n5qh.fx3.a55z,educational_vmec,not_converged,"max(|fsqr|,|fsqz|,|fsql|)",0.14081361384741078,1e-11,14081361384.74108,2.0,0,wout_vmec.nc
educational_VMEC/from_MattLandreman_vmec_equilibria/KuBoozer_2011_NuclFusion_QHS/n5qh.fx3.a55z/n5qh.fx3.a55z,parvmec,converged,"max(|fsqr|,|fsqz|,|fsql|)",9.790700364687868e-12,1e-11,0.9790700364687869,1073.0,0,wout_n5qh.fx3.a55z.nc
educational_VMEC/from_MattLandreman_vmec_equilibria/KuBoozer_2011_NuclFusion_QHS/n5qh.fx3.a55z/n5qh.fx3.a55z,vmec2000,converged,"max(|fsqr|,|fsqz|,|fsql|)",9.790708217169248e-12,1e-11,0.9790708217169248,1073.0,0,wout_n5qh.fx3.a55z.nc
educational_VMEC/from_MattLandreman_vmec_equilibria/KuBoozer_2011_NuclFusion_QHS/n5qh.fx3.a55z/n5qh.fx3.a55z,vmecpp,converged,"max(|fsqr|,|fsqz|,|fsql|)",9.851833309453725e-12,1e-11,0.9851833309453726,1160.0,0,wout_input.n5qh.fx3.nc
educational_VMEC/from_MattLandreman_vmec_equilibria/KuBoozer_2011_NuclFusion_QHS/n5qh.fx3.a55z/n5qh.fx3.a55z,vmex,converged,"max(|fsqr|,|fsqz|,|fsql|)",9.790652559501137e-12,1e-11,0.9790652559501137,1072.0,0,wout_n5qh.fx3.a55z.nc
educational_VMEC/from_MattLandreman_vmec_equilibria/NCSX/161s1_from_Mynick/161s1,desc,converged,maximum normalized force error,0.0033,,,7.0,success,desc.log
educational_VMEC/from_MattLandreman_vmec_equilibria/NCSX/161s1_from_Mynick/161s1,educational_vmec,converged,"max(|fsqr|,|fsqz|,|fsql|)",9.94952046606126e-12,1e-11,0.9949520466061261,1236.0,0,wout_vmec.nc
educational_VMEC/from_MattLandreman_vmec_equilibria/NCSX/161s1_from_Mynick/161s1,parvmec,converged,"max(|fsqr|,|fsqz|,|fsql|)",9.809531852779521e-12,1e-11,0.9809531852779522,939.0,0,wout_161s1.nc
educational_VMEC/from_MattLandreman_vmec_equilibria/NCSX/161s1_from_Mynick/161s1,vmec2000,converged,"max(|fsqr|,|fsqz|,|fsql|)",9.809532142312281e-12,1e-11,0.9809532142312282,939.0,0,wout_161s1.nc
educational_VMEC/from_MattLandreman_vmec_equilibria/NCSX/161s1_from_Mynick/161s1,vmecpp,converged,"max(|fsqr|,|fsqz|,|fsql|)",9.90521009738527e-12,1e-11,0.990521009738527,988.0,0,wout_input.nc
educational_VMEC/from_MattLandreman_vmec_equilibria/NCSX/161s1_from_Mynick/161s1,vmex,converged,"max(|fsqr|,|fsqz|,|fsql|)",9.809535991523985e-12,1e-11,0.9809535991523985,938.0,0,wout_161s1.nc
educational_VMEC/from_MattLandreman_vmec_equilibria/NCSX/free_boundary_from_vmec_wiki/ncsx_c09r00_free,desc,converged,maximum normalized force error,0.007601,,,5.0,success,desc.log
educational_VMEC/from_MattLandreman_vmec_equilibria/NCSX/li383_1.4m/li383_1.4m,desc,converged,maximum normalized force error,0.002989,,,5.0,success,desc.log
educational_VMEC/from_MattLandreman_vmec_equilibria/NCSX/li383_1.4m/li383_1.4m,educational_vmec,not_converged,"max(|fsqr|,|fsqz|,|fsql|)",0.08548418043556132,1e-11,8548418043.556132,2.0,0,wout_vmec.nc
educational_VMEC/from_MattLandreman_vmec_equilibria/NCSX/li383_1.4m/li383_1.4m,parvmec,converged,"max(|fsqr|,|fsqz|,|fsql|)",9.845521194184279e-12,1e-11,0.9845521194184279,1058.0,0,wout_li383_1.4m.nc
educational_VMEC/from_MattLandreman_vmec_equilibria/NCSX/li383_1.4m/li383_1.4m,vmec2000,converged,"max(|fsqr|,|fsqz|,|fsql|)",9.845526527102584e-12,1e-11,0.9845526527102584,1058.0,0,wout_li383_1.4m.nc
educational_VMEC/from_MattLandreman_vmec_equilibria/NCSX/li383_1.4m/li383_1.4m,vmecpp,converged,"max(|fsqr|,|fsqz|,|fsql|)",9.574342979804455e-12,1e-11,0.9574342979804455,1114.0,0,wout_input.li383_1.nc
educational_VMEC/from_MattLandreman_vmec_equilibria/NCSX/li383_1.4m/li383_1.4m,vmex,converged,"max(|fsqr|,|fsqz|,|fsql|)",9.845521251745165e-12,1e-11,0.9845521251745165,1057.0,0,wout_li383_1.4m.nc
educational_VMEC/from_MattLandreman_vmec_equilibria/NCSX/li383_1.4m_highResolution/li383_1.4m,educational_vmec,not_converged,"max(|fsqr|,|fsqz|,|fsql|)",0.6102079253425624,1e-11,61020792534.25624,42.0,4,wout_vmec.nc
educational_VMEC/from_MattLandreman_vmec_equilibria/NCSX/li383_1.4m_highResolution/li383_1.4m,parvmec,converged,"max(|fsqr|,|fsqz|,|fsql|)",9.99946318896681e-12,1e-11,0.999946318896681,1810.0,0,wout_li383_1.4m.nc
educational_VMEC/from_MattLandreman_vmec_equilibria/NCSX/li383_1.4m_highResolution/li383_1.4m,vmec2000,converged,"max(|fsqr|,|fsqz|,|fsql|)",9.999462763932529e-12,1e-11,0.999946276393253,1810.0,0,wout_li383_1.4m.nc
educational_VMEC/from_MattLandreman_vmec_equilibria/NCSX/li383_1.4m_highResolution/li383_1.4m,vmecpp,not_converged,"max(|fsqr|,|fsqz|,|fsql|)",0.6102079253254432,1e-06,610207.9253254433,42.0,4,wout_input.li383_1.nc
educational_VMEC/from_MattLandreman_vmec_equilibria/NCSX/li383_1.4m_highResolution/li383_1.4m,vmex,converged,"max(|fsqr|,|fsqz|,|fsql|)",9.99945872479453e-12,1e-11,0.9999458724794531,1809.0,0,wout_li383_1.4m.nc
educational_VMEC/from_MattLandreman_vmec_equilibria/NuhrenbergZille_1988_QHS/ns201/NuhrenbergZille_1988_QHS,desc,converged,maximum normalized force error,0.0009773,,,11.0,success,desc.log
educational_VMEC/from_MattLandreman_vmec_equilibria/NuhrenbergZille_1988_QHS/ns201/NuhrenbergZille_1988_QHS,educational_vmec,converged,"max(|fsqr|,|fsqz|,|fsql|)",9.996886873432473e-13,1e-12,0.9996886873432472,5771.0,0,wout_vmec.nc
educational_VMEC/from_MattLandreman_vmec_equilibria/NuhrenbergZille_1988_QHS/ns201/NuhrenbergZille_1988_QHS,gvec,not_converged,|force|,4.14e-07,1e-07,4.14,10000.0,finished,gvec.log
educational_VMEC/from_MattLandreman_vmec_equilibria/NuhrenbergZille_1988_QHS/ns201/NuhrenbergZille_1988_QHS,parvmec,converged,"max(|fsqr|,|fsqz|,|fsql|)",9.9849876859072e-13,1e-12,0.9984987685907201,2830.0,0,wout_NuhrenbergZille_1988_QHS.nc
educational_VMEC/from_MattLandreman_vmec_equilibria/NuhrenbergZille_1988_QHS/ns201/NuhrenbergZille_1988_QHS,vmec2000,converged,"max(|fsqr|,|fsqz|,|fsql|)",9.985328897926985e-13,1e-12,0.9985328897926985,2830.0,0,wout_NuhrenbergZille_1988_QHS.nc
educational_VMEC/from_MattLandreman_vmec_equilibria/NuhrenbergZille_1988_QHS/ns201/NuhrenbergZille_1988_QHS,vmecpp,converged,"max(|fsqr|,|fsqz|,|fsql|)",9.983417580815745e-13,1e-12,0.9983417580815745,3183.0,0,wout_input.nc
educational_VMEC/from_MattLandreman_vmec_equilibria/NuhrenbergZille_1988_QHS/ns201/NuhrenbergZille_1988_QHS,vmex,converged,"max(|fsqr|,|fsqz|,|fsql|)",9.985088011673135e-13,1e-12,0.9985088011673134,2829.0,0,wout_NuhrenbergZille_1988_QHS.nc
educational_VMEC/from_MattLandreman_vmec_equilibria/NuhrenbergZille_1988_QHS/ns51/NuhrenbergZille_1988_QHS,desc,converged,maximum normalized force error,0.001402,,,7.0,success,desc.log
educational_VMEC/from_MattLandreman_vmec_equilibria/NuhrenbergZille_1988_QHS/ns51/NuhrenbergZille_1988_QHS,educational_vmec,not_converged,"max(|fsqr|,|fsqz|,|fsql|)",0.052587907274629656,1e-11,5258790727.462966,2.0,0,wout_vmec.nc
educational_VMEC/from_MattLandreman_vmec_equilibria/NuhrenbergZille_1988_QHS/ns51/NuhrenbergZille_1988_QHS,gvec,not_converged,|force|,7.22e-07,1e-07,7.220000000000001,10000.0,finished,gvec.log
educational_VMEC/from_MattLandreman_vmec_equilibria/NuhrenbergZille_1988_QHS/ns51/NuhrenbergZille_1988_QHS,jvmec,converged,"max(|fsqr|,|fsqz|,|fsql|)",9.927246705264777e-12,1e-11,0.9927246705264777,0.0,0,wout_input_cleaned.nc
educational_VMEC/from_MattLandreman_vmec_equilibria/NuhrenbergZille_1988_QHS/ns51/NuhrenbergZille_1988_QHS,parvmec,converged,"max(|fsqr|,|fsqz|,|fsql|)",9.97958477856603e-12,1e-11,0.9979584778566031,1844.0,0,wout_NuhrenbergZille_1988_QHS.nc
educational_VMEC/from_MattLandreman_vmec_equilibria/NuhrenbergZille_1988_QHS/ns51/NuhrenbergZille_1988_QHS,vmec2000,converged,"max(|fsqr|,|fsqz|,|fsql|)",9.979583339509971e-12,1e-11,0.9979583339509972,1844.0,0,wout_NuhrenbergZille_1988_QHS.nc
educational_VMEC/from_MattLandreman_vmec_equilibria/NuhrenbergZille_1988_QHS/ns51/NuhrenbergZille_1988_QHS,vmecpp,converged,"max(|fsqr|,|fsqz|,|fsql|)",9.997029661268359e-12,1e-11,0.999702966126836,1707.0,0,wout_input.nc
educational_VMEC/from_MattLandreman_vmec_equilibria/NuhrenbergZille_1988_QHS/ns51/NuhrenbergZille_1988_QHS,vmex,converged,"max(|fsqr|,|fsqz|,|fsql|)",9.979585587112165e-12,1e-11,0.9979585587112165,1843.0,0,wout_NuhrenbergZille_1988_QHS.nc
educational_VMEC/from_MattLandreman_vmec_equilibria/QHS46/ns201/qhs46_ns201,parvmec,converged,"max(|fsqr|,|fsqz|,|fsql|)",9.978755580907693e-13,1e-12,0.9978755580907693,2818.0,0,wout_qhs46_ns201.nc
educational_VMEC/from_MattLandreman_vmec_equilibria/QHS46/ns201/qhs46_ns201,vmec2000,converged,"max(|fsqr|,|fsqz|,|fsql|)",9.978618469388794e-13,1e-12,0.9978618469388795,2818.0,0,wout_qhs46_ns201.nc
educational_VMEC/from_MattLandreman_vmec_equilibria/QHS46/ns201/qhs46_ns201,vmecpp,converged,"max(|fsqr|,|fsqz|,|fsql|)",9.97985400647007e-13,1e-12,0.9979854006470069,3736.0,0,wout_input.nc
educational_VMEC/from_MattLandreman_vmec_equilibria/QHS46/wistell_website_base_case/qhs46,desc,converged,maximum normalized force error,0.001235,,,6.0,success,desc.log
educational_VMEC/from_MattLandreman_vmec_equilibria/QHS46/wistell_website_base_case/qhs46,educational_vmec,converged,"max(|fsqr|,|fsqz|,|fsql|)",9.849530860795925e-08,1e-07,0.9849530860795925,207.0,0,wout_vmec.nc
educational_VMEC/from_MattLandreman_vmec_equilibria/QHS46/wistell_website_base_case/qhs46,jvmec,converged,"max(|fsqr|,|fsqz|,|fsql|)",9.845441040247432e-08,1e-07,0.9845441040247432,0.0,0,wout_input_cleaned.nc
educational_VMEC/from_MattLandreman_vmec_equilibria/QHS46/wistell_website_base_case/qhs46,parvmec,converged,"max(|fsqr|,|fsqz|,|fsql|)",9.845441029211594e-08,1e-07,0.9845441029211595,207.0,0,wout_qhs46.nc
educational_VMEC/from_MattLandreman_vmec_equilibria/QHS46/wistell_website_base_case/qhs46,vmec2000,converged,"max(|fsqr|,|fsqz|,|fsql|)",9.845441035632363e-08,1e-07,0.9845441035632364,207.0,0,wout_qhs46.nc
educational_VMEC/from_MattLandreman_vmec_equilibria/QHS46/wistell_website_base_case/qhs46,vmecpp,converged,"max(|fsqr|,|fsqz|,|fsql|)",9.849530864117051e-08,1e-07,0.9849530864117052,207.0,0,wout_input.nc
educational_VMEC/from_MattLandreman_vmec_equilibria/TJ-II/100_44_64_0/100_44_64_0.0,educational_vmec,not_converged,"max(|fsqr|,|fsqz|,|fsql|)",0.14227538880428411,1e-12,142275388804.28412,2.0,0,wout_vmec.nc
educational_VMEC/from_MattLandreman_vmec_equilibria/TJ-II/100_44_64_0/100_44_64_0.0,parvmec,converged,"max(|fsqr|,|fsqz|,|fsql|)",9.948709598033703e-13,1e-12,0.9948709598033704,1987.0,0,wout_100_44_64_0.0.nc
educational_VMEC/from_MattLandreman_vmec_equilibria/TJ-II/100_44_64_0/100_44_64_0.0,vmec2000,converged,"max(|fsqr|,|fsqz|,|fsql|)",9.948697219946162e-13,1e-12,0.9948697219946162,1987.0,0,wout_100_44_64_0.0.nc
educational_VMEC/from_MattLandreman_vmec_equilibria/TJ-II/100_44_64_0/100_44_64_0.0,vmecpp,converged,"max(|fsqr|,|fsqz|,|fsql|)",9.969824227080948e-13,1e-12,0.9969824227080948,2230.0,0,wout_input.100_44_64_0.nc
educational_VMEC/from_MattLandreman_vmec_equilibria/TJ-II/100_44_64_0/100_44_64_0.0,vmex,converged,"max(|fsqr|,|fsqz|,|fsql|)",9.94867270853626e-13,1e-12,0.9948672708536259,1986.0,0,wout_100_44_64_0.0.nc
educational_VMEC/from_MattLandreman_vmec_equilibria/W7-X/Standard_fixed_boundary/W7-X_standard_configuration,desc,converged,maximum normalized force error,0.001791,,,1.0,success,desc.log
educational_VMEC/from_MattLandreman_vmec_equilibria/W7-X/Standard_fixed_boundary/W7-X_standard_configuration,educational_vmec,not_converged,"max(|fsqr|,|fsqz|,|fsql|)",0.017194536791620016,1e-12,17194536791.620018,2.0,0,wout_vmec.nc
educational_VMEC/from_MattLandreman_vmec_equilibria/W7-X/Standard_fixed_boundary/W7-X_standard_configuration,gvec,not_converged,|force|,5.27e-07,1e-07,5.2700000000000005,10000.0,finished,gvec.log
educational_VMEC/from_MattLandreman_vmec_equilibria/W7-X/Standard_fixed_boundary/W7-X_standard_configuration,jvmec,converged,"max(|fsqr|,|fsqz|,|fsql|)",9.971899756370952e-13,1e-12,0.9971899756370952,0.0,0,wout_input_cleaned.nc
educational_VMEC/from_MattLandreman_vmec_equilibria/W7-X/Standard_fixed_boundary/W7-X_standard_configuration,parvmec,converged,"max(|fsqr|,|fsqz|,|fsql|)",9.968496451385252e-13,1e-12,0.9968496451385253,1106.0,0,wout_W7-X_standard_configuration.nc
educational_VMEC/from_MattLandreman_vmec_equilibria/W7-X/Standard_fixed_boundary/W7-X_standard_configuration,vmec2000,converged,"max(|fsqr|,|fsqz|,|fsql|)",9.96844448408391e-13,1e-12,0.996844448408391,1106.0,0,wout_W7-X_standard_configuration.nc
educational_VMEC/from_MattLandreman_vmec_equilibria/W7-X/Standard_fixed_boundary/W7-X_standard_configuration,vmecpp,converged,"max(|fsqr|,|fsqz|,|fsql|)",9.600661859891237e-13,1e-12,0.9600661859891237,1168.0,0,wout_input.nc
educational_VMEC/from_MattLandreman_vmec_equilibria/W7-X/Standard_fixed_boundary/W7-X_standard_configuration,vmex,converged,"max(|fsqr|,|fsqz|,|fsql|)",9.968501611832802e-13,1e-12,0.9968501611832802,1105.0,0,wout_W7-X_standard_configuration.nc
educational_VMEC/from_MattLandreman_vmec_equilibria/W7-X/fixedBoundaryBeforeCoilOptimmizationFromDrevlak/d23p4_tm,desc,converged,maximum normalized force error,0.000491,,,1.0,success,desc.log
educational_VMEC/from_MattLandreman_vmec_equilibria/W7-X/fixedBoundaryBeforeCoilOptimmizationFromDrevlak/d23p4_tm,educational_vmec,not_converged,"max(|fsqr|,|fsqz|,|fsql|)",0.10666057818452584,1e-12,106660578184.52585,2.0,0,wout_vmec.nc
educational_VMEC/from_MattLandreman_vmec_equilibria/W7-X/fixedBoundaryBeforeCoilOptimmizationFromDrevlak/d23p4_tm,gvec,not_converged,|force|,3.81e-07,1e-07,3.81,10000.0,finished,gvec.log
educational_VMEC/from_MattLandreman_vmec_equilibria/W7-X/fixedBoundaryBeforeCoilOptimmizationFromDrevlak/d23p4_tm,parvmec,converged,"max(|fsqr|,|fsqz|,|fsql|)",9.99962296325492e-13,1e-12,0.9999622963254922,3708.0,0,wout_d23p4_tm.nc
educational_VMEC/from_MattLandreman_vmec_equilibria/W7-X/fixedBoundaryBeforeCoilOptimmizationFromDrevlak/d23p4_tm,vmec2000,converged,"max(|fsqr|,|fsqz|,|fsql|)",9.999549094538591e-13,1e-12,0.9999549094538591,3708.0,0,wout_d23p4_tm.nc
educational_VMEC/from_MattLandreman_vmec_equilibria/W7-X/fixedBoundaryBeforeCoilOptimmizationFromDrevlak/d23p4_tm,vmecpp,converged,"max(|fsqr|,|fsqz|,|fsql|)",9.975606913608882e-13,1e-12,0.9975606913608882,3709.0,0,wout_input.nc
educational_VMEC/from_SIMSOPT/2_Intermediate/QAS,desc,converged,maximum normalized force error,0.007601,,,5.0,success,desc.log
educational_VMEC/from_SIMSOPT/2_Intermediate/QAS,educational_vmec,not_converged,"max(|fsqr|,|fsqz|,|fsql|)",0.05190650067957497,1e-12,51906500679.57497,2.0,0,wout_vmec.nc
educational_VMEC/from_SIMSOPT/2_Intermediate/QAS,parvmec,converged,"max(|fsqr|,|fsqz|,|fsql|)",9.954398272620623e-13,1e-12,0.9954398272620623,1777.0,0,wout_QAS.nc
educational_VMEC/from_SIMSOPT/2_Intermediate/QAS,vmec2000,converged,"max(|fsqr|,|fsqz|,|fsql|)",9.95442074857562e-13,1e-12,0.995442074857562,1777.0,0,wout_QAS.nc
educational_VMEC/from_SIMSOPT/2_Intermediate/QAS,vmecpp,converged,"max(|fsqr|,|fsqz|,|fsql|)",9.97855856120207e-13,1e-12,0.997855856120207,1888.0,0,wout_input.nc
educational_VMEC/from_SIMSOPT/2_Intermediate/QAS,vmex,converged,"max(|fsqr|,|fsqz|,|fsql|)",9.95416890694751e-13,1e-12,0.9954168906947511,1776.0,0,wout_QAS.nc
educational_VMEC/from_SIMSOPT/2_Intermediate/nfp2_QA,desc,converged,maximum normalized force error,1.15e-06,,,1.0,success,desc.log
educational_VMEC/from_SIMSOPT/2_Intermediate/nfp2_QA,educational_vmec,converged,"max(|fsqr|,|fsqz|,|fsql|)",9.035249185351973e-12,1e-11,0.9035249185351973,130.0,0,wout_vmec.nc
educational_VMEC/from_SIMSOPT/2_Intermediate/nfp2_QA,gvec,converged,|force|,9.88e-08,1e-07,0.988,10000.0,finished,gvec.log
educational_VMEC/from_SIMSOPT/2_Intermediate/nfp2_QA,jvmec,converged,"max(|fsqr|,|fsqz|,|fsql|)",9.03525491540942e-12,1e-11,0.903525491540942,0.0,0,wout_input_cleaned.nc
educational_VMEC/from_SIMSOPT/2_Intermediate/nfp2_QA,parvmec,converged,"max(|fsqr|,|fsqz|,|fsql|)",9.035249276575216e-12,1e-11,0.9035249276575216,130.0,0,wout_nfp2_QA.nc
educational_VMEC/from_SIMSOPT/2_Intermediate/nfp2_QA,vmec2000,converged,"max(|fsqr|,|fsqz|,|fsql|)",9.035250201999203e-12,1e-11,0.9035250201999204,130.0,0,wout_nfp2_QA.nc
educational_VMEC/from_SIMSOPT/2_Intermediate/nfp2_QA,vmecpp,converged,"max(|fsqr|,|fsqz|,|fsql|)",9.035251322653151e-12,1e-11,0.9035251322653152,130.0,0,wout_input.nc
educational_VMEC/from_SIMSOPT/2_Intermediate/nfp2_QA,vmex,converged,"max(|fsqr|,|fsqz|,|fsql|)",9.035250840983943e-12,1e-11,0.9035250840983944,129.0,0,wout_nfp2_QA.nc
educational_VMEC/from_SIMSOPT/2_Intermediate/nfp4_QH_warm_start,desc,converged,maximum normalized force error,0.005365,,,6.0,success,desc.log
educational_VMEC/from_SIMSOPT/2_Intermediate/nfp4_QH_warm_start,educational_vmec,converged,"max(|fsqr|,|fsqz|,|fsql|)",9.947617104345934e-12,1e-11,0.9947617104345934,1067.0,0,wout_vmec.nc
educational_VMEC/from_SIMSOPT/2_Intermediate/nfp4_QH_warm_start,gvec,not_converged,|force|,4.45e-06,1e-06,4.45,10000.0,finished,gvec.log
educational_VMEC/from_SIMSOPT/2_Intermediate/nfp4_QH_warm_start,jvmec,converged,"max(|fsqr|,|fsqz|,|fsql|)",9.948862589951262e-12,1e-11,0.9948862589951263,0.0,0,wout_input_cleaned.nc
educational_VMEC/from_SIMSOPT/2_Intermediate/nfp4_QH_warm_start,parvmec,converged,"max(|fsqr|,|fsqz|,|fsql|)",9.948866890336944e-12,1e-11,0.9948866890336945,1067.0,0,wout_nfp4_QH_warm_start.nc
educational_VMEC/from_SIMSOPT/2_Intermediate/nfp4_QH_warm_start,vmec2000,converged,"max(|fsqr|,|fsqz|,|fsql|)",9.948855648912988e-12,1e-11,0.9948855648912989,1067.0,0,wout_nfp4_QH_warm_start.nc
educational_VMEC/from_SIMSOPT/2_Intermediate/nfp4_QH_warm_start,vmecpp,converged,"max(|fsqr|,|fsqz|,|fsql|)",9.947608013263595e-12,1e-11,0.9947608013263596,1067.0,0,wout_input.nc
educational_VMEC/from_SIMSOPT/2_Intermediate/nfp4_QH_warm_start,vmex,converged,"max(|fsqr|,|fsqz|,|fsql|)",9.94884164252045e-12,1e-11,0.9948841642520452,1066.0,0,wout_nfp4_QH_warm_start.nc
educational_VMEC/from_SIMSOPT/3_Advanced/nfp2_QA_iota0.4_withIslands,desc,converged,maximum normalized force error,0.001143,,,7.0,success,desc.log
educational_VMEC/from_SIMSOPT/3_Advanced/nfp2_QA_iota0.4_withIslands,educational_vmec,converged,"max(|fsqr|,|fsqz|,|fsql|)",9.913397041020755e-12,1e-11,0.9913397041020756,642.0,0,wout_vmec.nc
educational_VMEC/from_SIMSOPT/3_Advanced/nfp2_QA_iota0.4_withIslands,gvec,not_converged,|force|,1.3e-06,1e-06,1.3,10000.0,finished,gvec.log
educational_VMEC/from_SIMSOPT/3_Advanced/nfp2_QA_iota0.4_withIslands,jvmec,converged,"max(|fsqr|,|fsqz|,|fsql|)",9.909153770357032e-12,1e-11,0.9909153770357032,0.0,0,wout_input_cleaned.nc
educational_VMEC/from_SIMSOPT/3_Advanced/nfp2_QA_iota0.4_withIslands,parvmec,converged,"max(|fsqr|,|fsqz|,|fsql|)",9.927118815004107e-12,1e-11,0.9927118815004108,688.0,0,wout_nfp2_QA_iota0.4_withIslands.nc
educational_VMEC/from_SIMSOPT/3_Advanced/nfp2_QA_iota0.4_withIslands,vmec2000,converged,"max(|fsqr|,|fsqz|,|fsql|)",9.927120577755632e-12,1e-11,0.9927120577755633,688.0,0,wout_nfp2_QA_iota0.4_withIslands.nc
educational_VMEC/from_SIMSOPT/3_Advanced/nfp2_QA_iota0.4_withIslands,vmecpp,converged,"max(|fsqr|,|fsqz|,|fsql|)",9.978306194543133e-12,1e-11,0.9978306194543134,404.0,0,wout_input.nfp2_QA_iota0.nc
educational_VMEC/from_SIMSOPT/3_Advanced/nfp2_QA_iota0.4_withIslands,vmex,converged,"max(|fsqr|,|fsqz|,|fsql|)",9.927121561988174e-12,1e-11,0.9927121561988175,687.0,0,wout_nfp2_QA_iota0.4_withIslands.nc
educational_VMEC/from_SIMSOPT/stellarator_benchmarks/1DOF_Garabedian,desc,converged,maximum normalized force error,0.003038,,,2.0,success,desc.log
educational_VMEC/from_SIMSOPT/stellarator_benchmarks/1DOF_Garabedian,educational_vmec,converged,"max(|fsqr|,|fsqz|,|fsql|)",9.959634875185826e-13,1e-12,0.9959634875185827,266.0,0,wout_vmec.nc
educational_VMEC/from_SIMSOPT/stellarator_benchmarks/1DOF_Garabedian,gvec,converged,|force|,9.99e-08,1e-07,0.9990000000000001,10000.0,finished,gvec.log
educational_VMEC/from_SIMSOPT/stellarator_benchmarks/1DOF_Garabedian,jvmec,converged,"max(|fsqr|,|fsqz|,|fsql|)",9.958917255581883e-13,1e-12,0.9958917255581883,0.0,0,wout_input_cleaned.nc
educational_VMEC/from_SIMSOPT/stellarator_benchmarks/1DOF_Garabedian,parvmec,converged,"max(|fsqr|,|fsqz|,|fsql|)",9.77314265934639e-13,1e-12,0.977314265934639,243.0,0,wout_1DOF_Garabedian.nc
educational_VMEC/from_SIMSOPT/stellarator_benchmarks/1DOF_Garabedian,vmec2000,converged,"max(|fsqr|,|fsqz|,|fsql|)",9.773142549160568e-13,1e-12,0.9773142549160568,243.0,0,wout_1DOF_Garabedian.nc
educational_VMEC/from_SIMSOPT/stellarator_benchmarks/1DOF_Garabedian,vmecpp,converged,"max(|fsqr|,|fsqz|,|fsql|)",9.959631935708665e-13,1e-12,0.9959631935708665,266.0,0,wout_input.nc
educational_VMEC/from_SIMSOPT/stellarator_benchmarks/1DOF_Garabedian,vmex,converged,"max(|fsqr|,|fsqz|,|fsql|)",9.773144943344293e-13,1e-12,0.9773144943344293,242.0,0,wout_1DOF_Garabedian.nc
educational_VMEC/from_SIMSOPT/stellarator_benchmarks/2DOF_circularCrossSection_varyAxis_targetIotaAndQuasisymmetry,desc,converged,maximum normalized force error,0.000149,,,9.0,success,desc.log
educational_VMEC/from_SIMSOPT/stellarator_benchmarks/2DOF_circularCrossSection_varyAxis_targetIotaAndQuasisymmetry,educational_vmec,converged,"max(|fsqr|,|fsqz|,|fsql|)",9.994901665459747e-13,1e-12,0.9994901665459748,278.0,0,wout_vmec.nc
educational_VMEC/from_SIMSOPT/stellarator_benchmarks/2DOF_circularCrossSection_varyAxis_targetIotaAndQuasisymmetry,jvmec,converged,"max(|fsqr|,|fsqz|,|fsql|)",9.433100405668504e-13,1e-12,0.9433100405668504,0.0,0,wout_input_cleaned.nc
educational_VMEC/from_SIMSOPT/stellarator_benchmarks/2DOF_circularCrossSection_varyAxis_targetIotaAndQuasisymmetry,parvmec,converged,"max(|fsqr|,|fsqz|,|fsql|)",9.433107726800072e-13,1e-12,0.9433107726800072,288.0,0,wout_2DOF_circularCrossSection_varyAxis_targetIotaAndQuasisymmetry.nc
educational_VMEC/from_SIMSOPT/stellarator_benchmarks/2DOF_circularCrossSection_varyAxis_targetIotaAndQuasisymmetry,vmec2000,converged,"max(|fsqr|,|fsqz|,|fsql|)",9.433085694277824e-13,1e-12,0.9433085694277824,288.0,0,wout_2DOF_circularCrossSection_varyAxis_targetIotaAndQuasisymmetry.nc
educational_VMEC/from_SIMSOPT/stellarator_benchmarks/2DOF_circularCrossSection_varyAxis_targetIotaAndQuasisymmetry,vmecpp,converged,"max(|fsqr|,|fsqz|,|fsql|)",9.994920590974083e-13,1e-12,0.9994920590974083,278.0,0,wout_input.nc
educational_VMEC/from_SIMSOPT/stellarator_benchmarks/2DOF_circularCrossSection_varyAxis_targetIotaAndQuasisymmetry,vmex,converged,"max(|fsqr|,|fsqz|,|fsql|)",9.433131051482347e-13,1e-12,0.9433131051482347,287.0,0,wout_2DOF_circularCrossSection_varyAxis_targetIotaAndQuasisymmetry.nc
educational_VMEC/from_SIMSOPT/stellarator_benchmarks/2DOF_vmecOnly_targetIotaAndVolume,desc,converged,maximum normalized force error,0.009986,,,2.0,success,desc.log
educational_VMEC/from_SIMSOPT/stellarator_benchmarks/2DOF_vmecOnly_targetIotaAndVolume,educational_vmec,converged,"max(|fsqr|,|fsqz|,|fsql|)",9.83964202805155e-11,1e-10,0.983964202805155,377.0,0,wout_vmec.nc
educational_VMEC/from_SIMSOPT/stellarator_benchmarks/2DOF_vmecOnly_targetIotaAndVolume,gvec,not_converged,|force|,1.44e-07,1e-07,1.44,10000.0,finished,gvec.log
educational_VMEC/from_SIMSOPT/stellarator_benchmarks/2DOF_vmecOnly_targetIotaAndVolume,jvmec,converged,"max(|fsqr|,|fsqz|,|fsql|)",9.839512818348261e-11,1e-10,0.9839512818348262,0.0,0,wout_input_cleaned.nc
educational_VMEC/from_SIMSOPT/stellarator_benchmarks/2DOF_vmecOnly_targetIotaAndVolume,parvmec,converged,"max(|fsqr|,|fsqz|,|fsql|)",9.839512811272137e-11,1e-10,0.9839512811272136,377.0,0,wout_2DOF_vmecOnly_targetIotaAndVolume.nc
educational_VMEC/from_SIMSOPT/stellarator_benchmarks/2DOF_vmecOnly_targetIotaAndVolume,vmec2000,converged,"max(|fsqr|,|fsqz|,|fsql|)",9.839512776244974e-11,1e-10,0.9839512776244973,377.0,0,wout_2DOF_vmecOnly_targetIotaAndVolume.nc
educational_VMEC/from_SIMSOPT/stellarator_benchmarks/2DOF_vmecOnly_targetIotaAndVolume,vmecpp,converged,"max(|fsqr|,|fsqz|,|fsql|)",9.839641985575939e-11,1e-10,0.9839641985575939,377.0,0,wout_input.nc
educational_VMEC/from_SIMSOPT/stellarator_benchmarks/2DOF_vmecOnly_targetIotaAndVolume,vmex,converged,"max(|fsqr|,|fsqz|,|fsql|)",9.839512746592162e-11,1e-10,0.9839512746592162,376.0,0,wout_2DOF_vmecOnly_targetIotaAndVolume.nc
educational_VMEC/from_SIMSOPT/stellarator_benchmarks/stellopt_scenarios_7dof,desc,converged,maximum normalized force error,0.0001509,,,11.0,success,desc.log
educational_VMEC/from_SIMSOPT/stellarator_benchmarks/stellopt_scenarios_7dof,educational_vmec,converged,"max(|fsqr|,|fsqz|,|fsql|)",8.632778966125169e-13,1e-12,0.863277896612517,293.0,0,wout_vmec.nc
educational_VMEC/from_SIMSOPT/stellarator_benchmarks/stellopt_scenarios_7dof,gvec,not_converged,|force|,1.04e-07,1e-07,1.04,10000.0,finished,gvec.log
educational_VMEC/from_SIMSOPT/stellarator_benchmarks/stellopt_scenarios_7dof,jvmec,converged,"max(|fsqr|,|fsqz|,|fsql|)",8.689586662885661e-13,1e-12,0.8689586662885661,0.0,0,wout_input_cleaned.nc
educational_VMEC/from_SIMSOPT/stellarator_benchmarks/stellopt_scenarios_7dof,parvmec,converged,"max(|fsqr|,|fsqz|,|fsql|)",8.689580220373911e-13,1e-12,0.8689580220373911,293.0,0,wout_stellopt_scenarios_7dof.nc
educational_VMEC/from_SIMSOPT/stellarator_benchmarks/stellopt_scenarios_7dof,vmec2000,converged,"max(|fsqr|,|fsqz|,|fsql|)",8.689584145195881e-13,1e-12,0.8689584145195881,293.0,0,wout_stellopt_scenarios_7dof.nc
educational_VMEC/from_SIMSOPT/stellarator_benchmarks/stellopt_scenarios_7dof,vmecpp,converged,"max(|fsqr|,|fsqz|,|fsql|)",8.632782182468963e-13,1e-12,0.8632782182468963,293.0,0,wout_input.nc
educational_VMEC/from_SIMSOPT/stellarator_benchmarks/stellopt_scenarios_7dof,vmex,converged,"max(|fsqr|,|fsqz|,|fsql|)",8.689549783039058e-13,1e-12,0.8689549783039058,292.0,0,wout_stellopt_scenarios_7dof.nc
educational_VMEC/from_STELLOPT_246/Asym/asdex.tichman,desc,converged,maximum normalized force error,0.0002167,,,11.0,success,desc.log
educational_VMEC/from_STELLOPT_246/Asym/asdex_fixed,desc,converged,maximum normalized force error,0.0001111,,,9.0,success,desc.log
educational_VMEC/from_STELLOPT_246/Asym/d3d.071273.02375,desc,converged,maximum normalized force error,0.0001342,,,20.0,success,desc.log
educational_VMEC/from_STELLOPT_246/Asym/d3d.082205.03665,desc,converged,maximum normalized force error,0.001785,,,11.0,success,desc.log
educational_VMEC/from_STELLOPT_246/Asym/d3d.082205.13665,desc,converged,maximum normalized force error,0.0004366,,,7.0,success,desc.log
educational_VMEC/from_STELLOPT_246/Asym/d3d.087977.12580,desc,converged,maximum normalized force error,0.002991,,,6.0,success,desc.log
educational_VMEC/from_STELLOPT_246/Asym/d3d.107781.02975,desc,converged,maximum normalized force error,0.0008296,,,16.0,success,desc.log
educational_VMEC/from_STELLOPT_246/Asym/d3d.107781.12975,desc,converged,maximum normalized force error,0.000746,,,4.0,success,desc.log
educational_VMEC/from_STELLOPT_246/Asym/d3d_curhole,desc,converged,maximum normalized force error,0.0001332,,,4.0,success,desc.log
educational_VMEC/from_STELLOPT_246/Asym/d3d_curhole,educational_vmec,not_converged,"max(|fsqr|,|fsqz|,|fsql|)",0.026070980854360513,1e-20,2.6070980854360515e+18,2.0,0,wout_vmec.nc
educational_VMEC/from_STELLOPT_246/Asym/d3d_curhole,gvec,not_converged,|force|,2.09e-06,1e-07,20.9,10000.0,finished,gvec.log
educational_VMEC/from_STELLOPT_246/Asym/d3d_curhole,parvmec,converged,"max(|fsqr|,|fsqz|,|fsql|)",5.228048006177818e-22,1e-20,0.052280480061778184,607.0,0,wout_d3d_curhole.nc
educational_VMEC/from_STELLOPT_246/Asym/d3d_curhole,spectre,converged,least-squares optimality,2.4578224786085684e+29,,,40.0,3,spectre_input_res.json
educational_VMEC/from_STELLOPT_246/Asym/d3d_curhole,vmec2000,not_converged,"max(|fsqr|,|fsqz|,|fsql|)",3.5822159022983695e-05,1e-20,3582215902298369.5,8001.0,0,wout_d3d_curhole.nc
educational_VMEC/from_STELLOPT_246/Asym/d3d_curhole,vmecpp,converged,"max(|fsqr|,|fsqz|,|fsql|)",9.976197863087632e-21,1e-20,0.9976197863087632,5008.0,0,wout_input.nc
educational_VMEC/from_STELLOPT_246/Asym/d3d_curhole,vmex,converged,"max(|fsqr|,|fsqz|,|fsql|)",9.997210365658798e-21,1e-20,0.9997210365658799,713.0,0,wout_d3d_curhole.nc
educational_VMEC/from_STELLOPT_246/Asym/d3d_curhole5,desc,converged,maximum normalized force error,0.000192,,,9.0,success,desc.log
educational_VMEC/from_STELLOPT_246/Asym/d3d_curhole5,educational_vmec,not_converged,"max(|fsqr|,|fsqz|,|fsql|)",0.9237991740143968,1e-20,9.237991740143968e+19,2.0,0,wout_vmec.nc
educational_VMEC/from_STELLOPT_246/Asym/d3d_curhole5,gvec,not_converged,|force|,4.1e-06,1e-07,41.0,10000.0,finished,gvec.log
educational_VMEC/from_STELLOPT_246/Asym/d3d_curhole5,jvmec,converged,"max(|fsqr|,|fsqz|,|fsql|)",9.626257973657419e-21,1e-20,0.9626257973657419,0.0,0,wout_input_cleaned.nc
educational_VMEC/from_STELLOPT_246/Asym/d3d_curhole5,parvmec,converged,"max(|fsqr|,|fsqz|,|fsql|)",3.7120990153796464e-21,1e-20,0.3712099015379647,1050.0,0,wout_d3d_curhole5.nc
educational_VMEC/from_STELLOPT_246/Asym/d3d_curhole5,spectre,converged,least-squares optimality,2.45377047005285e+29,,,40.0,3,spectre_input_res.json
educational_VMEC/from_STELLOPT_246/Asym/d3d_curhole5,vmec2000,not_converged,"max(|fsqr|,|fsqz|,|fsql|)",3.186225408536952e-07,1e-20,31862254085369.523,1057.0,0,wout_d3d_curhole5.nc
educational_VMEC/from_STELLOPT_246/Asym/d3d_curhole5,vmecpp,not_converged,"max(|fsqr|,|fsqz|,|fsql|)",5.046407658888721e-11,1e-20,5046407658.888721,7941.0,0,wout_input.nc
educational_VMEC/from_STELLOPT_246/Asym/d3d_curhole5,vmex,converged,"max(|fsqr|,|fsqz|,|fsql|)",7.767154980607363e-21,1e-20,0.7767154980607364,1398.0,0,wout_d3d_curhole5.nc
educational_VMEC/from_STELLOPT_246/Asym/d3d_curhole55,desc,converged,maximum normalized force error,0.0001802,,,6.0,success,desc.log
educational_VMEC/from_STELLOPT_246/Asym/d3d_curhole55,educational_vmec,not_converged,"max(|fsqr|,|fsqz|,|fsql|)",0.09186230288611218,1e-20,9.186230288611218e+18,2.0,0,wout_vmec.nc
educational_VMEC/from_STELLOPT_246/Asym/d3d_curhole55,gvec,not_converged,|force|,2.45e-06,1e-07,24.5,10000.0,finished,gvec.log
educational_VMEC/from_STELLOPT_246/Asym/d3d_curhole55,jvmec,converged,"max(|fsqr|,|fsqz|,|fsql|)",9.247713396898547e-21,1e-20,0.9247713396898548,0.0,0,wout_input_cleaned.nc
educational_VMEC/from_STELLOPT_246/Asym/d3d_curhole55,parvmec,converged,"max(|fsqr|,|fsqz|,|fsql|)",6.2004002135905e-22,1e-20,0.062004002135905005,701.0,0,wout_d3d_curhole55.nc
educational_VMEC/from_STELLOPT_246/Asym/d3d_curhole55,spectre,converged,least-squares optimality,2.457821954981203e+29,,,40.0,3,spectre_input_res.json
educational_VMEC/from_STELLOPT_246/Asym/d3d_curhole55,vmec2000,not_converged,"max(|fsqr|,|fsqz|,|fsql|)",3.265500828142194e-05,1e-20,3265500828142194.0,28001.0,0,wout_d3d_curhole55.nc
educational_VMEC/from_STELLOPT_246/Asym/d3d_curhole55,vmecpp,converged,"max(|fsqr|,|fsqz|,|fsql|)",9.595039610601764e-21,1e-20,0.9595039610601764,2517.0,0,wout_input.nc
educational_VMEC/from_STELLOPT_246/Asym/d3d_curhole55,vmex,converged,"max(|fsqr|,|fsqz|,|fsql|)",8.871072327959255e-21,1e-20,0.8871072327959255,757.0,0,wout_d3d_curhole55.nc
educational_VMEC/from_STELLOPT_246/Asym/d3d_fixed,desc,converged,maximum normalized force error,0.0007826,,,4.0,success,desc.log
educational_VMEC/from_STELLOPT_246/Asym/test,desc,converged,maximum normalized force error,0.000192,,,9.0,success,desc.log
educational_VMEC/from_STELLOPT_246/Asym/test,educational_vmec,not_converged,"max(|fsqr|,|fsqz|,|fsql|)",1.2630998761696517,1e-20,1.2630998761696518e+20,2.0,0,wout_vmec.nc
educational_VMEC/from_STELLOPT_246/Asym/test,gvec,not_converged,|force|,4.1e-06,1e-07,41.0,10000.0,finished,gvec.log
educational_VMEC/from_STELLOPT_246/Asym/test,parvmec,converged,"max(|fsqr|,|fsqz|,|fsql|)",5.1538997494490945e-21,1e-20,0.5153899749449095,3381.0,0,wout_test.nc
educational_VMEC/from_STELLOPT_246/Asym/test,spectre,converged,least-squares optimality,2.45377047005285e+29,,,40.0,3,spectre_input_res.json
educational_VMEC/from_STELLOPT_246/Asym/test,vmec2000,not_converged,"max(|fsqr|,|fsqz|,|fsql|)",5.221919293089218e-08,1e-20,5221919293089.219,8001.0,0,wout_test.nc
educational_VMEC/from_STELLOPT_246/Asym/test,vmecpp,converged,"max(|fsqr|,|fsqz|,|fsql|)",9.954172712532494e-21,1e-20,0.9954172712532494,3294.0,0,wout_input.nc
educational_VMEC/from_STELLOPT_246/Benchmarks/atf,desc,converged,maximum normalized force error,0.095,,,2.0,success,desc.log
educational_VMEC/from_STELLOPT_246/Benchmarks/atf,educational_vmec,not_converged,"max(|fsqr|,|fsqz|,|fsql|)",0.6973312884581769,1e-11,69733128845.8177,2.0,0,wout_vmec.nc
educational_VMEC/from_STELLOPT_246/Benchmarks/atf,gvec,not_converged,|force|,1.19e-06,1e-07,11.9,10000.0,finished,gvec.log
educational_VMEC/from_STELLOPT_246/Benchmarks/atf,jvmec,converged,"max(|fsqr|,|fsqz|,|fsql|)",9.713348445547447e-12,1e-11,0.9713348445547447,0.0,0,wout_input_cleaned.nc
educational_VMEC/from_STELLOPT_246/Benchmarks/atf,parvmec,converged,"max(|fsqr|,|fsqz|,|fsql|)",9.632008138950895e-12,1e-11,0.9632008138950896,618.0,0,wout_atf.nc
educational_VMEC/from_STELLOPT_246/Benchmarks/atf,vmec2000,converged,"max(|fsqr|,|fsqz|,|fsql|)",9.632012710903738e-12,1e-11,0.9632012710903739,618.0,0,wout_atf.nc
educational_VMEC/from_STELLOPT_246/Benchmarks/atf,vmecpp,converged,"max(|fsqr|,|fsqz|,|fsql|)",9.83565514328909e-12,1e-11,0.983565514328909,763.0,0,wout_input.nc
educational_VMEC/from_STELLOPT_246/Benchmarks/atf,vmex,converged,"max(|fsqr|,|fsqz|,|fsql|)",9.632008635162139e-12,1e-11,0.9632008635162139,617.0,0,wout_atf.nc
educational_VMEC/from_STELLOPT_246/Benchmarks/atf0,desc,converged,maximum normalized force error,0.1273,,,1.0,success,desc.log
educational_VMEC/from_STELLOPT_246/Benchmarks/atf0,educational_vmec,not_converged,"max(|fsqr|,|fsqz|,|fsql|)",0.8679204553737379,1e-20,8.679204553737378e+19,2.0,0,wout_vmec.nc
educational_VMEC/from_STELLOPT_246/Benchmarks/atf0,gvec,not_converged,|force|,1.65e-06,1e-07,16.5,10000.0,finished,gvec.log
educational_VMEC/from_STELLOPT_246/Benchmarks/atf0,parvmec,not_converged,"max(|fsqr|,|fsqz|,|fsql|)",2.52795642178999e-20,1e-20,2.52795642178999,3001.0,0,wout_atf0.nc
educational_VMEC/from_STELLOPT_246/Benchmarks/atf0,spectre,converged,least-squares optimality,6652674775.271196,,,47.0,2,spectre_input_res.json
educational_VMEC/from_STELLOPT_246/Benchmarks/atf0,vmec2000,not_converged,"max(|fsqr|,|fsqz|,|fsql|)",2.9644398028637507e-20,1e-20,2.9644398028637506,3001.0,0,wout_atf0.nc
educational_VMEC/from_STELLOPT_246/Benchmarks/atf0,vmecpp,converged,"max(|fsqr|,|fsqz|,|fsql|)",9.977284333722682e-21,1e-20,0.9977284333722682,2993.0,0,wout_input.nc
educational_VMEC/from_STELLOPT_246/Benchmarks/atf14,desc,converged,maximum normalized force error,0.095,,,2.0,success,desc.log
educational_VMEC/from_STELLOPT_246/Benchmarks/atf14,educational_vmec,not_converged,"max(|fsqr|,|fsqz|,|fsql|)",0.6973312884581769,1e-20,6.97331288458177e+19,2.0,0,wout_vmec.nc
educational_VMEC/from_STELLOPT_246/Benchmarks/atf14,gvec,not_converged,|force|,1.19e-06,1e-07,11.9,10000.0,finished,gvec.log
educational_VMEC/from_STELLOPT_246/Benchmarks/atf14,parvmec,converged,"max(|fsqr|,|fsqz|,|fsql|)",5.447911779346956e-21,1e-20,0.5447911779346957,2427.0,0,wout_atf14.nc
educational_VMEC/from_STELLOPT_246/Benchmarks/atf14,vmec2000,converged,"max(|fsqr|,|fsqz|,|fsql|)",2.9473278798935336e-22,1e-20,0.029473278798935337,2427.0,0,wout_atf14.nc
educational_VMEC/from_STELLOPT_246/Benchmarks/atf14,vmecpp,not_converged,"max(|fsqr|,|fsqz|,|fsql|)",2.4532620734945072e-20,1e-20,2.4532620734945074,3000.0,0,wout_input.nc
educational_VMEC/from_STELLOPT_246/Benchmarks/atf14,vmex,converged,"max(|fsqr|,|fsqz|,|fsql|)",3.974143494881752e-21,1e-20,0.3974143494881752,2448.0,0,wout_atf14.nc
educational_VMEC/from_STELLOPT_246/Benchmarks/atf14_10X8,desc,converged,maximum normalized force error,0.01664,,,2.0,success,desc.log
educational_VMEC/from_STELLOPT_246/Benchmarks/atf14_10X8,educational_vmec,not_converged,"max(|fsqr|,|fsqz|,|fsql|)",2.147607762598593,1e-18,2.1476077625985928e+18,2.0,0,wout_vmec.nc
educational_VMEC/from_STELLOPT_246/Benchmarks/atf14_10X8,gvec,not_converged,|force|,1.03e-06,1e-07,10.3,10000.0,finished,gvec.log
educational_VMEC/from_STELLOPT_246/Benchmarks/atf14_10X8,parvmec,converged,"max(|fsqr|,|fsqz|,|fsql|)",8.98738139917798e-19,1e-18,0.8987381399177979,861.0,0,wout_atf14_10X8.nc
educational_VMEC/from_STELLOPT_246/Benchmarks/atf14_10X8,vmec2000,converged,"max(|fsqr|,|fsqz|,|fsql|)",8.97677100725655e-19,1e-18,0.8976771007256549,861.0,0,wout_atf14_10X8.nc
educational_VMEC/from_STELLOPT_246/Benchmarks/atf14_10X8,vmecpp,not_converged,"max(|fsqr|,|fsqz|,|fsql|)",1.331742588665252e-18,1e-18,1.3317425886652519,3000.0,0,wout_input.nc
educational_VMEC/from_STELLOPT_246/Benchmarks/atf14_9X6,desc,converged,maximum normalized force error,0.01485,,,3.0,success,desc.log
educational_VMEC/from_STELLOPT_246/Benchmarks/atf14_9X6,educational_vmec,not_converged,"max(|fsqr|,|fsqz|,|fsql|)",2.379155222991264,1e-18,2.379155222991264e+18,2.0,0,wout_vmec.nc
educational_VMEC/from_STELLOPT_246/Benchmarks/atf14_9X6,gvec,not_converged,|force|,1.15e-06,1e-07,11.5,10000.0,finished,gvec.log
educational_VMEC/from_STELLOPT_246/Benchmarks/atf14_9X6,parvmec,not_converged,"max(|fsqr|,|fsqz|,|fsql|)",9.782478240773607e-15,1e-18,9782.478240773606,3001.0,0,wout_atf14_9X6.nc
educational_VMEC/from_STELLOPT_246/Benchmarks/atf14_9X6,vmec2000,not_converged,"max(|fsqr|,|fsqz|,|fsql|)",9.781972605136398e-15,1e-18,9781.972605136398,3001.0,0,wout_atf14_9X6.nc
educational_VMEC/from_STELLOPT_246/Benchmarks/atf14_9X6,vmecpp,not_converged,"max(|fsqr|,|fsqz|,|fsql|)",2.2184998149758174e-14,1e-18,22184.998149758172,2995.0,0,wout_input.nc
educational_VMEC/from_STELLOPT_246/Benchmarks/atf_lb,desc,converged,maximum normalized force error,0.002756,,,1.0,success,desc.log
educational_VMEC/from_STELLOPT_246/Benchmarks/atf_lb,educational_vmec,not_converged,"max(|fsqr|,|fsqz|,|fsql|)",0.07259236281479507,1e-14,7259236281479.507,2.0,0,wout_vmec.nc
educational_VMEC/from_STELLOPT_246/Benchmarks/atf_lb,gvec,not_converged,|force|,6.76e-07,1e-07,6.76,10000.0,finished,gvec.log
educational_VMEC/from_STELLOPT_246/Benchmarks/atf_lb,jvmec,converged,"max(|fsqr|,|fsqz|,|fsql|)",9.879468884893328e-15,1e-14,0.9879468884893329,0.0,0,wout_input_cleaned.nc
educational_VMEC/from_STELLOPT_246/Benchmarks/atf_lb,parvmec,converged,"max(|fsqr|,|fsqz|,|fsql|)",9.878967820893933e-15,1e-14,0.9878967820893934,830.0,0,wout_atf_lb.nc
educational_VMEC/from_STELLOPT_246/Benchmarks/atf_lb,vmec2000,converged,"max(|fsqr|,|fsqz|,|fsql|)",9.880466565496976e-15,1e-14,0.9880466565496976,830.0,0,wout_atf_lb.nc
educational_VMEC/from_STELLOPT_246/Benchmarks/atf_lb,vmecpp,converged,"max(|fsqr|,|fsqz|,|fsql|)",9.879826060464986e-15,1e-14,0.9879826060464986,830.0,0,wout_input.nc
educational_VMEC/from_STELLOPT_246/Benchmarks/atf_lb,vmex,converged,"max(|fsqr|,|fsqz|,|fsql|)",9.87866564567207e-15,1e-14,0.9878665645672069,829.0,0,wout_atf_lb.nc
educational_VMEC/from_STELLOPT_246/Benchmarks/atf_test,desc,converged,maximum normalized force error,0.3415,,,1.0,success,desc.log
educational_VMEC/from_STELLOPT_246/Benchmarks/atf_test,educational_vmec,not_converged,"max(|fsqr|,|fsqz|,|fsql|)",0.07486496319773663,1e-20,7.486496319773663e+18,2.0,0,wout_vmec.nc
educational_VMEC/from_STELLOPT_246/Benchmarks/atf_test,gvec,not_converged,|force|,2.55e-06,1e-07,25.500000000000004,10000.0,finished,gvec.log
educational_VMEC/from_STELLOPT_246/Benchmarks/atf_test,jvmec,converged,"max(|fsqr|,|fsqz|,|fsql|)",9.347369842852373e-21,1e-20,0.9347369842852373,0.0,0,wout_input_cleaned.nc
educational_VMEC/from_STELLOPT_246/Benchmarks/atf_test,parvmec,not_converged,"max(|fsqr|,|fsqz|,|fsql|)",5.109301828409859e-06,1e-20,510930182840985.9,187.0,0,wout_atf_test.nc
educational_VMEC/from_STELLOPT_246/Benchmarks/atf_test,spectre,converged,least-squares optimality,40206703556.16055,,,59.0,2,spectre_input_res.json
educational_VMEC/from_STELLOPT_246/Benchmarks/atf_test,vmec2000,not_converged,"max(|fsqr|,|fsqz|,|fsql|)",5.109301827394796e-06,1e-20,510930182739479.56,187.0,0,wout_atf_test.nc
educational_VMEC/from_STELLOPT_246/Benchmarks/atf_test,vmecpp,converged,"max(|fsqr|,|fsqz|,|fsql|)",9.350452032183209e-21,1e-20,0.9350452032183209,581.0,0,wout_input.nc
educational_VMEC/from_STELLOPT_246/Benchmarks/bean10,desc,converged,maximum normalized force error,0.00745,,,13.0,success,desc.log
educational_VMEC/from_STELLOPT_246/Benchmarks/bean10,educational_vmec,not_converged,"max(|fsqr|,|fsqz|,|fsql|)",0.756388404906193,5e-12,151277680981.23862,2.0,0,wout_vmec.nc
educational_VMEC/from_STELLOPT_246/Benchmarks/bean10,gvec,not_converged,|force|,9.79e-07,1e-07,9.790000000000001,10000.0,finished,gvec.log
educational_VMEC/from_STELLOPT_246/Benchmarks/bean10,jvmec,converged,"max(|fsqr|,|fsqz|,|fsql|)",4.96005021471304e-12,5e-12,0.9920100429426081,0.0,0,wout_input_cleaned.nc
educational_VMEC/from_STELLOPT_246/Benchmarks/bean10,parvmec,converged,"max(|fsqr|,|fsqz|,|fsql|)",4.9887483002946855e-12,5e-12,0.9977496600589372,852.0,0,wout_bean10.nc
educational_VMEC/from_STELLOPT_246/Benchmarks/bean10,spectre,converged,least-squares optimality,5.296516724328214e+25,,,40.0,3,spectre_input_res.json
educational_VMEC/from_STELLOPT_246/Benchmarks/bean10,vmec2000,converged,"max(|fsqr|,|fsqz|,|fsql|)",4.9887483002946855e-12,5e-12,0.9977496600589372,852.0,0,wout_bean10.nc
educational_VMEC/from_STELLOPT_246/Benchmarks/bean10,vmecpp,converged,"max(|fsqr|,|fsqz|,|fsql|)",4.9196892024064655e-12,5e-12,0.9839378404812932,958.0,0,wout_input.nc
educational_VMEC/from_STELLOPT_246/Benchmarks/bean10,vmex,converged,"max(|fsqr|,|fsqz|,|fsql|)",4.988744037972233e-12,5e-12,0.9977488075944467,851.0,0,wout_bean10.nc
educational_VMEC/from_STELLOPT_246/Benchmarks/bean14,desc,converged,maximum normalized force error,0.00745,,,13.0,success,desc.log
educational_VMEC/from_STELLOPT_246/Benchmarks/bean14,educational_vmec,not_converged,"max(|fsqr|,|fsqz|,|fsql|)",0.756388404906193,1e-14,75638840490619.3,2.0,0,wout_vmec.nc
educational_VMEC/from_STELLOPT_246/Benchmarks/bean14,gvec,not_converged,|force|,9.79e-07,1e-07,9.790000000000001,10000.0,finished,gvec.log
educational_VMEC/from_STELLOPT_246/Benchmarks/bean14,parvmec,not_converged,"max(|fsqr|,|fsqz|,|fsql|)",4.0215880196453065e-10,1e-14,40215.880196453065,601.0,0,wout_bean14.nc
educational_VMEC/from_STELLOPT_246/Benchmarks/bean14,spectre,converged,least-squares optimality,5.296516724328214e+25,,,40.0,3,spectre_input_res.json
educational_VMEC/from_STELLOPT_246/Benchmarks/bean14,vmec2000,not_converged,"max(|fsqr|,|fsqz|,|fsql|)",4.0215880196453065e-10,1e-14,40215.880196453065,601.0,0,wout_bean14.nc
educational_VMEC/from_STELLOPT_246/Benchmarks/bean14,vmecpp,not_converged,"max(|fsqr|,|fsqz|,|fsql|)",2.907437748790314e-10,1e-14,29074.377487903137,596.0,0,wout_input.nc
educational_VMEC/from_STELLOPT_246/Benchmarks/bean14_test,desc,converged,maximum normalized force error,0.01627,,,3.0,success,desc.log
educational_VMEC/from_STELLOPT_246/Benchmarks/bean14_test,educational_vmec,not_converged,"max(|fsqr|,|fsqz|,|fsql|)",0.010834026497980886,1e-14,1083402649798.0886,2.0,0,wout_vmec.nc
educational_VMEC/from_STELLOPT_246/Benchmarks/bean14_test,gvec,not_converged,|force|,1.33e-07,1e-07,1.3300000000000003,10000.0,finished,gvec.log
educational_VMEC/from_STELLOPT_246/Benchmarks/bean14_test,jvmec,converged,"max(|fsqr|,|fsqz|,|fsql|)",9.300534702551547e-15,1e-14,0.9300534702551547,0.0,0,wout_input_cleaned.nc
educational_VMEC/from_STELLOPT_246/Benchmarks/bean14_test,parvmec,converged,"max(|fsqr|,|fsqz|,|fsql|)",6.905467523536071e-15,1e-14,0.6905467523536071,325.0,0,wout_bean14_test.nc
educational_VMEC/from_STELLOPT_246/Benchmarks/bean14_test,vmec2000,converged,"max(|fsqr|,|fsqz|,|fsql|)",6.905467523536071e-15,1e-14,0.6905467523536071,325.0,0,wout_bean14_test.nc
educational_VMEC/from_STELLOPT_246/Benchmarks/bean14_test,vmecpp,converged,"max(|fsqr|,|fsqz|,|fsql|)",6.351347834644206e-15,1e-14,0.6351347834644206,319.0,0,wout_input.nc
educational_VMEC/from_STELLOPT_246/Benchmarks/bean14_test,vmex,converged,"max(|fsqr|,|fsqz|,|fsql|)",8.349937898952258e-15,1e-14,0.8349937898952258,324.0,0,wout_bean14_test.nc
educational_VMEC/from_STELLOPT_246/Benchmarks/bean20,desc,converged,maximum normalized force error,0.00745,,,13.0,success,desc.log
educational_VMEC/from_STELLOPT_246/Benchmarks/bean20,educational_vmec,not_converged,"max(|fsqr|,|fsqz|,|fsql|)",0.40833949892274607,1e-20,4.083394989227461e+19,2.0,0,wout_vmec.nc
educational_VMEC/from_STELLOPT_246/Benchmarks/bean20,gvec,not_converged,|force|,9.79e-07,1e-07,9.790000000000001,10000.0,finished,gvec.log
educational_VMEC/from_STELLOPT_246/Benchmarks/bean20,parvmec,converged,"max(|fsqr|,|fsqz|,|fsql|)",6.641824591895694e-21,1e-20,0.6641824591895694,825.0,0,wout_bean20.nc
educational_VMEC/from_STELLOPT_246/Benchmarks/bean20,spectre,converged,least-squares optimality,5.296516724328214e+25,,,40.0,3,spectre_input_res.json
educational_VMEC/from_STELLOPT_246/Benchmarks/bean20,vmec2000,converged,"max(|fsqr|,|fsqz|,|fsql|)",6.641824591895694e-21,1e-20,0.6641824591895694,825.0,0,wout_bean20.nc
educational_VMEC/from_STELLOPT_246/Benchmarks/bean20,vmecpp,not_converged,"max(|fsqr|,|fsqz|,|fsql|)",9.160175855373494e-19,1e-20,91.60175855373494,1996.0,0,wout_input.nc
educational_VMEC/from_STELLOPT_246/Benchmarks/bean20,vmex,converged,"max(|fsqr|,|fsqz|,|fsql|)",1.3198854784630939e-21,1e-20,0.1319885478463094,840.0,0,wout_bean20.nc
educational_VMEC/from_STELLOPT_246/Benchmarks/belt14,educational_vmec,not_converged,"max(|fsqr|,|fsqz|,|fsql|)",1.0,1e-14,100000000000000.0,1.0,1,wout_vmec.nc
educational_VMEC/from_STELLOPT_246/Benchmarks/belt14,parvmec,not_converged,"max(|fsqr|,|fsqz|,|fsql|)",1.0,1e-14,100000000000000.0,1.0,14,wout_belt14.nc
educational_VMEC/from_STELLOPT_246/Benchmarks/belt14,vmec2000,not_converged,"max(|fsqr|,|fsqz|,|fsql|)",1.0,1e-14,100000000000000.0,1.0,14,wout_belt14.nc
educational_VMEC/from_STELLOPT_246/Benchmarks/belt14,vmecpp,not_converged,"max(|fsqr|,|fsqz|,|fsql|)",1.0,1e-06,1000000.0,1.0,1,wout_input.nc
educational_VMEC/from_STELLOPT_246/Benchmarks/belt14,vmex,converged,"max(|fsqr|,|fsqz|,|fsql|)",9.998231119983044e-15,1e-14,0.9998231119983044,4475.0,0,wout_belt14.nc
educational_VMEC/from_STELLOPT_246/Benchmarks/belt20,desc,converged,maximum normalized force error,0.0003124,,,30.0,success,desc.log
educational_VMEC/from_STELLOPT_246/Benchmarks/belt20,educational_vmec,not_converged,"max(|fsqr|,|fsqz|,|fsql|)",399.70588599285327,1e-20,3.997058859928533e+22,1.0,1,wout_vmec.nc
educational_VMEC/from_STELLOPT_246/Benchmarks/belt20,parvmec,converged,"max(|fsqr|,|fsqz|,|fsql|)",6.2767169483320446e-21,1e-20,0.6276716948332045,3755.0,0,wout_belt20.nc
educational_VMEC/from_STELLOPT_246/Benchmarks/belt20,vmec2000,converged,"max(|fsqr|,|fsqz|,|fsql|)",6.2767169483320446e-21,1e-20,0.6276716948332045,3755.0,0,wout_belt20.nc
educational_VMEC/from_STELLOPT_246/Benchmarks/belt20,vmecpp,not_converged,"max(|fsqr|,|fsqz|,|fsql|)",3907.9554632505083,1e-06,3907955463.2505083,1.0,1,wout_input.nc
educational_VMEC/from_STELLOPT_246/Benchmarks/c82_test,desc,converged,maximum normalized force error,0.03241,,,1.0,success,desc.log
educational_VMEC/from_STELLOPT_246/Benchmarks/c82_test,educational_vmec,not_converged,"max(|fsqr|,|fsqz|,|fsql|)",0.0009121741904914506,1e-14,91217419049.14507,2.0,0,wout_vmec.nc
educational_VMEC/from_STELLOPT_246/Benchmarks/c82_test,jvmec,converged,"max(|fsqr|,|fsqz|,|fsql|)",9.314816621766792e-15,1e-14,0.9314816621766792,0.0,0,wout_input_cleaned.nc
educational_VMEC/from_STELLOPT_246/Benchmarks/c82_test,parvmec,converged,"max(|fsqr|,|fsqz|,|fsql|)",9.314819487117883e-15,1e-14,0.9314819487117882,397.0,0,wout_c82_test.nc
educational_VMEC/from_STELLOPT_246/Benchmarks/c82_test,vmec2000,converged,"max(|fsqr|,|fsqz|,|fsql|)",9.314822951747082e-15,1e-14,0.9314822951747082,397.0,0,wout_c82_test.nc
educational_VMEC/from_STELLOPT_246/Benchmarks/c82_test,vmecpp,converged,"max(|fsqr|,|fsqz|,|fsql|)",9.32234323368341e-15,1e-14,0.932234323368341,397.0,0,wout_input.nc
educational_VMEC/from_STELLOPT_246/Benchmarks/c82_test,vmex,converged,"max(|fsqr|,|fsqz|,|fsql|)",9.314826873787918e-15,1e-14,0.9314826873787918,396.0,0,wout_c82_test.nc
educational_VMEC/from_STELLOPT_246/Benchmarks/c82vac,desc,converged,maximum normalized force error,0.02087,,,1.0,success,desc.log
educational_VMEC/from_STELLOPT_246/Benchmarks/c82vac,educational_vmec,not_converged,"max(|fsqr|,|fsqz|,|fsql|)",0.24538815167477274,1e-11,24538815167.477276,2.0,0,wout_vmec.nc
educational_VMEC/from_STELLOPT_246/Benchmarks/c82vac,jvmec,converged,"max(|fsqr|,|fsqz|,|fsql|)",9.746456699523725e-12,1e-11,0.9746456699523726,0.0,0,wout_input_cleaned.nc
educational_VMEC/from_STELLOPT_246/Benchmarks/c82vac,parvmec,converged,"max(|fsqr|,|fsqz|,|fsql|)",9.977382081381137e-12,1e-11,0.9977382081381138,1001.0,0,wout_c82vac.nc
educational_VMEC/from_STELLOPT_246/Benchmarks/c82vac,vmec2000,converged,"max(|fsqr|,|fsqz|,|fsql|)",9.977380622172798e-12,1e-11,0.9977380622172799,1001.0,0,wout_c82vac.nc
educational_VMEC/from_STELLOPT_246/Benchmarks/c82vac,vmecpp,converged,"max(|fsqr|,|fsqz|,|fsql|)",9.440801916585323e-12,1e-11,0.9440801916585323,987.0,0,wout_input.nc
educational_VMEC/from_STELLOPT_246/Benchmarks/c82vac,vmex,converged,"max(|fsqr|,|fsqz|,|fsql|)",9.977382244340648e-12,1e-11,0.9977382244340649,1000.0,0,wout_c82vac.nc
educational_VMEC/from_STELLOPT_246/Benchmarks/c82vac14,desc,converged,maximum normalized force error,0.02087,,,1.0,success,desc.log
educational_VMEC/from_STELLOPT_246/Benchmarks/c82vac14,educational_vmec,not_converged,"max(|fsqr|,|fsqz|,|fsql|)",0.24538815167477274,1e-14,24538815167477.273,2.0,0,wout_vmec.nc
educational_VMEC/from_STELLOPT_246/Benchmarks/c82vac14,jvmec,converged,"max(|fsqr|,|fsqz|,|fsql|)",9.488337857211418e-15,1e-14,0.9488337857211419,0.0,0,wout_input_cleaned.nc
educational_VMEC/from_STELLOPT_246/Benchmarks/c82vac14,parvmec,not_converged,"max(|fsqr|,|fsqz|,|fsql|)",1.597440003274605e-08,1e-14,1597440.003274605,288.0,0,wout_c82vac14.nc
educational_VMEC/from_STELLOPT_246/Benchmarks/c82vac14,vmec2000,converged,"max(|fsqr|,|fsqz|,|fsql|)",8.304584226966503e-15,1e-14,0.8304584226966503,217.0,0,wout_c82vac14.nc
educational_VMEC/from_STELLOPT_246/Benchmarks/c82vac14,vmecpp,converged,"max(|fsqr|,|fsqz|,|fsql|)",9.156064806366899e-15,1e-14,0.9156064806366898,1538.0,0,wout_input.nc
educational_VMEC/from_STELLOPT_246/Benchmarks/c82vac14,vmex,converged,"max(|fsqr|,|fsqz|,|fsql|)",4.476681591049239e-15,1e-14,0.4476681591049239,244.0,0,wout_c82vac14.nc
educational_VMEC/from_STELLOPT_246/Benchmarks/c82vac20,desc,converged,maximum normalized force error,0.02087,,,1.0,success,desc.log
educational_VMEC/from_STELLOPT_246/Benchmarks/c82vac20,educational_vmec,not_converged,"max(|fsqr|,|fsqz|,|fsql|)",0.24538815167477274,1e-20,2.4538815167477277e+19,2.0,0,wout_vmec.nc
educational_VMEC/from_STELLOPT_246/Benchmarks/c82vac20,parvmec,not_converged,"max(|fsqr|,|fsqz|,|fsql|)",1.540128583853318e-17,1e-20,1540.1285838533179,2501.0,0,wout_c82vac20.nc
educational_VMEC/from_STELLOPT_246/Benchmarks/c82vac20,vmec2000,not_converged,"max(|fsqr|,|fsqz|,|fsql|)",1.5396304196123726e-17,1e-20,1539.6304196123726,2501.0,0,wout_c82vac20.nc
educational_VMEC/from_STELLOPT_246/Benchmarks/c82vac20,vmecpp,not_converged,"max(|fsqr|,|fsqz|,|fsql|)",2.9636117916015464e-17,1e-20,2963.6117916015464,2498.0,0,wout_input.nc
educational_VMEC/from_STELLOPT_246/Benchmarks/chs,desc,converged,maximum normalized force error,0.0031,,,2.0,success,desc.log
educational_VMEC/from_STELLOPT_246/Benchmarks/chs,educational_vmec,not_converged,"max(|fsqr|,|fsqz|,|fsql|)",0.14146434160164742,1e-11,14146434160.164743,2.0,0,wout_vmec.nc
educational_VMEC/from_STELLOPT_246/Benchmarks/chs,jvmec,converged,"max(|fsqr|,|fsqz|,|fsql|)",9.990661060892312e-12,1e-11,0.9990661060892313,0.0,0,wout_input_cleaned.nc
educational_VMEC/from_STELLOPT_246/Benchmarks/chs,parvmec,converged,"max(|fsqr|,|fsqz|,|fsql|)",9.582441896323421e-12,1e-11,0.9582441896323421,871.0,0,wout_chs.nc
educational_VMEC/from_STELLOPT_246/Benchmarks/chs,vmec2000,converged,"max(|fsqr|,|fsqz|,|fsql|)",9.582435923615396e-12,1e-11,0.9582435923615397,871.0,0,wout_chs.nc
educational_VMEC/from_STELLOPT_246/Benchmarks/chs,vmex,converged,"max(|fsqr|,|fsqz|,|fsql|)",9.582456615767948e-12,1e-11,0.9582456615767949,870.0,0,wout_chs.nc
educational_VMEC/from_STELLOPT_246/Benchmarks/chs14,desc,converged,maximum normalized force error,0.0031,,,2.0,success,desc.log
educational_VMEC/from_STELLOPT_246/Benchmarks/chs14,educational_vmec,not_converged,"max(|fsqr|,|fsqz|,|fsql|)",0.14146434160164742,1e-14,14146434160164.742,2.0,0,wout_vmec.nc
educational_VMEC/from_STELLOPT_246/Benchmarks/chs14,jvmec,converged,"max(|fsqr|,|fsqz|,|fsql|)",9.933232210942924e-15,1e-14,0.9933232210942924,0.0,0,wout_input_cleaned.nc
educational_VMEC/from_STELLOPT_246/Benchmarks/chs14,parvmec,converged,"max(|fsqr|,|fsqz|,|fsql|)",2.0456772415268673e-15,1e-14,0.20456772415268673,716.0,0,wout_chs14.nc
educational_VMEC/from_STELLOPT_246/Benchmarks/chs14,vmec2000,converged,"max(|fsqr|,|fsqz|,|fsql|)",2.257208455684602e-15,1e-14,0.2257208455684602,716.0,0,wout_chs14.nc
educational_VMEC/from_STELLOPT_246/Benchmarks/chs14,vmex,converged,"max(|fsqr|,|fsqz|,|fsql|)",1.347294665420043e-15,1e-14,0.1347294665420043,723.0,0,wout_chs14.nc
educational_VMEC/from_STELLOPT_246/Benchmarks/circle,educational_vmec,not_converged,"max(|fsqr|,|fsqz|,|fsql|)",5.6949918345609505e-05,5e-13,113899836.69121902,2.0,0,wout_vmec.nc
educational_VMEC/from_STELLOPT_246/Benchmarks/circle,gvec,not_converged,|force|,4.2e-06,1e-07,42.0,10000.0,finished,gvec.log
educational_VMEC/from_STELLOPT_246/Benchmarks/circle,parvmec,not_converged,"max(|fsqr|,|fsqz|,|fsql|)",2.54034967734943e-11,5e-13,50.8069935469886,3001.0,0,wout_circle.nc
educational_VMEC/from_STELLOPT_246/Benchmarks/circle,spectre,converged,least-squares optimality,5451842426842.831,,,37.0,2,spectre_input_res.json
educational_VMEC/from_STELLOPT_246/Benchmarks/circle,vmec2000,not_converged,"max(|fsqr|,|fsqz|,|fsql|)",2.54034967734943e-11,5e-13,50.8069935469886,3001.0,0,wout_circle.nc
educational_VMEC/from_STELLOPT_246/Benchmarks/circle,vmecpp,not_converged,"max(|fsqr|,|fsqz|,|fsql|)",1.9235938657721436e-11,5e-13,38.471877315442875,2999.0,0,wout_input.nc
educational_VMEC/from_STELLOPT_246/Benchmarks/cooper,educational_vmec,not_converged,"max(|fsqr|,|fsqz|,|fsql|)",3.2988971088732204,1e-20,3.2988971088732206e+20,2.0,0,wout_vmec.nc
educational_VMEC/from_STELLOPT_246/Benchmarks/cooper,parvmec,converged,"max(|fsqr|,|fsqz|,|fsql|)",8.083852287488667e-21,1e-20,0.8083852287488668,1183.0,0,wout_cooper.nc
educational_VMEC/from_STELLOPT_246/Benchmarks/cooper,vmec2000,converged,"max(|fsqr|,|fsqz|,|fsql|)",2.3050906608622626e-21,1e-20,0.23050906608622626,1183.0,0,wout_cooper.nc
educational_VMEC/from_STELLOPT_246/Benchmarks/cooper,vmecpp,not_converged,"max(|fsqr|,|fsqz|,|fsql|)",1.1898086605895443e-18,1e-20,118.98086605895443,5996.0,0,wout_input.nc
educational_VMEC/from_STELLOPT_246/Benchmarks/d3d,desc,converged,maximum normalized force error,0.0008296,,,16.0,success,desc.log
educational_VMEC/from_STELLOPT_246/Benchmarks/d3d_curhole,desc,converged,maximum normalized force error,0.0001608,,,3.0,success,desc.log
educational_VMEC/from_STELLOPT_246/Benchmarks/d3d_curhole,educational_vmec,not_converged,"max(|fsqr|,|fsqz|,|fsql|)",0.03292059618013852,1e-17,3292059618013851.5,2.0,0,wout_vmec.nc
educational_VMEC/from_STELLOPT_246/Benchmarks/d3d_curhole,gvec,not_converged,|force|,2.09e-06,1e-07,20.9,10000.0,finished,gvec.log
educational_VMEC/from_STELLOPT_246/Benchmarks/d3d_curhole,jvmec,converged,"max(|fsqr|,|fsqz|,|fsql|)",9.987894140861825e-18,1e-17,0.9987894140861824,0.0,0,wout_input_cleaned.nc
educational_VMEC/from_STELLOPT_246/Benchmarks/d3d_curhole,spectre,converged,least-squares optimality,2.4578224786085684e+29,,,40.0,3,spectre_input_res.json
educational_VMEC/from_STELLOPT_246/Benchmarks/dshape10,desc,converged,maximum normalized force error,0.001879,,,8.0,success,desc.log
educational_VMEC/from_STELLOPT_246/Benchmarks/dshape14,desc,converged,maximum normalized force error,0.001879,,,8.0,success,desc.log
educational_VMEC/from_STELLOPT_246/Benchmarks/dshape20,desc,converged,maximum normalized force error,0.001879,,,8.0,success,desc.log
educational_VMEC/from_STELLOPT_246/Benchmarks/dshape_test,desc,converged,maximum normalized force error,0.001879,,,8.0,success,desc.log
educational_VMEC/from_STELLOPT_246/Benchmarks/elaz,desc,converged,maximum normalized force error,0.0003876,,,6.0,success,desc.log
educational_VMEC/from_STELLOPT_246/Benchmarks/ellipse10,educational_vmec,not_converged,"max(|fsqr|,|fsqz|,|fsql|)",3.4830613418127365,5e-13,6966122683625.474,2.0,0,wout_vmec.nc
educational_VMEC/from_STELLOPT_246/Benchmarks/ellipse10,gvec,not_converged,|force|,2.19e-06,1e-07,21.900000000000002,10000.0,finished,gvec.log
educational_VMEC/from_STELLOPT_246/Benchmarks/ellipse10,jvmec,converged,"max(|fsqr|,|fsqz|,|fsql|)",4.99960092191469e-13,5e-13,0.9999201843829381,0.0,0,wout_input_cleaned.nc
educational_VMEC/from_STELLOPT_246/Benchmarks/ellipse10,parvmec,converged,"max(|fsqr|,|fsqz|,|fsql|)",4.952989356331049e-13,5e-13,0.9905978712662098,2061.0,0,wout_ellipse10.nc
educational_VMEC/from_STELLOPT_246/Benchmarks/ellipse10,vmec2000,converged,"max(|fsqr|,|fsqz|,|fsql|)",4.952989356331049e-13,5e-13,0.9905978712662098,2061.0,0,wout_ellipse10.nc
educational_VMEC/from_STELLOPT_246/Benchmarks/ellipse10,vmecpp,converged,"max(|fsqr|,|fsqz|,|fsql|)",4.983020454976097e-13,5e-13,0.9966040909952193,2061.0,0,wout_input.nc
educational_VMEC/from_STELLOPT_246/Benchmarks/ellipse10,vmex,converged,"max(|fsqr|,|fsqz|,|fsql|)",4.995283068408371e-13,5e-13,0.9990566136816742,2060.0,0,wout_ellipse10.nc
educational_VMEC/from_STELLOPT_246/Benchmarks/hanson,desc,converged,maximum normalized force error,0.01399,,,3.0,success,desc.log
educational_VMEC/from_STELLOPT_246/Benchmarks/heliac,desc,converged,maximum normalized force error,0.006275,,,5.0,success,desc.log
educational_VMEC/from_STELLOPT_246/Benchmarks/heliac,educational_vmec,not_converged,"max(|fsqr|,|fsqz|,|fsql|)",0.02467497761716035,1e-11,2467497761.7160354,2.0,0,wout_vmec.nc
educational_VMEC/from_STELLOPT_246/Benchmarks/heliac,jvmec,converged,"max(|fsqr|,|fsqz|,|fsql|)",9.926630035584247e-12,1e-11,0.9926630035584247,0.0,0,wout_input_cleaned.nc
educational_VMEC/from_STELLOPT_246/Benchmarks/heliac,parvmec,converged,"max(|fsqr|,|fsqz|,|fsql|)",9.942937779731113e-12,1e-11,0.9942937779731114,830.0,0,wout_heliac.nc
educational_VMEC/from_STELLOPT_246/Benchmarks/heliac,vmec2000,converged,"max(|fsqr|,|fsqz|,|fsql|)",9.942937924271337e-12,1e-11,0.9942937924271338,830.0,0,wout_heliac.nc
educational_VMEC/from_STELLOPT_246/Benchmarks/heliac,vmecpp,converged,"max(|fsqr|,|fsqz|,|fsql|)",9.877519843664652e-12,1e-11,0.9877519843664652,931.0,0,wout_input.nc
educational_VMEC/from_STELLOPT_246/Benchmarks/heliac,vmex,converged,"max(|fsqr|,|fsqz|,|fsql|)",9.942937477987848e-12,1e-11,0.9942937477987849,829.0,0,wout_heliac.nc
educational_VMEC/from_STELLOPT_246/Benchmarks/heliac.m8,desc,converged,maximum normalized force error,0.003477,,,5.0,success,desc.log
educational_VMEC/from_STELLOPT_246/Benchmarks/heliac.m8,educational_vmec,not_converged,"max(|fsqr|,|fsqz|,|fsql|)",0.025616402703745978,1e-11,2561640270.374598,2.0,0,wout_vmec.nc
educational_VMEC/from_STELLOPT_246/Benchmarks/heliac.m8,jvmec,converged,"max(|fsqr|,|fsqz|,|fsql|)",9.971526237240015e-12,1e-11,0.9971526237240015,0.0,0,wout_input_cleaned.nc
educational_VMEC/from_STELLOPT_246/Benchmarks/heliac.m8,parvmec,converged,"max(|fsqr|,|fsqz|,|fsql|)",9.983589833055217e-12,1e-11,0.9983589833055218,1123.0,0,wout_heliac.m8.nc
educational_VMEC/from_STELLOPT_246/Benchmarks/heliac.m8,vmec2000,converged,"max(|fsqr|,|fsqz|,|fsql|)",9.983589006128358e-12,1e-11,0.9983589006128358,1123.0,0,wout_heliac.m8.nc
educational_VMEC/from_STELLOPT_246/Benchmarks/heliac.m8,vmecpp,converged,"max(|fsqr|,|fsqz|,|fsql|)",9.944269950743048e-12,1e-11,0.9944269950743049,1195.0,0,wout_input.heliac.nc
educational_VMEC/from_STELLOPT_246/Benchmarks/heliac.m8,vmex,converged,"max(|fsqr|,|fsqz|,|fsql|)",9.983588957139373e-12,1e-11,0.9983588957139373,1122.0,0,wout_heliac.m8.nc
educational_VMEC/from_STELLOPT_246/Benchmarks/heliac14,desc,converged,maximum normalized force error,0.006275,,,5.0,success,desc.log
educational_VMEC/from_STELLOPT_246/Benchmarks/heliac14,educational_vmec,not_converged,"max(|fsqr|,|fsqz|,|fsql|)",0.02467497761716035,1e-14,2467497761716.035,2.0,0,wout_vmec.nc
educational_VMEC/from_STELLOPT_246/Benchmarks/heliac14,jvmec,converged,"max(|fsqr|,|fsqz|,|fsql|)",9.895100335439535e-15,1e-14,0.9895100335439535,0.0,0,wout_input_cleaned.nc
educational_VMEC/from_STELLOPT_246/Benchmarks/heliac14,parvmec,converged,"max(|fsqr|,|fsqz|,|fsql|)",9.92808649599361e-15,1e-14,0.992808649599361,1614.0,0,wout_heliac14.nc
educational_VMEC/from_STELLOPT_246/Benchmarks/heliac14,vmec2000,converged,"max(|fsqr|,|fsqz|,|fsql|)",9.928041270620224e-15,1e-14,0.9928041270620224,1614.0,0,wout_heliac14.nc
educational_VMEC/from_STELLOPT_246/Benchmarks/heliac14,vmecpp,converged,"max(|fsqr|,|fsqz|,|fsql|)",9.971779372756503e-15,1e-14,0.9971779372756503,1730.0,0,wout_input.nc
educational_VMEC/from_STELLOPT_246/Benchmarks/heliac14,vmex,converged,"max(|fsqr|,|fsqz|,|fsql|)",9.92802196384525e-15,1e-14,0.992802196384525,1613.0,0,wout_heliac14.nc
educational_VMEC/from_STELLOPT_246/Benchmarks/helias,desc,converged,maximum normalized force error,0.001109,,,8.0,success,desc.log
educational_VMEC/from_STELLOPT_246/Benchmarks/helias,educational_vmec,not_converged,"max(|fsqr|,|fsqz|,|fsql|)",0.00954756643330332,1e-11,954756643.3303322,2.0,0,wout_vmec.nc
educational_VMEC/from_STELLOPT_246/Benchmarks/helias,gvec,not_converged,|force|,6.52e-07,1e-07,6.52,10000.0,finished,gvec.log
educational_VMEC/from_STELLOPT_246/Benchmarks/helias,jvmec,converged,"max(|fsqr|,|fsqz|,|fsql|)",9.9618256582405e-12,1e-11,0.9961825658240501,0.0,0,wout_input_cleaned.nc
educational_VMEC/from_STELLOPT_246/Benchmarks/helias,parvmec,converged,"max(|fsqr|,|fsqz|,|fsql|)",9.946845695250507e-12,1e-11,0.9946845695250507,691.0,0,wout_helias.nc
educational_VMEC/from_STELLOPT_246/Benchmarks/helias,vmec2000,converged,"max(|fsqr|,|fsqz|,|fsql|)",9.946833232046245e-12,1e-11,0.9946833232046245,691.0,0,wout_helias.nc
educational_VMEC/from_STELLOPT_246/Benchmarks/helias,vmecpp,converged,"max(|fsqr|,|fsqz|,|fsql|)",9.872386634361404e-12,1e-11,0.9872386634361405,903.0,0,wout_input.nc
educational_VMEC/from_STELLOPT_246/Benchmarks/helias,vmex,converged,"max(|fsqr|,|fsqz|,|fsql|)",9.94688573300354e-12,1e-11,0.994688573300354,690.0,0,wout_helias.nc
educational_VMEC/from_STELLOPT_246/Benchmarks/helias.m8,desc,converged,maximum normalized force error,0.0002348,,,6.0,success,desc.log
educational_VMEC/from_STELLOPT_246/Benchmarks/helias.m8,educational_vmec,not_converged,"max(|fsqr|,|fsqz|,|fsql|)",0.009870674104782224,1e-11,987067410.4782225,2.0,0,wout_vmec.nc
educational_VMEC/from_STELLOPT_246/Benchmarks/helias.m8,gvec,not_converged,|force|,6.58e-07,1e-07,6.58,10000.0,finished,gvec.log
educational_VMEC/from_STELLOPT_246/Benchmarks/helias.m8,jvmec,converged,"max(|fsqr|,|fsqz|,|fsql|)",9.889459616113734e-12,1e-11,0.9889459616113735,0.0,0,wout_input_cleaned.nc
educational_VMEC/from_STELLOPT_246/Benchmarks/helias.m8,parvmec,converged,"max(|fsqr|,|fsqz|,|fsql|)",9.973396432312184e-12,1e-11,0.9973396432312184,807.0,0,wout_helias.m8.nc
educational_VMEC/from_STELLOPT_246/Benchmarks/helias.m8,vmec2000,converged,"max(|fsqr|,|fsqz|,|fsql|)",9.973448529048802e-12,1e-11,0.9973448529048803,807.0,0,wout_helias.m8.nc
educational_VMEC/from_STELLOPT_246/Benchmarks/helias.m8,vmecpp,converged,"max(|fsqr|,|fsqz|,|fsql|)",9.941682192066614e-12,1e-11,0.9941682192066615,897.0,0,wout_input.helias.nc
educational_VMEC/from_STELLOPT_246/Benchmarks/helias.m8,vmex,converged,"max(|fsqr|,|fsqz|,|fsql|)",9.973506047389777e-12,1e-11,0.9973506047389777,806.0,0,wout_helias.m8.nc
educational_VMEC/from_STELLOPT_246/Benchmarks/helias14,desc,converged,maximum normalized force error,0.001109,,,8.0,success,desc.log
educational_VMEC/from_STELLOPT_246/Benchmarks/helias14,educational_vmec,not_converged,"max(|fsqr|,|fsqz|,|fsql|)",0.00954756643330332,1e-14,954756643330.332,2.0,0,wout_vmec.nc
educational_VMEC/from_STELLOPT_246/Benchmarks/helias14,gvec,not_converged,|force|,6.52e-07,1e-07,6.52,10000.0,finished,gvec.log
educational_VMEC/from_STELLOPT_246/Benchmarks/helias14,jvmec,converged,"max(|fsqr|,|fsqz|,|fsql|)",9.88764129190745e-15,1e-14,0.988764129190745,0.0,0,wout_input_cleaned.nc
educational_VMEC/from_STELLOPT_246/Benchmarks/helias14,parvmec,converged,"max(|fsqr|,|fsqz|,|fsql|)",5.70433743463368e-16,1e-14,0.0570433743463368,500.0,0,wout_helias14.nc
educational_VMEC/from_STELLOPT_246/Benchmarks/helias14,vmec2000,converged,"max(|fsqr|,|fsqz|,|fsql|)",7.950647030966311e-16,1e-14,0.07950647030966311,500.0,0,wout_helias14.nc
educational_VMEC/from_STELLOPT_246/Benchmarks/helias14,vmecpp,converged,"max(|fsqr|,|fsqz|,|fsql|)",9.995096731693415e-15,1e-14,0.9995096731693416,1613.0,0,wout_input.nc
educational_VMEC/from_STELLOPT_246/Benchmarks/helias14,vmex,converged,"max(|fsqr|,|fsqz|,|fsql|)",7.040892515340519e-15,1e-14,0.7040892515340519,554.0,0,wout_helias14.nc
educational_VMEC/from_STELLOPT_246/Benchmarks/m45.OHseries.1_fb,desc,converged,maximum normalized force error,0.02785,,,3.0,success,desc.log
educational_VMEC/from_STELLOPT_246/Benchmarks/m45.OHseries.1_fb,educational_vmec,not_converged,"max(|fsqr|,|fsqz|,|fsql|)",3422.2952941041403,1e-11,342229529410414.06,1.0,1,wout_vmec.nc
educational_VMEC/from_STELLOPT_246/Benchmarks/m45.OHseries.1_fb,parvmec,converged,"max(|fsqr|,|fsqz|,|fsql|)",9.748631408471456e-12,1e-11,0.9748631408471456,775.0,0,wout_m45.OHseries.1_fb.nc
educational_VMEC/from_STELLOPT_246/Benchmarks/m45.OHseries.1_fb,vmec2000,converged,"max(|fsqr|,|fsqz|,|fsql|)",9.748630969744468e-12,1e-11,0.974863096974447,775.0,0,wout_m45.OHseries.1_fb.nc
educational_VMEC/from_STELLOPT_246/Benchmarks/m45.OHseries.1_fb,vmecpp,not_converged,"max(|fsqr|,|fsqz|,|fsql|)",3422.2952942894144,1e-06,3422295294.2894144,1.0,1,wout_input.m45.OHseries.nc
educational_VMEC/from_STELLOPT_246/Benchmarks/m45.OHseries.1_fb,vmex,converged,"max(|fsqr|,|fsqz|,|fsql|)",9.748622582824795e-12,1e-11,0.9748622582824795,774.0,0,wout_m45.OHseries.1_fb.nc
educational_VMEC/from_STELLOPT_246/Benchmarks/qas14,desc,converged,maximum normalized force error,0.001118,,,9.0,success,desc.log
educational_VMEC/from_STELLOPT_246/Benchmarks/qas14,educational_vmec,not_converged,"max(|fsqr|,|fsqz|,|fsql|)",1.2707540991204958,1e-14,127075409912049.58,2.0,0,wout_vmec.nc
educational_VMEC/from_STELLOPT_246/Benchmarks/qas14,jvmec,converged,"max(|fsqr|,|fsqz|,|fsql|)",9.987096837114915e-15,1e-14,0.9987096837114916,0.0,0,wout_input_cleaned.nc
educational_VMEC/from_STELLOPT_246/Benchmarks/qas14,parvmec,not_converged,"max(|fsqr|,|fsqz|,|fsql|)",7.296691458355255e-14,1e-14,7.296691458355255,3001.0,0,wout_qas14.nc
educational_VMEC/from_STELLOPT_246/Benchmarks/qas14,vmec2000,not_converged,"max(|fsqr|,|fsqz|,|fsql|)",7.296882662932882e-14,1e-14,7.296882662932882,3001.0,0,wout_qas14.nc
educational_VMEC/from_STELLOPT_246/Benchmarks/qas14,vmecpp,converged,"max(|fsqr|,|fsqz|,|fsql|)",9.545596817473088e-15,1e-14,0.9545596817473088,2628.0,0,wout_input.nc
educational_VMEC/from_STELLOPT_246/Benchmarks/qas3,desc,converged,maximum normalized force error,0.001118,,,9.0,success,desc.log
educational_VMEC/from_STELLOPT_246/Benchmarks/qas3,educational_vmec,not_converged,"max(|fsqr|,|fsqz|,|fsql|)",1.1335926029492214,1e-10,11335926029.492214,2.0,0,wout_vmec.nc
educational_VMEC/from_STELLOPT_246/Benchmarks/qas3,jvmec,converged,"max(|fsqr|,|fsqz|,|fsql|)",9.875924866429921e-11,1e-10,0.987592486642992,0.0,0,wout_input_cleaned.nc
educational_VMEC/from_STELLOPT_246/Benchmarks/qas3,parvmec,converged,"max(|fsqr|,|fsqz|,|fsql|)",9.855592162608957e-11,1e-10,0.9855592162608956,1560.0,0,wout_qas3.nc
educational_VMEC/from_STELLOPT_246/Benchmarks/qas3,vmec2000,converged,"max(|fsqr|,|fsqz|,|fsql|)",9.855719520646817e-11,1e-10,0.9855719520646816,1560.0,0,wout_qas3.nc
educational_VMEC/from_STELLOPT_246/Benchmarks/qas3,vmecpp,converged,"max(|fsqr|,|fsqz|,|fsql|)",9.921540471288718e-11,1e-10,0.9921540471288718,1352.0,0,wout_input.nc
educational_VMEC/from_STELLOPT_246/Benchmarks/qas3,vmex,converged,"max(|fsqr|,|fsqz|,|fsql|)",9.852516220393202e-11,1e-10,0.9852516220393202,1559.0,0,wout_qas3.nc
educational_VMEC/from_STELLOPT_246/Benchmarks/qps14,desc,converged,maximum normalized force error,0.02995,,,6.0,success,desc.log
educational_VMEC/from_STELLOPT_246/Benchmarks/qps_hb,desc,converged,maximum normalized force error,0.02995,,,6.0,success,desc.log
educational_VMEC/from_STELLOPT_246/Benchmarks/test,desc,converged,maximum normalized force error,0.04116,,,6.0,success,desc.log
educational_VMEC/from_STELLOPT_246/Benchmarks/test14,desc,converged,maximum normalized force error,0.007333,,,5.0,success,desc.log
educational_VMEC/from_STELLOPT_246/Benchmarks/test_opt0,desc,converged,maximum normalized force error,1.107e-05,,,8.0,success,desc.log
educational_VMEC/from_STELLOPT_246/Benchmarks/tichman,desc,converged,maximum normalized force error,0.0001499,,,31.0,success,desc.log
educational_VMEC/from_STELLOPT_246/Benchmarks/tichman_orig,desc,converged,maximum normalized force error,0.0002201,,,20.0,success,desc.log
educational_VMEC/from_STELLOPT_246/Benchmarks/tichman_orig,educational_vmec,not_converged,"max(|fsqr|,|fsqz|,|fsql|)",0.001296993775870163,1e-12,1296993775.870163,2.0,0,wout_vmec.nc
educational_VMEC/from_STELLOPT_246/Benchmarks/tichman_orig,gvec,not_converged,|force|,3.38e-07,1e-07,3.38,10000.0,finished,gvec.log
educational_VMEC/from_STELLOPT_246/Benchmarks/tichman_orig,jvmec,converged,"max(|fsqr|,|fsqz|,|fsql|)",9.95897849582988e-13,1e-12,0.9958978495829881,0.0,0,wout_input_cleaned.nc
educational_VMEC/from_STELLOPT_246/Benchmarks/tichman_orig,spectre,converged,least-squares optimality,6177898.796188484,,,55.0,2,spectre_input_res.json
educational_VMEC/from_STELLOPT_246/Benchmarks/uragon,desc,converged,maximum normalized force error,0.001122,,,4.0,success,desc.log
educational_VMEC/from_STELLOPT_246/Benchmarks/uragon,educational_vmec,not_converged,"max(|fsqr|,|fsqz|,|fsql|)",0.09983060416851976,1e-14,9983060416851.977,2.0,0,wout_vmec.nc
educational_VMEC/from_STELLOPT_246/Benchmarks/uragon,gvec,not_converged,|force|,1.75e-05,1e-05,1.7499999999999998,10000.0,finished,gvec.log
educational_VMEC/from_STELLOPT_246/Benchmarks/uragon,jvmec,converged,"max(|fsqr|,|fsqz|,|fsql|)",9.750443172400051e-15,1e-14,0.9750443172400051,0.0,0,wout_input_cleaned.nc
educational_VMEC/from_STELLOPT_246/Benchmarks/uragon,parvmec,converged,"max(|fsqr|,|fsqz|,|fsql|)",9.952049392744037e-15,1e-14,0.9952049392744037,2057.0,0,wout_uragon.nc
educational_VMEC/from_STELLOPT_246/Benchmarks/uragon,vmec2000,converged,"max(|fsqr|,|fsqz|,|fsql|)",9.949469764323357e-15,1e-14,0.9949469764323358,2057.0,0,wout_uragon.nc
educational_VMEC/from_STELLOPT_246/Benchmarks/uragon,vmecpp,converged,"max(|fsqr|,|fsqz|,|fsql|)",9.178082254605764e-15,1e-14,0.9178082254605764,2453.0,0,wout_input.nc
educational_VMEC/from_STELLOPT_246/Benchmarks/uragon,vmex,converged,"max(|fsqr|,|fsqz|,|fsql|)",9.951806845370381e-15,1e-14,0.9951806845370381,2056.0,0,wout_uragon.nc
educational_VMEC/from_STELLOPT_246/Benchmarks/vinotron,desc,converged,maximum normalized force error,0.03234,,,2.0,success,desc.log
educational_VMEC/from_STELLOPT_246/Benchmarks/vinotron,educational_vmec,not_converged,"max(|fsqr|,|fsqz|,|fsql|)",0.028669258433038296,1e-11,2866925843.3038297,2.0,0,wout_vmec.nc
educational_VMEC/from_STELLOPT_246/Benchmarks/vinotron,jvmec,converged,"max(|fsqr|,|fsqz|,|fsql|)",9.932152655649552e-12,1e-11,0.9932152655649552,0.0,0,wout_input_cleaned.nc
educational_VMEC/from_STELLOPT_246/Benchmarks/vinotron,parvmec,converged,"max(|fsqr|,|fsqz|,|fsql|)",9.985188518841217e-12,1e-11,0.9985188518841217,1267.0,0,wout_vinotron.nc
educational_VMEC/from_STELLOPT_246/Benchmarks/vinotron,vmec2000,converged,"max(|fsqr|,|fsqz|,|fsql|)",9.98519320443864e-12,1e-11,0.998519320443864,1267.0,0,wout_vinotron.nc
educational_VMEC/from_STELLOPT_246/Benchmarks/vinotron,vmecpp,converged,"max(|fsqr|,|fsqz|,|fsql|)",9.979855039983078e-12,1e-11,0.9979855039983079,1252.0,0,wout_input.nc
educational_VMEC/from_STELLOPT_246/Benchmarks/vinotron,vmex,converged,"max(|fsqr|,|fsqz|,|fsql|)",9.985200717175345e-12,1e-11,0.9985200717175345,1266.0,0,wout_vinotron.nc
educational_VMEC/from_STELLOPT_246/Benchmarks/vinotron.m8,desc,converged,maximum normalized force error,0.02039,,,1.0,success,desc.log
educational_VMEC/from_STELLOPT_246/Benchmarks/vinotron.m8,educational_vmec,not_converged,"max(|fsqr|,|fsqz|,|fsql|)",0.032650824855220646,1e-11,3265082485.5220647,2.0,0,wout_vmec.nc
educational_VMEC/from_STELLOPT_246/Benchmarks/vinotron.m8,jvmec,converged,"max(|fsqr|,|fsqz|,|fsql|)",9.977788044763137e-12,1e-11,0.9977788044763138,0.0,0,wout_input_cleaned.nc
educational_VMEC/from_STELLOPT_246/Benchmarks/vinotron.m8,parvmec,converged,"max(|fsqr|,|fsqz|,|fsql|)",9.969240142299813e-12,1e-11,0.9969240142299813,1487.0,0,wout_vinotron.m8.nc
educational_VMEC/from_STELLOPT_246/Benchmarks/vinotron.m8,vmec2000,converged,"max(|fsqr|,|fsqz|,|fsql|)",9.969239349834377e-12,1e-11,0.9969239349834378,1487.0,0,wout_vinotron.m8.nc
educational_VMEC/from_STELLOPT_246/Benchmarks/vinotron.m8,vmecpp,converged,"max(|fsqr|,|fsqz|,|fsql|)",9.967513948971575e-12,1e-11,0.9967513948971576,1429.0,0,wout_input.vinotron.nc
educational_VMEC/from_STELLOPT_246/Benchmarks/vinotron.m8,vmex,converged,"max(|fsqr|,|fsqz|,|fsql|)",9.969243756468509e-12,1e-11,0.996924375646851,1486.0,0,wout_vinotron.m8.nc
educational_VMEC/from_STELLOPT_246/Benchmarks/vinotron14,desc,converged,maximum normalized force error,0.03234,,,2.0,success,desc.log
educational_VMEC/from_STELLOPT_246/Benchmarks/vinotron14,educational_vmec,not_converged,"max(|fsqr|,|fsqz|,|fsql|)",0.028669258433038296,1e-14,2866925843303.8296,2.0,0,wout_vmec.nc
educational_VMEC/from_STELLOPT_246/Benchmarks/vinotron14,jvmec,converged,"max(|fsqr|,|fsqz|,|fsql|)",9.950327163060723e-15,1e-14,0.9950327163060723,0.0,0,wout_input_cleaned.nc
educational_VMEC/from_STELLOPT_246/Benchmarks/vinotron14,parvmec,converged,"max(|fsqr|,|fsqz|,|fsql|)",8.118467555153366e-15,1e-14,0.8118467555153366,615.0,0,wout_vinotron14.nc
educational_VMEC/from_STELLOPT_246/Benchmarks/vinotron14,vmec2000,converged,"max(|fsqr|,|fsqz|,|fsql|)",1.1923746515366153e-15,1e-14,0.11923746515366153,616.0,0,wout_vinotron14.nc
educational_VMEC/from_STELLOPT_246/Benchmarks/vinotron14,vmecpp,converged,"max(|fsqr|,|fsqz|,|fsql|)",9.986695318134248e-15,1e-14,0.9986695318134248,2790.0,0,wout_input.nc
educational_VMEC/from_STELLOPT_246/Benchmarks/vinotron14,vmex,converged,"max(|fsqr|,|fsqz|,|fsql|)",3.409971349018936e-15,1e-14,0.3409971349018936,793.0,0,wout_vinotron14.nc
educational_VMEC/from_STELLOPT_246/Benchmarks/w7as_scaled,desc,converged,maximum normalized force error,0.0002964,,,2.0,success,desc.log
educational_VMEC/from_STELLOPT_246/Benchmarks/w7s,desc,converged,maximum normalized force error,9.536e-06,,,8.0,success,desc.log
educational_VMEC/from_STELLOPT_246/Benchmarks/w7s,educational_vmec,not_converged,"max(|fsqr|,|fsqz|,|fsql|)",0.019183585136572163,1e-11,1918358513.6572163,2.0,0,wout_vmec.nc
educational_VMEC/from_STELLOPT_246/Benchmarks/w7s,gvec,not_converged,|force|,4.31e-06,1e-06,4.3100000000000005,10000.0,finished,gvec.log
educational_VMEC/from_STELLOPT_246/Benchmarks/w7s,jvmec,converged,"max(|fsqr|,|fsqz|,|fsql|)",9.969254150842367e-12,1e-11,0.9969254150842367,0.0,0,wout_input_cleaned.nc
educational_VMEC/from_STELLOPT_246/Benchmarks/w7s,parvmec,converged,"max(|fsqr|,|fsqz|,|fsql|)",9.975960339282169e-12,1e-11,0.9975960339282169,1033.0,0,wout_w7s.nc
educational_VMEC/from_STELLOPT_246/Benchmarks/w7s,spectre,converged,least-squares optimality,1187025519.4668179,,,164.0,2,spectre_input_res.json
educational_VMEC/from_STELLOPT_246/Benchmarks/w7s,vmec2000,converged,"max(|fsqr|,|fsqz|,|fsql|)",9.975963584632547e-12,1e-11,0.9975963584632548,1033.0,0,wout_w7s.nc
educational_VMEC/from_STELLOPT_246/Benchmarks/w7s,vmecpp,converged,"max(|fsqr|,|fsqz|,|fsql|)",9.977125668528205e-12,1e-11,0.9977125668528205,1365.0,0,wout_input.nc
educational_VMEC/from_STELLOPT_246/Benchmarks/w7s,vmex,converged,"max(|fsqr|,|fsqz|,|fsql|)",9.975974991032768e-12,1e-11,0.9975974991032769,1032.0,0,wout_w7s.nc
educational_VMEC/from_STELLOPT_246/Benchmarks/w7s.m9,desc,converged,maximum normalized force error,3.125e-07,,,9.0,success,desc.log
educational_VMEC/from_STELLOPT_246/Benchmarks/w7s.m9,educational_vmec,not_converged,"max(|fsqr|,|fsqz|,|fsql|)",0.018833639269110875,1e-11,1883363926.9110878,2.0,0,wout_vmec.nc
educational_VMEC/from_STELLOPT_246/Benchmarks/w7s.m9,gvec,not_converged,|force|,2.66e-06,1e-06,2.66,10000.0,finished,gvec.log
educational_VMEC/from_STELLOPT_246/Benchmarks/w7s.m9,jvmec,converged,"max(|fsqr|,|fsqz|,|fsql|)",9.946498884583708e-12,1e-11,0.9946498884583708,0.0,0,wout_input_cleaned.nc
educational_VMEC/from_STELLOPT_246/Benchmarks/w7s.m9,parvmec,converged,"max(|fsqr|,|fsqz|,|fsql|)",9.987681093591657e-12,1e-11,0.9987681093591658,1255.0,0,wout_w7s.m9.nc
educational_VMEC/from_STELLOPT_246/Benchmarks/w7s.m9,vmec2000,converged,"max(|fsqr|,|fsqz|,|fsql|)",9.987980167043819e-12,1e-11,0.998798016704382,1255.0,0,wout_w7s.m9.nc
educational_VMEC/from_STELLOPT_246/Benchmarks/w7s.m9,vmecpp,converged,"max(|fsqr|,|fsqz|,|fsql|)",9.79733312258578e-12,1e-11,0.9797333122585781,1697.0,0,wout_input.w7s.nc
educational_VMEC/from_STELLOPT_246/Benchmarks/w7s.m9,vmex,converged,"max(|fsqr|,|fsqz|,|fsql|)",9.98755933957817e-12,1e-11,0.998755933957817,1254.0,0,wout_w7s.m9.nc
educational_VMEC/from_STELLOPT_246/Benchmarks/w7s14,desc,converged,maximum normalized force error,9.536e-06,,,8.0,success,desc.log
educational_VMEC/from_STELLOPT_246/Benchmarks/w7s14,educational_vmec,not_converged,"max(|fsqr|,|fsqz|,|fsql|)",0.019183585136572163,1e-14,1918358513657.2163,2.0,0,wout_vmec.nc
educational_VMEC/from_STELLOPT_246/Benchmarks/w7s14,gvec,not_converged,|force|,4.31e-06,1e-06,4.3100000000000005,10000.0,finished,gvec.log
educational_VMEC/from_STELLOPT_246/Benchmarks/w7s14,jvmec,converged,"max(|fsqr|,|fsqz|,|fsql|)",9.94059851930503e-15,1e-14,0.9940598519305031,0.0,0,wout_input_cleaned.nc
educational_VMEC/from_STELLOPT_246/Benchmarks/w7s14,parvmec,converged,"max(|fsqr|,|fsqz|,|fsql|)",9.052696931779475e-16,1e-14,0.09052696931779475,629.0,0,wout_w7s14.nc
educational_VMEC/from_STELLOPT_246/Benchmarks/w7s14,spectre,converged,least-squares optimality,1187025519.4668179,,,164.0,2,spectre_input_res.json
educational_VMEC/from_STELLOPT_246/Benchmarks/w7s14,vmec2000,converged,"max(|fsqr|,|fsqz|,|fsql|)",6.07931788144831e-15,1e-14,0.607931788144831,629.0,0,wout_w7s14.nc
educational_VMEC/from_STELLOPT_246/Benchmarks/w7s14,vmecpp,converged,"max(|fsqr|,|fsqz|,|fsql|)",9.570848708742126e-15,1e-14,0.9570848708742126,1960.0,0,wout_input.nc
educational_VMEC/from_STELLOPT_246/Benchmarks/w7s14,vmex,converged,"max(|fsqr|,|fsqz|,|fsql|)",3.1081481294570276e-15,1e-14,0.31081481294570273,780.0,0,wout_w7s14.nc
educational_VMEC/from_STELLOPT_246/Benchmarks/w7s20,desc,converged,maximum normalized force error,8.609e-06,,,5.0,success,desc.log
educational_VMEC/from_STELLOPT_246/Benchmarks/w7s20,educational_vmec,not_converged,"max(|fsqr|,|fsqz|,|fsql|)",0.02057995055324464,1e-20,2.057995055324464e+18,2.0,0,wout_vmec.nc
educational_VMEC/from_STELLOPT_246/Benchmarks/w7s20,gvec,not_converged,|force|,4.34e-06,1e-06,4.34,10000.0,finished,gvec.log
educational_VMEC/from_STELLOPT_246/Benchmarks/w7s20,jvmec,converged,"max(|fsqr|,|fsqz|,|fsql|)",9.914220265568366e-21,1e-20,0.9914220265568366,0.0,0,wout_input_cleaned.nc
educational_VMEC/from_STELLOPT_246/Benchmarks/w7s20,parvmec,converged,"max(|fsqr|,|fsqz|,|fsql|)",9.051976860384157e-21,1e-20,0.9051976860384158,4542.0,0,wout_w7s20.nc
educational_VMEC/from_STELLOPT_246/Benchmarks/w7s20,vmec2000,converged,"max(|fsqr|,|fsqz|,|fsql|)",9.999418205038753e-21,1e-20,0.9999418205038753,4230.0,0,wout_w7s20.nc
educational_VMEC/from_STELLOPT_246/Benchmarks/w7s20,vmecpp,converged,"max(|fsqr|,|fsqz|,|fsql|)",8.677971322236997e-21,1e-20,0.8677971322236998,4377.0,0,wout_input.nc
educational_VMEC/from_STELLOPT_246/Convergence/str_lb,desc,converged,maximum normalized force error,0.02959,,,6.0,success,desc.log
educational_VMEC/from_STELLOPT_246/Free_Boundary/JDHtest5,desc,converged,maximum normalized force error,0.01399,,,3.0,success,desc.log
educational_VMEC/from_STELLOPT_246/Free_Boundary/JDHtest7,desc,converged,maximum normalized force error,0.01399,,,3.0,success,desc.log
educational_VMEC/from_STELLOPT_246/Free_Boundary/asdex.tichman,desc,converged,maximum normalized force error,0.0002167,,,11.0,success,desc.log
educational_VMEC/from_STELLOPT_246/Free_Boundary/d3d,desc,converged,maximum normalized force error,0.0008296,,,16.0,success,desc.log
educational_VMEC/from_STELLOPT_246/Free_Boundary/laz_mtest,desc,converged,maximum normalized force error,0.009015,,,6.0,success,desc.log
educational_VMEC/from_STELLOPT_246/Free_Boundary/laz_test,desc,converged,maximum normalized force error,0.002649,,,5.0,success,desc.log
educational_VMEC/from_STELLOPT_246/Free_Boundary/laz_test2,desc,converged,maximum normalized force error,0.04468,,,4.0,success,desc.log
educational_VMEC/from_STELLOPT_246/Free_Boundary/tj2,desc,converged,maximum normalized force error,0.007868,,,4.0,success,desc.log
educational_VMEC/from_STELLOPT_246/Joachim/w7as_joachim,desc,converged,maximum normalized force error,7.862e-08,,,7.0,success,desc.log
educational_VMEC/from_STELLOPT_246/Joachim/w7as_joachim,educational_vmec,not_converged,"max(|fsqr|,|fsqz|,|fsql|)",3.8243985046584184e-05,1e-16,382439850465.84186,2.0,0,wout_vmec.nc
educational_VMEC/from_STELLOPT_246/Joachim/w7as_joachim,gvec,not_converged,|force|,2.08e-07,1e-07,2.08,10000.0,finished,gvec.log
educational_VMEC/from_STELLOPT_246/Joachim/w7as_joachim,jvmec,converged,"max(|fsqr|,|fsqz|,|fsql|)",9.98271950271108e-17,1e-16,0.9982719502711079,0.0,0,wout_input_cleaned.nc
educational_VMEC/from_STELLOPT_246/Joachim/w7as_joachim,parvmec,converged,"max(|fsqr|,|fsqz|,|fsql|)",9.712450005858901e-17,1e-16,0.9712450005858901,1360.0,0,wout_w7as_joachim.nc
educational_VMEC/from_STELLOPT_246/Joachim/w7as_joachim,vmec2000,converged,"max(|fsqr|,|fsqz|,|fsql|)",9.714599755213292e-17,1e-16,0.9714599755213292,1360.0,0,wout_w7as_joachim.nc
educational_VMEC/from_STELLOPT_246/Joachim/w7as_joachim,vmecpp,converged,"max(|fsqr|,|fsqz|,|fsql|)",9.939970934475319e-17,1e-16,0.993997093447532,1883.0,0,wout_input.nc
educational_VMEC/from_STELLOPT_246/Joachim/w7as_joachim,vmex,converged,"max(|fsqr|,|fsqz|,|fsql|)",9.709835858988881e-17,1e-16,0.9709835858988881,1359.0,0,wout_w7as_joachim.nc
educational_VMEC/from_STELLOPT_246/STR/qas3,desc,converged,maximum normalized force error,0.001118,,,9.0,success,desc.log
educational_VMEC/from_STELLOPT_246/STR/qas3,educational_vmec,not_converged,"max(|fsqr|,|fsqz|,|fsql|)",1.1335926029492214,1e-10,11335926029.492214,2.0,0,wout_vmec.nc
educational_VMEC/from_STELLOPT_246/STR/qas3,jvmec,converged,"max(|fsqr|,|fsqz|,|fsql|)",9.875924866429921e-11,1e-10,0.987592486642992,0.0,0,wout_input_cleaned.nc
educational_VMEC/from_STELLOPT_246/STR/qas3,parvmec,converged,"max(|fsqr|,|fsqz|,|fsql|)",9.855592162608957e-11,1e-10,0.9855592162608956,1560.0,0,wout_qas3.nc
educational_VMEC/from_STELLOPT_246/STR/qas3,vmec2000,converged,"max(|fsqr|,|fsqz|,|fsql|)",9.855719520646817e-11,1e-10,0.9855719520646816,1560.0,0,wout_qas3.nc
educational_VMEC/from_STELLOPT_246/STR/qas3,vmecpp,converged,"max(|fsqr|,|fsqz|,|fsql|)",9.921540471288718e-11,1e-10,0.9921540471288718,1352.0,0,wout_input.nc
educational_VMEC/from_STELLOPT_246/STR/qas3,vmex,converged,"max(|fsqr|,|fsqz|,|fsql|)",9.852516220393202e-11,1e-10,0.9852516220393202,1559.0,0,wout_qas3.nc
educational_VMEC/from_STELLOPT_246/STR/str_hb,desc,converged,maximum normalized force error,0.02995,,,6.0,success,desc.log
educational_VMEC/from_STELLOPT_246/STR/str_lb,desc,converged,maximum normalized force error,0.02959,,,6.0,success,desc.log
educational_VMEC/from_STELLOPT_246/atf,desc,converged,maximum normalized force error,0.01735,,,3.0,success,desc.log
educational_VMEC/from_STELLOPT_246/atf,educational_vmec,not_converged,"max(|fsqr|,|fsqz|,|fsql|)",0.7165017749007281,1e-11,71650177490.07281,2.0,0,wout_vmec.nc
educational_VMEC/from_STELLOPT_246/atf,gvec,not_converged,|force|,1.12e-06,1e-07,11.200000000000001,10000.0,finished,gvec.log
educational_VMEC/from_STELLOPT_246/atf,jvmec,converged,"max(|fsqr|,|fsqz|,|fsql|)",9.965807908806926e-12,1e-11,0.9965807908806927,0.0,0,wout_input_cleaned.nc
educational_VMEC/from_STELLOPT_246/atf,parvmec,converged,"max(|fsqr|,|fsqz|,|fsql|)",9.640623076663378e-12,1e-11,0.9640623076663378,675.0,0,wout_atf.nc
educational_VMEC/from_STELLOPT_246/atf,vmec2000,converged,"max(|fsqr|,|fsqz|,|fsql|)",9.640611164279529e-12,1e-11,0.964061116427953,675.0,0,wout_atf.nc
educational_VMEC/from_STELLOPT_246/atf,vmecpp,converged,"max(|fsqr|,|fsqz|,|fsql|)",9.993078965642982e-12,1e-11,0.9993078965642982,824.0,0,wout_input.nc
educational_VMEC/from_STELLOPT_246/atf,vmex,converged,"max(|fsqr|,|fsqz|,|fsql|)",9.64064786015069e-12,1e-11,0.9640647860150691,674.0,0,wout_atf.nc
educational_VMEC/from_STELLOPT_246/atf0,desc,converged,maximum normalized force error,0.095,,,2.0,success,desc.log
educational_VMEC/from_STELLOPT_246/atf0,educational_vmec,not_converged,"max(|fsqr|,|fsqz|,|fsql|)",0.6973312884581769,1e-11,69733128845.8177,2.0,0,wout_vmec.nc
educational_VMEC/from_STELLOPT_246/atf0,gvec,not_converged,|force|,1.19e-06,1e-07,11.9,10000.0,finished,gvec.log
educational_VMEC/from_STELLOPT_246/atf0,jvmec,converged,"max(|fsqr|,|fsqz|,|fsql|)",9.713348445547447e-12,1e-11,0.9713348445547447,0.0,0,wout_input_cleaned.nc
educational_VMEC/from_STELLOPT_246/atf0,parvmec,converged,"max(|fsqr|,|fsqz|,|fsql|)",9.632008138950895e-12,1e-11,0.9632008138950896,618.0,0,wout_atf0.nc
educational_VMEC/from_STELLOPT_246/atf0,vmec2000,converged,"max(|fsqr|,|fsqz|,|fsql|)",9.632012710903738e-12,1e-11,0.9632012710903739,618.0,0,wout_atf0.nc
educational_VMEC/from_STELLOPT_246/atf0,vmecpp,converged,"max(|fsqr|,|fsqz|,|fsql|)",9.83565514328909e-12,1e-11,0.983565514328909,763.0,0,wout_input.nc
educational_VMEC/from_STELLOPT_246/atf0,vmex,converged,"max(|fsqr|,|fsqz|,|fsql|)",9.632008635162139e-12,1e-11,0.9632008635162139,617.0,0,wout_atf0.nc
educational_VMEC/from_STELLOPT_246/dshape,desc,converged,maximum normalized force error,0.002311,,,8.0,success,desc.log
educational_VMEC/from_STELLOPT_246/ellipse,desc,converged,maximum normalized force error,0.07286,,,7.0,success,desc.log
educational_VMEC/from_STELLOPT_246/isaev1,desc,converged,maximum normalized force error,0.004595,,,3.0,success,desc.log
educational_VMEC/from_STELLOPT_246/isaev1,educational_vmec,not_converged,"max(|fsqr|,|fsqz|,|fsql|)",0.27500560928304335,1e-09,275005609.2830433,2.0,0,wout_vmec.nc
educational_VMEC/from_STELLOPT_246/isaev1,gvec,not_converged,|force|,9.23e-07,1e-07,9.23,10000.0,finished,gvec.log
educational_VMEC/from_STELLOPT_246/isaev1,jvmec,converged,"max(|fsqr|,|fsqz|,|fsql|)",9.978151321404142e-10,1e-09,0.9978151321404142,0.0,0,wout_input_cleaned.nc
educational_VMEC/from_STELLOPT_246/isaev1,parvmec,converged,"max(|fsqr|,|fsqz|,|fsql|)",9.990267459839583e-10,1e-09,0.9990267459839582,969.0,0,wout_isaev1.nc
educational_VMEC/from_STELLOPT_246/isaev1,vmec2000,converged,"max(|fsqr|,|fsqz|,|fsql|)",9.990283287577023e-10,1e-09,0.9990283287577023,969.0,0,wout_isaev1.nc
educational_VMEC/from_STELLOPT_246/isaev1,vmecpp,converged,"max(|fsqr|,|fsqz|,|fsql|)",9.79510717138425e-10,1e-09,0.9795107171384251,987.0,0,wout_input.nc
educational_VMEC/from_STELLOPT_246/isaev1,vmex,converged,"max(|fsqr|,|fsqz|,|fsql|)",9.99023481644741e-10,1e-09,0.999023481644741,968.0,0,wout_isaev1.nc
educational_VMEC/from_STELLOPT_246/laz,desc,converged,maximum normalized force error,0.0002754,,,5.0,success,desc.log
educational_VMEC/from_STELLOPT_246/qas3_p4,desc,converged,maximum normalized force error,0.001118,,,9.0,success,desc.log
educational_VMEC/from_STELLOPT_246/qas3_p4,educational_vmec,not_converged,"max(|fsqr|,|fsqz|,|fsql|)",1.1335926029492214,1e-10,11335926029.492214,2.0,0,wout_vmec.nc
educational_VMEC/from_STELLOPT_246/qas3_p4,jvmec,converged,"max(|fsqr|,|fsqz|,|fsql|)",9.875924866429921e-11,1e-10,0.987592486642992,0.0,0,wout_input_cleaned.nc
educational_VMEC/from_STELLOPT_246/qas3_p4,parvmec,converged,"max(|fsqr|,|fsqz|,|fsql|)",9.855592162608957e-11,1e-10,0.9855592162608956,1560.0,0,wout_qas3_p4.nc
educational_VMEC/from_STELLOPT_246/qas3_p4,vmec2000,converged,"max(|fsqr|,|fsqz|,|fsql|)",9.855719520646817e-11,1e-10,0.9855719520646816,1560.0,0,wout_qas3_p4.nc
educational_VMEC/from_STELLOPT_246/qas3_p4,vmecpp,converged,"max(|fsqr|,|fsqz|,|fsql|)",9.921540471288718e-11,1e-10,0.9921540471288718,1352.0,0,wout_input.nc
educational_VMEC/from_STELLOPT_246/qas3_p4,vmex,converged,"max(|fsqr|,|fsqz|,|fsql|)",9.852516220393202e-11,1e-10,0.9852516220393202,1559.0,0,wout_qas3_p4.nc
educational_VMEC/from_STELLOPT_246/qps,desc,converged,maximum normalized force error,0.02657,,,8.0,success,desc.log
educational_VMEC/from_STELLOPT_246/single_null,desc,converged,maximum normalized force error,0.0004591,,,4.0,success,desc.log
educational_VMEC/from_STELLOPT_246/vinotron.m8_p4,desc,converged,maximum normalized force error,0.02039,,,1.0,success,desc.log
educational_VMEC/from_STELLOPT_246/vinotron.m8_p4,educational_vmec,not_converged,"max(|fsqr|,|fsqz|,|fsql|)",0.032650824855220646,1e-11,3265082485.5220647,2.0,0,wout_vmec.nc
educational_VMEC/from_STELLOPT_246/vinotron.m8_p4,jvmec,converged,"max(|fsqr|,|fsqz|,|fsql|)",9.977788044763137e-12,1e-11,0.9977788044763138,0.0,0,wout_input_cleaned.nc
educational_VMEC/from_STELLOPT_246/vinotron.m8_p4,parvmec,converged,"max(|fsqr|,|fsqz|,|fsql|)",9.870036613263698e-12,1e-11,0.9870036613263699,1477.0,0,wout_vinotron.m8_p4.nc
educational_VMEC/from_STELLOPT_246/vinotron.m8_p4,vmec2000,converged,"max(|fsqr|,|fsqz|,|fsql|)",9.870035668554831e-12,1e-11,0.9870035668554832,1477.0,0,wout_vinotron.m8_p4.nc
educational_VMEC/from_STELLOPT_246/vinotron.m8_p4,vmecpp,converged,"max(|fsqr|,|fsqz|,|fsql|)",9.967513948971575e-12,1e-11,0.9967513948971576,1425.0,0,wout_input.vinotron.nc
educational_VMEC/from_STELLOPT_246/vinotron.m8_p4,vmex,converged,"max(|fsqr|,|fsqz|,|fsql|)",9.870027670498092e-12,1e-11,0.9870027670498093,1476.0,0,wout_vinotron.m8_p4.nc
educational_VMEC/from_STELLOPT_246/w7as_raw,desc,converged,maximum normalized force error,1.183e-06,,,8.0,success,desc.log
educational_VMEC/from_STELLOPT_246/w7as_scaled,desc,converged,maximum normalized force error,1.183e-06,,,8.0,success,desc.log
educational_VMEC/from_STELLOPT_246/w7as_scaled_beta0,desc,not_converged,maximum normalized force error,1.293e-07,,,2.0,failure,desc.log
educational_VMEC/from_STELLOPT_Wiki/fixb_NCSD/ncsx_c09r00_fixed,desc,converged,maximum normalized force error,0.007601,,,5.0,success,desc.log
educational_VMEC/from_STELLOPT_Wiki/fixb_NCSD/ncsx_c09r00_fixed,educational_vmec,not_converged,"max(|fsqr|,|fsqz|,|fsql|)",0.05864480398820249,1e-11,5864480398.82025,2.0,0,wout_vmec.nc
educational_VMEC/from_STELLOPT_Wiki/fixb_NCSD/ncsx_c09r00_fixed,parvmec,converged,"max(|fsqr|,|fsqz|,|fsql|)",9.853454917730028e-12,1e-11,0.9853454917730028,1301.0,0,wout_ncsx_c09r00_fixed.nc
educational_VMEC/from_STELLOPT_Wiki/fixb_NCSD/ncsx_c09r00_fixed,vmec2000,converged,"max(|fsqr|,|fsqz|,|fsql|)",9.853457786685282e-12,1e-11,0.9853457786685282,1301.0,0,wout_ncsx_c09r00_fixed.nc
educational_VMEC/from_STELLOPT_Wiki/fixb_NCSD/ncsx_c09r00_fixed,vmecpp,converged,"max(|fsqr|,|fsqz|,|fsql|)",9.739244838360293e-12,1e-11,0.9739244838360294,1121.0,0,wout_input.nc
educational_VMEC/from_STELLOPT_Wiki/fixb_NCSD/ncsx_c09r00_fixed,vmex,converged,"max(|fsqr|,|fsqz|,|fsql|)",9.853456339624095e-12,1e-11,0.9853456339624096,1300.0,0,wout_ncsx_c09r00_fixed.nc
educational_VMEC/from_STELLOPT_Wiki/freeb_NCSX/ncsx_c09r00_free,desc,converged,maximum normalized force error,0.007601,,,5.0,success,desc.log
educational_VMEC/from_STELLOPT_repo/ATF,desc,converged,maximum normalized force error,0.01003,,,4.0,success,desc.log
educational_VMEC/from_STELLOPT_repo/ATF,gvec,not_converged,|force|,3.89e-06,1e-07,38.9,10000.0,finished,gvec.log
educational_VMEC/from_STELLOPT_repo/ATF,parvmec,converged,"max(|fsqr|,|fsqz|,|fsql|)",9.987282597965437e-13,1e-12,0.9987282597965437,3477.0,0,wout_ATF.nc
educational_VMEC/from_STELLOPT_repo/ATF,vmec2000,converged,"max(|fsqr|,|fsqz|,|fsql|)",9.987857742742997e-13,1e-12,0.9987857742742997,3477.0,0,wout_ATF.nc
educational_VMEC/from_STELLOPT_repo/ATF,vmecpp,converged,"max(|fsqr|,|fsqz|,|fsql|)",9.701467453791217e-13,1e-12,0.9701467453791217,3399.0,0,wout_input.nc
educational_VMEC/from_STELLOPT_repo/ATF,vmex,converged,"max(|fsqr|,|fsqz|,|fsql|)",9.986562652310325e-13,1e-12,0.9986562652310325,3476.0,0,wout_ATF.nc
educational_VMEC/from_STELLOPT_repo/DIII-D,desc,converged,maximum normalized force error,0.001047,,,4.0,success,desc.log
educational_VMEC/from_STELLOPT_repo/DSHAPE,desc,converged,maximum normalized force error,4.412e-05,,,6.0,success,desc.log
educational_VMEC/from_STELLOPT_repo/DSHAPE,educational_vmec,converged,"max(|fsqr|,|fsqz|,|fsql|)",9.9537224627267e-13,1e-12,0.99537224627267,871.0,0,wout_vmec.nc
educational_VMEC/from_STELLOPT_repo/DSHAPE,gvec,not_converged,|force|,1.49e-07,1e-07,1.49,10000.0,finished,gvec.log
educational_VMEC/from_STELLOPT_repo/DSHAPE,jvmec,converged,"max(|fsqr|,|fsqz|,|fsql|)",9.953738337641418e-13,1e-12,0.9953738337641418,0.0,0,wout_input_cleaned.nc
educational_VMEC/from_STELLOPT_repo/DSHAPE,parvmec,converged,"max(|fsqr|,|fsqz|,|fsql|)",9.961427203842663e-13,1e-12,0.9961427203842663,909.0,0,wout_DSHAPE.nc
educational_VMEC/from_STELLOPT_repo/DSHAPE,spectre,converged,least-squares optimality,1.1133982720282611,,,82.0,3,spectre_input_res.json
educational_VMEC/from_STELLOPT_repo/DSHAPE,vmec2000,converged,"max(|fsqr|,|fsqz|,|fsql|)",9.961427203842663e-13,1e-12,0.9961427203842663,909.0,0,wout_DSHAPE.nc
educational_VMEC/from_STELLOPT_repo/DSHAPE,vmecpp,not_converged,"max(|fsqr|,|fsqz|,|fsql|)",1.0,1e-06,1000000.0,1.0,1,wout_input.nc
educational_VMEC/from_STELLOPT_repo/DSHAPE,vmex,converged,"max(|fsqr|,|fsqz|,|fsql|)",9.961416131807024e-13,1e-12,0.9961416131807024,908.0,0,wout_DSHAPE.nc
educational_VMEC/from_STELLOPT_repo/HELIOTRON,desc,converged,maximum normalized force error,0.06805,,,1.0,success,desc.log
educational_VMEC/from_STELLOPT_repo/HELIOTRON,educational_vmec,converged,"max(|fsqr|,|fsqz|,|fsql|)",9.854227499999586e-13,1e-12,0.9854227499999586,1123.0,0,wout_vmec.nc
educational_VMEC/from_STELLOPT_repo/HELIOTRON,gvec,converged,|force|,9.99e-08,1e-07,0.9990000000000001,10000.0,finished,gvec.log
educational_VMEC/from_STELLOPT_repo/HELIOTRON,jvmec,converged,"max(|fsqr|,|fsqz|,|fsql|)",9.854258499186439e-13,1e-12,0.9854258499186439,0.0,0,wout_input_cleaned.nc
educational_VMEC/from_STELLOPT_repo/HELIOTRON,parvmec,converged,"max(|fsqr|,|fsqz|,|fsql|)",9.764548313783975e-13,1e-12,0.9764548313783975,775.0,0,wout_HELIOTRON.nc
educational_VMEC/from_STELLOPT_repo/HELIOTRON,spectre,converged,least-squares optimality,3.28828241746848e-06,,,94.0,2,spectre_input_res.json
educational_VMEC/from_STELLOPT_repo/HELIOTRON,vmec2000,converged,"max(|fsqr|,|fsqz|,|fsql|)",9.764655516568616e-13,1e-12,0.9764655516568616,775.0,0,wout_HELIOTRON.nc
educational_VMEC/from_STELLOPT_repo/HELIOTRON,vmecpp,converged,"max(|fsqr|,|fsqz|,|fsql|)",9.88354144898808e-13,1e-12,0.988354144898808,786.0,0,wout_input.nc
educational_VMEC/from_STELLOPT_repo/HELIOTRON,vmex,converged,"max(|fsqr|,|fsqz|,|fsql|)",9.764557246256798e-13,1e-12,0.9764557246256798,774.0,0,wout_HELIOTRON.nc
educational_VMEC/from_STELLOPT_repo/Q2_KINK,desc,not_converged,maximum normalized force error,7.997e-10,,,6.0,failure,desc.log
educational_VMEC/from_STELLOPT_repo/Q2_KINK,gvec,converged,|force|,9.62e-08,1e-07,0.9620000000000001,10000.0,finished,gvec.log
educational_VMEC/from_STELLOPT_repo/Q2_KINK,parvmec,not_converged,"max(|fsqr|,|fsqz|,|fsql|)",1.383086010883987e-15,1e-16,13.83086010883987,20001.0,0,wout_Q2_KINK.nc
educational_VMEC/from_STELLOPT_repo/Q2_KINK,vmec2000,not_converged,"max(|fsqr|,|fsqz|,|fsql|)",1.2170870580737805e-15,1e-16,12.170870580737805,20001.0,0,wout_Q2_KINK.nc
educational_VMEC/from_STELLOPT_repo/QAS,desc,converged,maximum normalized force error,0.007601,,,5.0,success,desc.log
educational_VMEC/from_STELLOPT_repo/QAS,educational_vmec,not_converged,"max(|fsqr|,|fsqz|,|fsql|)",0.045245227563904464,1e-12,45245227563.904465,2.0,0,wout_vmec.nc
educational_VMEC/from_STELLOPT_repo/QAS,parvmec,converged,"max(|fsqr|,|fsqz|,|fsql|)",9.984780170748913e-13,1e-12,0.9984780170748913,1781.0,0,wout_QAS.nc
educational_VMEC/from_STELLOPT_repo/QAS,vmec2000,converged,"max(|fsqr|,|fsqz|,|fsql|)",9.984811536804085e-13,1e-12,0.9984811536804086,1781.0,0,wout_QAS.nc
educational_VMEC/from_STELLOPT_repo/QAS,vmecpp,converged,"max(|fsqr|,|fsqz|,|fsql|)",9.95823998993672e-13,1e-12,0.995823998993672,1838.0,0,wout_input.nc
educational_VMEC/from_STELLOPT_repo/QAS,vmex,converged,"max(|fsqr|,|fsqz|,|fsql|)",9.984778039585935e-13,1e-12,0.9984778039585935,1780.0,0,wout_QAS.nc
educational_VMEC/from_STELLOPT_repo/SOLOVEV,desc,not_converged,maximum normalized force error,5.973e-09,,,4.0,failure,desc.log
educational_VMEC/from_STELLOPT_repo/SOLOVEV,educational_vmec,converged,"max(|fsqr|,|fsqz|,|fsql|)",9.757574909160433e-13,1e-12,0.9757574909160434,370.0,0,wout_vmec.nc
educational_VMEC/from_STELLOPT_repo/SOLOVEV,gvec,converged,|force|,9.95e-08,1e-07,0.995,10000.0,finished,gvec.log
educational_VMEC/from_STELLOPT_repo/SOLOVEV,parvmec,converged,"max(|fsqr|,|fsqz|,|fsql|)",9.805317992622325e-13,1e-12,0.9805317992622326,236.0,0,wout_SOLOVEV.nc
educational_VMEC/from_STELLOPT_repo/SOLOVEV,spectre,converged,least-squares optimality,0.04242579445564633,,,59.0,2,spectre_input_res.json
educational_VMEC/from_STELLOPT_repo/SOLOVEV,vmec2000,converged,"max(|fsqr|,|fsqz|,|fsql|)",9.805317992622325e-13,1e-12,0.9805317992622326,236.0,0,wout_SOLOVEV.nc
educational_VMEC/from_STELLOPT_repo/SOLOVEV,vmecpp,not_converged,"max(|fsqr|,|fsqz|,|fsql|)",1.0,1e-30,9.999999999999999e+29,1.0,1,wout_input.nc
educational_VMEC/from_STELLOPT_repo/SOLOVEV,vmex,converged,"max(|fsqr|,|fsqz|,|fsql|)",9.80532799913734e-13,1e-12,0.980532799913734,235.0,0,wout_SOLOVEV.nc
educational_VMEC/from_Stellarator_Tools_PARVMEC/fixed_boundary_test/test,desc,converged,maximum normalized force error,0.0005282,,,10.0,success,desc.log
educational_VMEC/from_Stellarator_Tools_PARVMEC/fixed_boundary_test/test,educational_vmec,converged,"max(|fsqr|,|fsqz|,|fsql|)",9.611841564094741e-21,1e-20,0.9611841564094742,518.0,0,wout_vmec.nc
educational_VMEC/from_Stellarator_Tools_PARVMEC/fixed_boundary_test/test,parvmec,converged,"max(|fsqr|,|fsqz|,|fsql|)",9.618024294338924e-21,1e-20,0.9618024294338925,518.0,0,wout_test.vmec.nc
educational_VMEC/from_Stellarator_Tools_PARVMEC/fixed_boundary_test/test,vmec2000,converged,"max(|fsqr|,|fsqz|,|fsql|)",9.623907379443986e-21,1e-20,0.9623907379443987,518.0,0,wout_test.vmec.nc
educational_VMEC/from_Stellarator_Tools_PARVMEC/fixed_boundary_test/test,vmecpp,converged,"max(|fsqr|,|fsqz|,|fsql|)",9.94172965309518e-21,1e-20,0.9941729653095182,517.0,0,wout_input.test.nc
educational_VMEC/from_Stellarator_Tools_PARVMEC/fixed_boundary_test/test,vmex,converged,"max(|fsqr|,|fsqz|,|fsql|)",9.627500119144698e-21,1e-20,0.9627500119144698,517.0,0,wout_test.vmec.nc
educational_VMEC/from_Stellarator_Tools_PARVMEC/free_boundary_test/test,desc,converged,maximum normalized force error,0.002019,,,5.0,success,desc.log
educational_VMEC/from_Stellarator_Tools_PARVMEC/free_boundary_test/test,jvmec,converged,"max(|fsqr|,|fsqz|,|fsql|)",9.021147903164185e-21,1e-20,0.9021147903164185,0.0,0,wout_input_cleaned.nc
educational_VMEC/from_Stellarator_Tools_PARVMEC/free_boundary_test/test,parvmec,converged,"max(|fsqr|,|fsqz|,|fsql|)",9.603175480019666e-21,1e-20,0.9603175480019667,1551.0,0,wout_test.vmec.nc
educational_VMEC/from_Stellarator_Tools_PARVMEC/free_boundary_test/test,vmec2000,converged,"max(|fsqr|,|fsqz|,|fsql|)",9.582588844407464e-21,1e-20,0.9582588844407465,1551.0,0,wout_test.vmec.nc
educational_VMEC/from_Stellarator_Tools_PARVMEC/free_boundary_test/test,vmecpp,converged,"max(|fsqr|,|fsqz|,|fsql|)",8.829836672479006e-21,1e-20,0.8829836672479007,1791.0,0,wout_input.test.nc
educational_VMEC/from_booz_xform/LandremanSenguptaPlunk_section5p3,desc,converged,maximum normalized force error,0.0003313,,,7.0,success,desc.log
educational_VMEC/from_booz_xform/LandremanSenguptaPlunk_section5p3,educational_vmec,converged,"max(|fsqr|,|fsqz|,|fsql|)",9.364433065155182e-13,1e-12,0.9364433065155182,760.0,0,wout_vmec.nc
educational_VMEC/from_booz_xform/LandremanSenguptaPlunk_section5p3,gvec,not_converged,|force|,5.37e-07,1e-07,5.37,10000.0,finished,gvec.log
educational_VMEC/from_booz_xform/LandremanSenguptaPlunk_section5p3,jvmec,converged,"max(|fsqr|,|fsqz|,|fsql|)",9.430130075093976e-13,1e-12,0.9430130075093976,0.0,0,wout_input_cleaned.nc
educational_VMEC/from_booz_xform/LandremanSenguptaPlunk_section5p3,vmec2000,converged,"max(|fsqr|,|fsqz|,|fsql|)",9.946599391482445e-13,1e-12,0.9946599391482445,968.0,0,wout_LandremanSenguptaPlunk_section5p3.nc
educational_VMEC/from_booz_xform/LandremanSenguptaPlunk_section5p3,vmex,converged,"max(|fsqr|,|fsqz|,|fsql|)",9.886750224545634e-13,1e-12,0.9886750224545635,405.0,0,wout_LandremanSenguptaPlunk_section5p3.nc
educational_VMEC/from_booz_xform/circular_tokamak,desc,converged,maximum normalized force error,3.748e-05,,,14.0,success,desc.log
educational_VMEC/from_booz_xform/circular_tokamak,educational_vmec,converged,"max(|fsqr|,|fsqz|,|fsql|)",8.679163847406088e-21,1e-20,0.8679163847406088,749.0,0,wout_vmec.nc
educational_VMEC/from_booz_xform/circular_tokamak,gvec,converged,|force|,1e-07,1e-07,1.0,10000.0,finished,gvec.log
educational_VMEC/from_booz_xform/circular_tokamak,jvmec,converged,"max(|fsqr|,|fsqz|,|fsql|)",8.722175759818677e-21,1e-20,0.8722175759818678,0.0,0,wout_input_cleaned.nc
educational_VMEC/from_booz_xform/circular_tokamak,parvmec,converged,"max(|fsqr|,|fsqz|,|fsql|)",8.670091760130783e-21,1e-20,0.8670091760130784,749.0,0,wout_circular_tokamak.nc
educational_VMEC/from_booz_xform/circular_tokamak,spectre,converged,least-squares optimality,1.451178623759762e-10,,,138.0,2,spectre_input_res.json
educational_VMEC/from_booz_xform/circular_tokamak,vmec2000,converged,"max(|fsqr|,|fsqz|,|fsql|)",8.670091760130783e-21,1e-20,0.8670091760130784,749.0,0,wout_circular_tokamak.nc
educational_VMEC/from_booz_xform/circular_tokamak,vmecpp,converged,"max(|fsqr|,|fsqz|,|fsql|)",8.68729480710749e-21,1e-20,0.8687294807107491,749.0,0,wout_input.nc
educational_VMEC/from_booz_xform/circular_tokamak,vmex,converged,"max(|fsqr|,|fsqz|,|fsql|)",8.69735422413866e-21,1e-20,0.8697354224138661,748.0,0,wout_circular_tokamak.nc
educational_VMEC/from_booz_xform/li383_1.4m,desc,converged,maximum normalized force error,0.002989,,,5.0,success,desc.log
educational_VMEC/from_booz_xform/li383_1.4m,educational_vmec,not_converged,"max(|fsqr|,|fsqz|,|fsql|)",0.08548418043556132,1e-11,8548418043.556132,2.0,0,wout_vmec.nc
educational_VMEC/from_booz_xform/li383_1.4m,parvmec,converged,"max(|fsqr|,|fsqz|,|fsql|)",9.845521194184279e-12,1e-11,0.9845521194184279,1058.0,0,wout_li383_1.4m.nc
educational_VMEC/from_booz_xform/li383_1.4m,vmec2000,converged,"max(|fsqr|,|fsqz|,|fsql|)",9.845526527102584e-12,1e-11,0.9845526527102584,1058.0,0,wout_li383_1.4m.nc
educational_VMEC/from_booz_xform/li383_1.4m,vmecpp,converged,"max(|fsqr|,|fsqz|,|fsql|)",9.574342979804455e-12,1e-11,0.9574342979804455,1114.0,0,wout_input.li383_1.nc
educational_VMEC/from_booz_xform/li383_1.4m,vmex,converged,"max(|fsqr|,|fsqz|,|fsql|)",9.845521251745165e-12,1e-11,0.9845521251745165,1057.0,0,wout_li383_1.4m.nc
educational_VMEC/from_booz_xform/up_down_asymmetric_tokamak,desc,converged,maximum normalized force error,5.587e-05,,,11.0,success,desc.log
educational_VMEC/from_booz_xform/up_down_asymmetric_tokamak,educational_vmec,converged,"max(|fsqr|,|fsqz|,|fsql|)",9.948665513588897e-15,1e-14,0.9948665513588898,2852.0,0,wout_vmec.nc
educational_VMEC/from_booz_xform/up_down_asymmetric_tokamak,gvec,not_converged,|force|,1.88e-07,1e-07,1.88,10000.0,finished,gvec.log
educational_VMEC/from_booz_xform/up_down_asymmetric_tokamak,jvmec,converged,"max(|fsqr|,|fsqz|,|fsql|)",9.939822822325335e-15,1e-14,0.9939822822325335,0.0,0,wout_input_cleaned.nc
educational_VMEC/from_booz_xform/up_down_asymmetric_tokamak,parvmec,converged,"max(|fsqr|,|fsqz|,|fsql|)",9.939124001235932e-15,1e-14,0.9939124001235932,2852.0,0,wout_up_down_asymmetric_tokamak.nc
educational_VMEC/from_booz_xform/up_down_asymmetric_tokamak,spectre,converged,least-squares optimality,3.514934270702681e-17,,,4.0,1,spectre_input_res.json
educational_VMEC/from_booz_xform/up_down_asymmetric_tokamak,vmec2000,converged,"max(|fsqr|,|fsqz|,|fsql|)",9.93660948010901e-15,1e-14,0.9936609480109011,3788.0,0,wout_up_down_asymmetric_tokamak.nc
educational_VMEC/from_booz_xform/up_down_asymmetric_tokamak,vmecpp,converged,"max(|fsqr|,|fsqz|,|fsql|)",9.959686596789371e-15,1e-14,0.9959686596789371,2851.0,0,wout_input.nc
educational_VMEC/from_booz_xform/up_down_asymmetric_tokamak,vmex,converged,"max(|fsqr|,|fsqz|,|fsql|)",9.93917114275867e-15,1e-14,0.9939171142758669,2851.0,0,wout_up_down_asymmetric_tokamak.nc
educational_VMEC/from_misc_sources/146695t4501,desc,converged,maximum normalized force error,0.004314,,,2.0,success,desc.log
educational_VMEC/from_misc_sources/146695t4501,educational_vmec,not_converged,"max(|fsqr|,|fsqz|,|fsql|)",0.05590334119175096,1e-15,55903341191750.95,2.0,0,wout_vmec.nc
educational_VMEC/from_misc_sources/146695t4501,gvec,not_converged,|force|,3.94e-07,1e-07,3.9400000000000004,10000.0,finished,gvec.log
educational_VMEC/from_misc_sources/146695t4501,jvmec,converged,"max(|fsqr|,|fsqz|,|fsql|)",9.559622891206878e-16,1e-15,0.9559622891206877,0.0,0,wout_input_cleaned.nc
educational_VMEC/from_misc_sources/146695t4501,parvmec,converged,"max(|fsqr|,|fsqz|,|fsql|)",8.956563395093192e-16,1e-15,0.8956563395093191,1175.0,0,wout_146695t4501.nc
educational_VMEC/from_misc_sources/146695t4501,vmec2000,converged,"max(|fsqr|,|fsqz|,|fsql|)",8.95966045385902e-16,1e-15,0.895966045385902,1175.0,0,wout_146695t4501.nc
educational_VMEC/from_misc_sources/146695t4501,vmecpp,converged,"max(|fsqr|,|fsqz|,|fsql|)",8.96065961020963e-16,1e-15,0.8960659610209629,1175.0,0,wout_input.nc
educational_VMEC/from_misc_sources/146695t4501,vmex,converged,"max(|fsqr|,|fsqz|,|fsql|)",8.964571843001341e-16,1e-15,0.8964571843001341,1174.0,0,wout_146695t4501.nc
educational_VMEC/from_misc_sources/demo,desc,converged,maximum normalized force error,0.01013,,,6.0,success,desc.log
educational_VMEC/from_misc_sources/demo3d,desc,converged,maximum normalized force error,0.095,,,2.0,success,desc.log
educational_VMEC/from_misc_sources/demo3d,educational_vmec,not_converged,"max(|fsqr|,|fsqz|,|fsql|)",0.6973312884581769,1e-11,69733128845.8177,2.0,0,wout_vmec.nc
educational_VMEC/from_misc_sources/demo3d,gvec,not_converged,|force|,1.19e-06,1e-07,11.9,10000.0,finished,gvec.log
educational_VMEC/from_misc_sources/demo3d,jvmec,converged,"max(|fsqr|,|fsqz|,|fsql|)",9.713348445547447e-12,1e-11,0.9713348445547447,0.0,0,wout_input_cleaned.nc
educational_VMEC/from_misc_sources/demo3d,parvmec,converged,"max(|fsqr|,|fsqz|,|fsql|)",9.632008138950895e-12,1e-11,0.9632008138950896,618.0,0,wout_demo3d.nc
educational_VMEC/from_misc_sources/demo3d,vmec2000,converged,"max(|fsqr|,|fsqz|,|fsql|)",9.632012710903738e-12,1e-11,0.9632012710903739,618.0,0,wout_demo3d.nc
educational_VMEC/from_misc_sources/demo3d,vmecpp,converged,"max(|fsqr|,|fsqz|,|fsql|)",9.83565514328909e-12,1e-11,0.983565514328909,763.0,0,wout_input.nc
educational_VMEC/from_misc_sources/demo3d,vmex,converged,"max(|fsqr|,|fsqz|,|fsql|)",9.632008635162139e-12,1e-11,0.9632008635162139,617.0,0,wout_demo3d.nc
educational_VMEC/from_misc_sources/example_hsxt52_v3post,desc,converged,maximum normalized force error,0.004721,,,11.0,success,desc.log
educational_VMEC/from_misc_sources/lhd,desc,converged,maximum normalized force error,0.0009926,,,1.0,success,desc.log
educational_VMEC/from_misc_sources/lhd,educational_vmec,not_converged,"max(|fsqr|,|fsqz|,|fsql|)",0.04482758019497943,1e-11,4482758019.497943,2.0,0,wout_vmec.nc
educational_VMEC/from_misc_sources/lhd,gvec,not_converged,|force|,3.69e-07,1e-07,3.69,10000.0,finished,gvec.log
educational_VMEC/from_misc_sources/lhd,jvmec,converged,"max(|fsqr|,|fsqz|,|fsql|)",9.91214893639835e-12,1e-11,0.9912148936398351,0.0,0,wout_input_cleaned.nc
educational_VMEC/from_misc_sources/lhd,parvmec,converged,"max(|fsqr|,|fsqz|,|fsql|)",9.864399792677404e-12,1e-11,0.9864399792677404,680.0,0,wout_lhd.nc
educational_VMEC/from_misc_sources/lhd,vmec2000,converged,"max(|fsqr|,|fsqz|,|fsql|)",9.8644064909616e-12,1e-11,0.9864406490961601,680.0,0,wout_lhd.nc
educational_VMEC/from_misc_sources/lhd,vmecpp,converged,"max(|fsqr|,|fsqz|,|fsql|)",8.837235876514789e-12,1e-11,0.883723587651479,784.0,0,wout_input.nc
educational_VMEC/from_misc_sources/lhd,vmex,converged,"max(|fsqr|,|fsqz|,|fsql|)",9.864440268898758e-12,1e-11,0.9864440268898759,679.0,0,wout_lhd.nc
educational_VMEC/from_misc_sources/ncsx_c09r00_fixed,desc,converged,maximum normalized force error,0.007601,,,5.0,success,desc.log
educational_VMEC/from_misc_sources/ncsx_c09r00_fixed,educational_vmec,not_converged,"max(|fsqr|,|fsqz|,|fsql|)",0.058808483394525754,1e-11,5880848339.452576,2.0,0,wout_vmec.nc
educational_VMEC/from_misc_sources/ncsx_c09r00_fixed,parvmec,converged,"max(|fsqr|,|fsqz|,|fsql|)",9.885027168682719e-12,1e-11,0.988502716868272,1701.0,0,wout_ncsx_c09r00_fixed.nc
educational_VMEC/from_misc_sources/ncsx_c09r00_fixed,vmec2000,converged,"max(|fsqr|,|fsqz|,|fsql|)",9.885028331306617e-12,1e-11,0.9885028331306617,1701.0,0,wout_ncsx_c09r00_fixed.nc
educational_VMEC/from_misc_sources/ncsx_c09r00_fixed,vmecpp,converged,"max(|fsqr|,|fsqz|,|fsql|)",9.72617741477143e-12,1e-11,0.972617741477143,1121.0,0,wout_input.nc
educational_VMEC/from_misc_sources/ncsx_c09r00_fixed,vmex,converged,"max(|fsqr|,|fsqz|,|fsql|)",9.88502347591223e-12,1e-11,0.988502347591223,1700.0,0,wout_ncsx_c09r00_fixed.nc
educational_VMEC/from_misc_sources/ncsx_c09r00_free,desc,converged,maximum normalized force error,0.007601,,,5.0,success,desc.log
educational_VMEC/from_misc_sources/test,desc,converged,maximum normalized force error,0.0005282,,,10.0,success,desc.log
educational_VMEC/from_misc_sources/test,parvmec,converged,"max(|fsqr|,|fsqz|,|fsql|)",9.618024294338924e-21,1e-20,0.9618024294338925,518.0,0,wout_test.vmec.nc
educational_VMEC/from_misc_sources/test,vmec2000,converged,"max(|fsqr|,|fsqz|,|fsql|)",9.623907379443986e-21,1e-20,0.9623907379443987,518.0,0,wout_test.vmec.nc
educational_VMEC/from_misc_sources/test,vmecpp,converged,"max(|fsqr|,|fsqz|,|fsql|)",9.94172965309518e-21,1e-20,0.9941729653095182,517.0,0,wout_input.test.nc
educational_VMEC/from_misc_sources/test,vmex,converged,"max(|fsqr|,|fsqz|,|fsql|)",9.627500119144698e-21,1e-20,0.9627500119144698,517.0,0,wout_test.vmec.nc
educational_VMEC/from_quasisymmetry/li383_vacuum,desc,converged,maximum normalized force error,0.03411,,,6.0,success,desc.log
educational_VMEC/from_quasisymmetry/li383_vacuum,educational_vmec,not_converged,"max(|fsqr|,|fsqz|,|fsql|)",3.1806877353514853,1e-11,318068773535.14856,2.0,0,wout_vmec.nc
educational_VMEC/from_quasisymmetry/li383_vacuum,parvmec,not_converged,"max(|fsqr|,|fsqz|,|fsql|)",8.03222145389506e-05,1e-11,8032221.453895061,2501.0,0,wout_li383_vacuum.nc
educational_VMEC/from_quasisymmetry/li383_vacuum,vmec2000,not_converged,"max(|fsqr|,|fsqz|,|fsql|)",8.03222150334833e-05,1e-11,8032221.50334833,2501.0,0,wout_li383_vacuum.nc
educational_VMEC/from_quasisymmetry/li383_vacuum,vmecpp,not_converged,"max(|fsqr|,|fsqz|,|fsql|)",9.729288828287436e-06,1e-11,972928.8828287437,2487.0,0,wout_input.nc
educational_VMEC/from_vmec_multiple_readin/li383_low_res,desc,converged,maximum normalized force error,0.05881,,,2.0,success,desc.log
educational_VMEC/from_vmec_multiple_readin/li383_low_res,educational_vmec,converged,"max(|fsqr|,|fsqz|,|fsql|)",9.455789877376249e-07,1e-06,0.9455789877376249,121.0,0,wout_vmec.nc
educational_VMEC/from_vmec_multiple_readin/li383_low_res,parvmec,converged,"max(|fsqr|,|fsqz|,|fsql|)",9.444813284575574e-07,1e-06,0.9444813284575574,121.0,0,wout_li383_low_res.nc
educational_VMEC/from_vmec_multiple_readin/li383_low_res,vmec2000,converged,"max(|fsqr|,|fsqz|,|fsql|)",9.444813277481157e-07,1e-06,0.9444813277481158,121.0,0,wout_li383_low_res.nc
educational_VMEC/from_vmec_multiple_readin/li383_low_res,vmecpp,converged,"max(|fsqr|,|fsqz|,|fsql|)",9.455789869829487e-07,1e-06,0.9455789869829487,121.0,0,wout_input.nc
educational_VMEC/from_vmec_multiple_readin/li383_low_res,vmex,converged,"max(|fsqr|,|fsqz|,|fsql|)",9.444813298691316e-07,1e-06,0.9444813298691316,120.0,0,wout_li383_low_res.nc
educational_VMEC/solovev,desc,not_converged,maximum normalized force error,3.552e-05,,,0.0,failure,desc.log
educational_VMEC/solovev,educational_vmec,converged,"max(|fsqr|,|fsqz|,|fsql|)",9.364865819982863e-13,1e-12,0.9364865819982863,204.0,0,wout_vmec.nc
educational_VMEC/solovev,gvec,converged,|force|,9.99e-08,1e-07,0.9990000000000001,10000.0,finished,gvec.log
educational_VMEC/solovev,jvmec,converged,"max(|fsqr|,|fsqz|,|fsql|)",9.364869167978835e-13,1e-12,0.9364869167978834,0.0,0,wout_input_cleaned.nc
educational_VMEC/solovev,parvmec,converged,"max(|fsqr|,|fsqz|,|fsql|)",9.364862409102175e-13,1e-12,0.9364862409102175,204.0,0,wout_solovev.nc
educational_VMEC/solovev,spectre,converged,least-squares optimality,0.0076047936113477575,,,67.0,2,spectre_input_res.json
educational_VMEC/solovev,vmec2000,converged,"max(|fsqr|,|fsqz|,|fsql|)",9.364862409102175e-13,1e-12,0.9364862409102175,204.0,0,wout_solovev.nc
educational_VMEC/solovev,vmecpp,converged,"max(|fsqr|,|fsqz|,|fsql|)",9.364859785349556e-13,1e-12,0.9364859785349556,204.0,0,wout_input.nc
educational_VMEC/solovev,vmex,converged,"max(|fsqr|,|fsqz|,|fsql|)",9.364865320258974e-13,1e-12,0.9364865320258975,203.0,0,wout_solovev.nc
educational_VMEC/test,desc,converged,maximum normalized force error,0.002019,,,5.0,success,desc.log
educational_VMEC/test,educational_vmec,converged,"max(|fsqr|,|fsqz|,|fsql|)",8.828096843729865e-21,1e-20,0.8828096843729866,1791.0,0,wout_vmec.nc
educational_VMEC/test,jvmec,converged,"max(|fsqr|,|fsqz|,|fsql|)",9.021147903164185e-21,1e-20,0.9021147903164185,0.0,0,wout_input_cleaned.nc
educational_VMEC/test,parvmec,converged,"max(|fsqr|,|fsqz|,|fsql|)",9.603175480019666e-21,1e-20,0.9603175480019667,1551.0,0,wout_test.vmec.nc
educational_VMEC/test,vmec2000,converged,"max(|fsqr|,|fsqz|,|fsql|)",9.582588844407464e-21,1e-20,0.9582588844407465,1551.0,0,wout_test.vmec.nc
educational_VMEC/test,vmecpp,converged,"max(|fsqr|,|fsqz|,|fsql|)",8.829836672479006e-21,1e-20,0.8829836672479007,1791.0,0,wout_input.test.nc
jVMEC/HELIOTRON,desc,converged,maximum normalized force error,0.04393,,,2.0,success,desc.log
jVMEC/HELIOTRON,educational_vmec,converged,"max(|fsqr|,|fsqz|,|fsql|)",9.970878742409393e-15,1e-14,0.9970878742409393,275.0,0,wout_vmec.nc
jVMEC/HELIOTRON,gvec,not_converged,|force|,1.41e-06,1e-07,14.100000000000001,10000.0,finished,gvec.log
jVMEC/HELIOTRON,jvmec,converged,"max(|fsqr|,|fsqz|,|fsql|)",9.966419219883845e-15,1e-14,0.9966419219883845,0.0,0,wout_input_cleaned.nc
jVMEC/HELIOTRON,parvmec,converged,"max(|fsqr|,|fsqz|,|fsql|)",9.966348507429562e-15,1e-14,0.9966348507429562,275.0,0,wout_HELIOTRON.nc
jVMEC/HELIOTRON,vmec2000,converged,"max(|fsqr|,|fsqz|,|fsql|)",9.966423965747682e-15,1e-14,0.9966423965747683,275.0,0,wout_HELIOTRON.nc
jVMEC/HELIOTRON,vmecpp,converged,"max(|fsqr|,|fsqz|,|fsql|)",9.9708888238749e-15,1e-14,0.99708888238749,275.0,0,wout_input.nc
jVMEC/HELIOTRON,vmex,converged,"max(|fsqr|,|fsqz|,|fsql|)",9.966344283162686e-15,1e-14,0.9966344283162686,274.0,0,wout_HELIOTRON.nc
jVMEC/HELIOTRON_asym,desc,converged,maximum normalized force error,0.04794,,,2.0,success,desc.log
jVMEC/HELIOTRON_asym,educational_vmec,converged,"max(|fsqr|,|fsqz|,|fsql|)",9.970845195022553e-15,1e-14,0.9970845195022553,275.0,0,wout_vmec.nc
jVMEC/HELIOTRON_asym,gvec,not_converged,|force|,1.41e-06,1e-07,14.100000000000001,10000.0,finished,gvec.log
jVMEC/HELIOTRON_asym,jvmec,converged,"max(|fsqr|,|fsqz|,|fsql|)",9.966373541444051e-15,1e-14,0.9966373541444051,0.0,0,wout_input_cleaned.nc
jVMEC/HELIOTRON_asym,parvmec,converged,"max(|fsqr|,|fsqz|,|fsql|)",9.966460247988093e-15,1e-14,0.9966460247988093,275.0,0,wout_HELIOTRON_asym.nc
jVMEC/HELIOTRON_asym,vmec2000,converged,"max(|fsqr|,|fsqz|,|fsql|)",8.785871610763966e-15,1e-14,0.8785871610763966,354.0,0,wout_HELIOTRON_asym.nc
jVMEC/HELIOTRON_asym,vmecpp,converged,"max(|fsqr|,|fsqz|,|fsql|)",9.970883438565338e-15,1e-14,0.9970883438565338,275.0,0,wout_input.nc
jVMEC/HELIOTRON_asym,vmex,converged,"max(|fsqr|,|fsqz|,|fsql|)",9.96633571584665e-15,1e-14,0.996633571584665,274.0,0,wout_HELIOTRON_asym.nc
jVMEC/HELIOTRON_full,desc,converged,maximum normalized force error,0.02566,,,3.0,success,desc.log
jVMEC/HELIOTRON_full,educational_vmec,converged,"max(|fsqr|,|fsqz|,|fsql|)",9.968898576864186e-13,1e-12,0.9968898576864187,2255.0,0,wout_vmec.nc
jVMEC/HELIOTRON_full,gvec,not_converged,|force|,1.02e-06,1e-07,10.200000000000001,10000.0,finished,gvec.log
jVMEC/HELIOTRON_full,jvmec,converged,"max(|fsqr|,|fsqz|,|fsql|)",9.968949975063536e-13,1e-12,0.9968949975063537,0.0,0,wout_input_cleaned.nc
jVMEC/HELIOTRON_full,parvmec,converged,"max(|fsqr|,|fsqz|,|fsql|)",9.953791431877456e-13,1e-12,0.9953791431877457,1741.0,0,wout_HELIOTRON_full.nc
jVMEC/HELIOTRON_full,vmec2000,converged,"max(|fsqr|,|fsqz|,|fsql|)",9.95557995487225e-13,1e-12,0.995557995487225,1741.0,0,wout_HELIOTRON_full.nc
jVMEC/HELIOTRON_full,vmecpp,converged,"max(|fsqr|,|fsqz|,|fsql|)",9.95596440224136e-13,1e-12,0.9955964402241361,1458.0,0,wout_input.nc
jVMEC/HELIOTRON_full,vmex,converged,"max(|fsqr|,|fsqz|,|fsql|)",9.948799138980926e-13,1e-12,0.9948799138980926,1740.0,0,wout_HELIOTRON_full.nc
jVMEC/Ns_2048.M_32,desc,converged,maximum normalized force error,4.644e-06,,,4.0,success,desc.log
jVMEC/Ns_2048.M_32,educational_vmec,converged,"max(|fsqr|,|fsqz|,|fsql|)",9.845557735387993e-15,1e-14,0.9845557735387993,773.0,0,wout_vmec.nc
jVMEC/Ns_2048.M_32,gvec,converged,|force|,1e-07,1e-07,1.0,10000.0,finished,gvec.log
jVMEC/Ns_2048.M_32,jvmec,converged,"max(|fsqr|,|fsqz|,|fsql|)",9.82411274883329e-15,1e-14,0.9824112748833289,0.0,0,wout_input_cleaned.nc
jVMEC/Ns_2048.M_32,spectre,converged,least-squares optimality,0.030678732698774885,,,57.0,2,spectre_input_res.json
jVMEC/Ns_2048.M_32_fixb,desc,converged,maximum normalized force error,4.644e-06,,,4.0,success,desc.log
jVMEC/Ns_2048.M_32_fixb,educational_vmec,converged,"max(|fsqr|,|fsqz|,|fsql|)",9.769346145688525e-15,1e-14,0.9769346145688524,587.0,0,wout_vmec.nc
jVMEC/Ns_2048.M_32_fixb,gvec,converged,|force|,1e-07,1e-07,1.0,10000.0,finished,gvec.log
jVMEC/Ns_2048.M_32_fixb,jvmec,converged,"max(|fsqr|,|fsqz|,|fsql|)",9.769772854096637e-15,1e-14,0.9769772854096637,0.0,0,wout_input_cleaned.nc
jVMEC/Ns_2048.M_32_fixb,parvmec,converged,"max(|fsqr|,|fsqz|,|fsql|)",9.769223898825313e-15,1e-14,0.9769223898825313,587.0,0,wout_Ns_2048.M_32_fixb.nc
jVMEC/Ns_2048.M_32_fixb,spectre,converged,least-squares optimality,0.030678732698774885,,,57.0,2,spectre_input_res.json
jVMEC/Ns_2048.M_32_fixb,vmec2000,converged,"max(|fsqr|,|fsqz|,|fsql|)",9.769223898825313e-15,1e-14,0.9769223898825313,587.0,0,wout_Ns_2048.M_32_fixb.nc
jVMEC/Ns_2048.M_32_fixb,vmecpp,converged,"max(|fsqr|,|fsqz|,|fsql|)",9.769364366631065e-15,1e-14,0.9769364366631065,587.0,0,wout_input.Ns_2048.nc
jVMEC/Ns_2048.M_32_fixb,vmex,converged,"max(|fsqr|,|fsqz|,|fsql|)",9.769221082844227e-15,1e-14,0.9769221082844227,586.0,0,wout_Ns_2048.M_32_fixb.nc
jVMEC/Ns_eq_2048.M_eq_32,desc,converged,maximum normalized force error,2.599e-08,,,4.0,success,desc.log
jVMEC/Ns_eq_2048.M_eq_32,gvec,converged,|force|,9.99e-08,1e-07,0.9990000000000001,10000.0,finished,gvec.log
jVMEC/Ns_eq_2048.M_eq_32,spectre,converged,least-squares optimality,0.04090455138984734,,,71.0,2,spectre_input_res.json
jVMEC/SOLOVEV,desc,not_converged,maximum normalized force error,3.552e-05,,,0.0,failure,desc.log
jVMEC/SOLOVEV,educational_vmec,converged,"max(|fsqr|,|fsqz|,|fsql|)",9.583399335928171e-17,1e-16,0.9583399335928171,457.0,0,wout_vmec.nc
jVMEC/SOLOVEV,gvec,converged,|force|,9.99e-08,1e-07,0.9990000000000001,10000.0,finished,gvec.log
jVMEC/SOLOVEV,jvmec,converged,"max(|fsqr|,|fsqz|,|fsql|)",9.584241834074157e-17,1e-16,0.9584241834074156,0.0,0,wout_input_cleaned.nc
jVMEC/SOLOVEV,parvmec,converged,"max(|fsqr|,|fsqz|,|fsql|)",9.998995891521974e-17,1e-16,0.9998995891521973,456.0,0,wout_SOLOVEV.nc
jVMEC/SOLOVEV,spectre,converged,least-squares optimality,0.0076047936113477575,,,67.0,2,spectre_input_res.json
jVMEC/SOLOVEV,vmec2000,converged,"max(|fsqr|,|fsqz|,|fsql|)",9.998995891521974e-17,1e-16,0.9998995891521973,456.0,0,wout_SOLOVEV.nc
jVMEC/SOLOVEV,vmecpp,converged,"max(|fsqr|,|fsqz|,|fsql|)",9.584218439303168e-17,1e-16,0.9584218439303168,457.0,0,wout_input.nc
jVMEC/SOLOVEV,vmex,converged,"max(|fsqr|,|fsqz|,|fsql|)",9.584006966394188e-17,1e-16,0.9584006966394188,456.0,0,wout_SOLOVEV.nc
jVMEC/W7X,desc,converged,maximum normalized force error,0.007309,,,1.0,success,desc.log
jVMEC/W7X,educational_vmec,converged,"max(|fsqr|,|fsqz|,|fsql|)",9.732874292699923e-13,1e-12,0.9732874292699922,555.0,0,wout_vmec.nc
jVMEC/W7X,gvec,not_converged,|force|,9.71e-07,1e-07,9.71,10000.0,finished,gvec.log
jVMEC/W7X,jvmec,converged,"max(|fsqr|,|fsqz|,|fsql|)",9.729044440064086e-13,1e-12,0.9729044440064086,0.0,0,wout_input_cleaned.nc
jVMEC/W7X,parvmec,converged,"max(|fsqr|,|fsqz|,|fsql|)",9.7290428658317e-13,1e-12,0.97290428658317,555.0,0,wout_W7X.nc
jVMEC/W7X,vmec2000,converged,"max(|fsqr|,|fsqz|,|fsql|)",9.729045994849188e-13,1e-12,0.9729045994849188,555.0,0,wout_W7X.nc
jVMEC/W7X,vmecpp,converged,"max(|fsqr|,|fsqz|,|fsql|)",9.732882159318956e-13,1e-12,0.9732882159318956,555.0,0,wout_input.nc
jVMEC/W7X,vmex,converged,"max(|fsqr|,|fsqz|,|fsql|)",9.72904946191753e-13,1e-12,0.972904946191753,554.0,0,wout_W7X.nc
jVMEC/W7X_full,parvmec,converged,"max(|fsqr|,|fsqz|,|fsql|)",9.986301537055038e-13,1e-12,0.9986301537055039,1629.0,0,wout_W7X_full.nc
jVMEC/W7X_full,vmec2000,converged,"max(|fsqr|,|fsqz|,|fsql|)",9.986269726023863e-13,1e-12,0.9986269726023863,1629.0,0,wout_W7X_full.nc
jVMEC/W7X_full,vmecpp,converged,"max(|fsqr|,|fsqz|,|fsql|)",9.903637543269737e-13,1e-12,0.9903637543269737,3045.0,0,wout_input.nc
jVMEC/W7X_full,vmex,converged,"max(|fsqr|,|fsqz|,|fsql|)",9.986741275887532e-13,1e-12,0.9986741275887532,1628.0,0,wout_W7X_full.nc
jVMEC/itertype,desc,converged,maximum normalized force error,0.002776,,,1.0,success,desc.log
jVMEC/itertype,educational_vmec,converged,"max(|fsqr|,|fsqz|,|fsql|)",9.885542464943335e-07,1e-06,0.9885542464943335,618.0,0,wout_vmec.nc
jVMEC/itertype,jvmec,converged,"max(|fsqr|,|fsqz|,|fsql|)",9.900734233514997e-07,1e-06,0.9900734233514997,0.0,0,wout_input_cleaned.nc
jVMEC/itertype,parvmec,converged,"max(|fsqr|,|fsqz|,|fsql|)",9.90073423338032e-07,1e-06,0.9900734233380319,618.0,0,wout_itertype.nc
jVMEC/itertype,spectre,converged,least-squares optimality,33656.32559666996,,,87.0,3,spectre_input_res.json
jVMEC/itertype,vmec2000,converged,"max(|fsqr|,|fsqz|,|fsql|)",9.852715892959083e-07,1e-06,0.9852715892959083,786.0,0,wout_itertype.nc
jVMEC/itertype,vmecpp,converged,"max(|fsqr|,|fsqz|,|fsql|)",9.896621751728647e-07,1e-06,0.9896621751728648,618.0,0,wout_input.nc
jVMEC/itertype,vmex,converged,"max(|fsqr|,|fsqz|,|fsql|)",9.900734233294116e-07,1e-06,0.9900734233294117,617.0,0,wout_itertype.nc
jVMEC/test,desc,converged,maximum normalized force error,0.002019,,,5.0,success,desc.log
jVMEC/test,jvmec,converged,"max(|fsqr|,|fsqz|,|fsql|)",9.021147903164185e-21,1e-20,0.9021147903164185,0.0,0,wout_input_cleaned.nc
jVMEC/test,parvmec,converged,"max(|fsqr|,|fsqz|,|fsql|)",9.603175480019666e-21,1e-20,0.9603175480019667,1551.0,0,wout_test.vmec.nc
jVMEC/test,vmec2000,converged,"max(|fsqr|,|fsqz|,|fsql|)",9.582588844407464e-21,1e-20,0.9582588844407465,1551.0,0,wout_test.vmec.nc
jVMEC/test,vmecpp,converged,"max(|fsqr|,|fsqz|,|fsql|)",8.829836672479006e-21,1e-20,0.8829836672479007,1791.0,0,wout_input.test.nc
jVMEC/test.vmec_old,desc,converged,maximum normalized force error,0.001554,,,1.0,success,desc.log
jVMEC/test.vmec_old,educational_vmec,converged,"max(|fsqr|,|fsqz|,|fsql|)",9.863175441648725e-16,1e-15,0.9863175441648724,1380.0,0,wout_vmec.nc
jVMEC/test.vmec_old,jvmec,converged,"max(|fsqr|,|fsqz|,|fsql|)",9.85366133589216e-16,1e-15,0.9853661335892159,0.0,0,wout_input_cleaned.nc
jVMEC/tok_asym,desc,converged,maximum normalized force error,0.0007372,,,2.0,success,desc.log
jVMEC/tok_asym,educational_vmec,converged,"max(|fsqr|,|fsqz|,|fsql|)",9.954235800898385e-13,1e-12,0.9954235800898384,1938.0,0,wout_vmec.nc
jVMEC/tok_asym,gvec,not_converged,|force|,1.27e-06,1e-07,12.7,10000.0,finished,gvec.log
jVMEC/tok_asym,jvmec,converged,"max(|fsqr|,|fsqz|,|fsql|)",9.960042423925245e-13,1e-12,0.9960042423925246,0.0,0,wout_input_cleaned.nc
jVMEC/tok_asym,parvmec,converged,"max(|fsqr|,|fsqz|,|fsql|)",9.997943721906249e-13,1e-12,0.9997943721906248,2012.0,0,wout_tok_asym.nc
jVMEC/tok_asym,vmec2000,converged,"max(|fsqr|,|fsqz|,|fsql|)",9.989257458210624e-13,1e-12,0.9989257458210624,2558.0,0,wout_tok_asym.nc
jVMEC/tok_asym,vmecpp,converged,"max(|fsqr|,|fsqz|,|fsql|)",9.969801984464756e-13,1e-12,0.9969801984464757,1938.0,0,wout_input.nc
jVMEC/tok_asym,vmex,converged,"max(|fsqr|,|fsqz|,|fsql|)",9.997943672820947e-13,1e-12,0.9997943672820947,2011.0,0,wout_tok_asym.nc
jVMEC/vmec,desc,converged,maximum normalized force error,0.00144,,,3.0,success,desc.log
jVMEC/w7x_ref_167_12_12,desc,converged,maximum normalized force error,0.004691,,,1.0,success,desc.log
vmecpp/data/cth_like_fixed_bdy,desc,converged,maximum normalized force error,0.002019,,,5.0,success,desc.log
vmecpp/data/cth_like_fixed_bdy,educational_vmec,converged,"max(|fsqr|,|fsqz|,|fsql|)",9.050252925463204e-07,1e-06,0.9050252925463205,119.0,0,wout_vmec.nc
vmecpp/data/cth_like_fixed_bdy,jvmec,converged,"max(|fsqr|,|fsqz|,|fsql|)",9.066882508609336e-07,1e-06,0.9066882508609336,0.0,0,wout_input_cleaned.nc
vmecpp/data/cth_like_fixed_bdy,parvmec,converged,"max(|fsqr|,|fsqz|,|fsql|)",9.066882510570331e-07,1e-06,0.9066882510570332,119.0,0,wout_cth_like_fixed_bdy.nc
vmecpp/data/cth_like_fixed_bdy,vmec2000,converged,"max(|fsqr|,|fsqz|,|fsql|)",9.06688246017966e-07,1e-06,0.906688246017966,119.0,0,wout_cth_like_fixed_bdy.nc
vmecpp/data/cth_like_fixed_bdy,vmecpp,converged,"max(|fsqr|,|fsqz|,|fsql|)",9.050252925915052e-07,1e-06,0.9050252925915052,119.0,0,wout_input.nc
vmecpp/data/cth_like_fixed_bdy,vmex,converged,"max(|fsqr|,|fsqz|,|fsql|)",9.066882508168456e-07,1e-06,0.9066882508168457,118.0,0,wout_cth_like_fixed_bdy.nc
vmecpp/data/nfp4_QH_warm_start,desc,converged,maximum normalized force error,0.005365,,,6.0,success,desc.log
vmecpp/data/nfp4_QH_warm_start,educational_vmec,converged,"max(|fsqr|,|fsqz|,|fsql|)",9.947617104345934e-12,1e-11,0.9947617104345934,1067.0,0,wout_vmec.nc
vmecpp/data/nfp4_QH_warm_start,gvec,not_converged,|force|,4.45e-06,1e-06,4.45,10000.0,finished,gvec.log
vmecpp/data/nfp4_QH_warm_start,jvmec,converged,"max(|fsqr|,|fsqz|,|fsql|)",9.948862589951262e-12,1e-11,0.9948862589951263,0.0,0,wout_input_cleaned.nc
vmecpp/data/nfp4_QH_warm_start,parvmec,converged,"max(|fsqr|,|fsqz|,|fsql|)",9.948866890336944e-12,1e-11,0.9948866890336945,1067.0,0,wout_nfp4_QH_warm_start.nc
vmecpp/data/nfp4_QH_warm_start,vmec2000,converged,"max(|fsqr|,|fsqz|,|fsql|)",9.948855648912988e-12,1e-11,0.9948855648912989,1067.0,0,wout_nfp4_QH_warm_start.nc
vmecpp/data/nfp4_QH_warm_start,vmecpp,converged,"max(|fsqr|,|fsqz|,|fsql|)",9.947608013263595e-12,1e-11,0.9947608013263596,1067.0,0,wout_input.nc
vmecpp/data/nfp4_QH_warm_start,vmex,converged,"max(|fsqr|,|fsqz|,|fsql|)",9.94884164252045e-12,1e-11,0.9948841642520452,1066.0,0,wout_nfp4_QH_warm_start.nc
vmecpp/data/solovev,desc,not_converged,maximum normalized force error,3.552e-05,,,0.0,failure,desc.log
vmecpp/data/solovev,educational_vmec,converged,"max(|fsqr|,|fsqz|,|fsql|)",9.364865819982863e-13,1e-12,0.9364865819982863,204.0,0,wout_vmec.nc
vmecpp/data/solovev,gvec,converged,|force|,9.99e-08,1e-07,0.9990000000000001,10000.0,finished,gvec.log
vmecpp/data/solovev,jvmec,converged,"max(|fsqr|,|fsqz|,|fsql|)",9.364869167978835e-13,1e-12,0.9364869167978834,0.0,0,wout_input_cleaned.nc
vmecpp/data/solovev,parvmec,converged,"max(|fsqr|,|fsqz|,|fsql|)",9.364862409102175e-13,1e-12,0.9364862409102175,204.0,0,wout_solovev.nc
vmecpp/data/solovev,spectre,converged,least-squares optimality,0.0076047936113477575,,,67.0,2,spectre_input_res.json
vmecpp/data/solovev,vmec2000,converged,"max(|fsqr|,|fsqz|,|fsql|)",9.364862409102175e-13,1e-12,0.9364862409102175,204.0,0,wout_solovev.nc
vmecpp/data/solovev,vmecpp,converged,"max(|fsqr|,|fsqz|,|fsql|)",9.364859785349556e-13,1e-12,0.9364859785349556,204.0,0,wout_input.nc
vmecpp/data/solovev,vmex,converged,"max(|fsqr|,|fsqz|,|fsql|)",9.364865320258974e-13,1e-12,0.9364865320258975,203.0,0,wout_solovev.nc
vmecpp/data/w7x,educational_vmec,converged,"max(|fsqr|,|fsqz|,|fsql|)",9.961660945239e-13,1e-12,0.9961660945238999,2923.0,0,wout_vmec.nc
vmecpp/data/w7x,gvec,not_converged,|force|,4.22e-07,1e-07,4.22,10000.0,finished,gvec.log
vmecpp/data/w7x,jvmec,converged,"max(|fsqr|,|fsqz|,|fsql|)",9.967754300584939e-13,1e-12,0.9967754300584939,0.0,0,wout_input_cleaned.nc
vmecpp/data/w7x,parvmec,converged,"max(|fsqr|,|fsqz|,|fsql|)",9.998297275884788e-13,1e-12,0.9998297275884788,2785.0,0,wout_w7x.nc
vmecpp/data/w7x,vmec2000,converged,"max(|fsqr|,|fsqz|,|fsql|)",9.998299379760717e-13,1e-12,0.9998299379760717,2785.0,0,wout_w7x.nc
vmecpp/data/w7x,vmecpp,converged,"max(|fsqr|,|fsqz|,|fsql|)",9.961664342920954e-13,1e-12,0.9961664342920954,2923.0,0,wout_input.nc
vmecpp/data/w7x,vmex,converged,"max(|fsqr|,|fsqz|,|fsql|)",9.99835313398778e-13,1e-12,0.9998353133987781,2784.0,0,wout_w7x.nc
