case,implementation,runtime_seconds,timing_source
DESC/inputs/DSHAPE,desc,59.37,GNU time real (s)
DESC/inputs/DSHAPE,educational_vmec,1.86,GNU time real (s)
DESC/inputs/DSHAPE,gvec,19.9,GVEC finished after (s)
DESC/inputs/DSHAPE,jvmec,7.14,total execution time (s)
DESC/inputs/DSHAPE,parvmec,1.14,total computational time (s)
DESC/inputs/DSHAPE,spectre,2.0,SPECTRE minimization time (s)
DESC/inputs/DSHAPE,vmec2000,1.21,total computational time (s)
DESC/inputs/DSHAPE,vmex,23.65,total computational time (s)
DESC/inputs/DSHAPE_desc,desc,58.9,GNU time real (s)
DESC/inputs/QSC_r2_5.5_vmec,educational_vmec,139.11,GNU time real (s)
DESC/inputs/QSC_r2_5.5_vmec,gvec,324.1,GVEC finished after (s)
DESC/inputs/QSC_r2_5.5_vmec,parvmec,83.69,total computational time (s)
DESC/inputs/QSC_r2_5.5_vmec,vmec2000,11.49,total computational time (s)
DESC/inputs/QSC_r2_5.5_vmec,vmecpp,35.8,GNU time real (s)
PARVMEC/Testing/tests/fixed_boundary_test/test,desc,27.99,GNU time real (s)
PARVMEC/Testing/tests/fixed_boundary_test/test,educational_vmec,0.16,GNU time real (s)
PARVMEC/Testing/tests/fixed_boundary_test/test,parvmec,0.11,total computational time (s)
PARVMEC/Testing/tests/fixed_boundary_test/test,vmec2000,0.06,total computational time (s)
PARVMEC/Testing/tests/fixed_boundary_test/test,vmecpp,0.61,GNU time real (s)
PARVMEC/Testing/tests/fixed_boundary_test/test,vmex,11.84,total computational time (s)
PARVMEC/Testing/tests/free_boundary_test/test,desc,96.13,GNU time real (s)
PARVMEC/Testing/tests/free_boundary_test/test,jvmec,28.11,total execution time (s)
PARVMEC/Testing/tests/free_boundary_test/test,parvmec,2.47,total computational time (s)
PARVMEC/Testing/tests/free_boundary_test/test,vmec2000,2.39,total computational time (s)
PARVMEC/Testing/tests/free_boundary_test/test,vmecpp,4.13,GNU time real (s)
PARVMEC/Testing/tests/lasym_test/test_asym,desc,27.83,GNU time real (s)
PARVMEC/Testing/tests/lasym_test/test_asym,educational_vmec,0.29,GNU time real (s)
PARVMEC/Testing/tests/lasym_test/test_asym,parvmec,0.11,total computational time (s)
PARVMEC/Testing/tests/lasym_test/test_asym,vmec2000,0.1,total computational time (s)
PARVMEC/Testing/tests/lasym_test/test_asym,vmecpp,0.71,GNU time real (s)
PARVMEC/Testing/tests/lasym_test/test_asym,vmex,11.78,total computational time (s)
PARVMEC/Testing/tests/lasym_test/test_sym,desc,26.33,GNU time real (s)
PARVMEC/Testing/tests/lasym_test/test_sym,educational_vmec,0.17,GNU time real (s)
PARVMEC/Testing/tests/lasym_test/test_sym,parvmec,0.13,total computational time (s)
PARVMEC/Testing/tests/lasym_test/test_sym,vmec2000,0.05,total computational time (s)
PARVMEC/Testing/tests/lasym_test/test_sym,vmecpp,0.64,GNU time real (s)
PARVMEC/Testing/tests/lasym_test/test_sym,vmex,10.56,total computational time (s)
PARVMEC/Testing/tests/niter_test/test,desc,27.83,GNU time real (s)
PARVMEC/Testing/tests/niter_test/test,parvmec,0.03,total computational time (s)
PARVMEC/Testing/tests/niter_test/test,vmec2000,0.01,total computational time (s)
PARVMEC/Testing/tests/niter_test/test,vmecpp,0.56,GNU time real (s)
PARVMEC/Testing/tests/reset_test/test,desc,25.02,GNU time real (s)
PARVMEC/Testing/tests/reset_test/test,educational_vmec,0.18,GNU time real (s)
PARVMEC/Testing/tests/reset_test/test,parvmec,0.08,total computational time (s)
PARVMEC/Testing/tests/reset_test/test,vmec2000,0.05,total computational time (s)
PARVMEC/Testing/tests/reset_test/test,vmecpp,0.58,GNU time real (s)
PARVMEC/Testing/tests/reset_test/test,vmex,10.84,total computational time (s)
SPECTRE/file_io/oversized_guess,spectre,13.0,SPECTRE minimization time (s)
SPECTRE/test_files/W7-X_standard_configuration,desc,443.47,GNU time real (s)
SPECTRE/test_files/W7-X_standard_configuration,educational_vmec,0.93,GNU time real (s)
SPECTRE/test_files/W7-X_standard_configuration,gvec,93.1,GVEC finished after (s)
SPECTRE/test_files/W7-X_standard_configuration,jvmec,68.87,total execution time (s)
SPECTRE/test_files/W7-X_standard_configuration,parvmec,5.94,total computational time (s)
SPECTRE/test_files/W7-X_standard_configuration,vmec2000,5.43,total computational time (s)
SPECTRE/test_files/W7-X_standard_configuration,vmecpp,8.27,GNU time real (s)
SPECTRE/test_files/W7-X_standard_configuration,vmex,35.28,total computational time (s)
SPECTRE/test_files/iota,desc,95.45,GNU time real (s)
SPECTRE/test_files/iota,educational_vmec,0.44,GNU time real (s)
SPECTRE/test_files/iota,jvmec,42.12,total execution time (s)
SPECTRE/test_files/iota,parvmec,4.5,total computational time (s)
SPECTRE/test_files/iota,vmec2000,4.47,total computational time (s)
SPECTRE/test_files/iota,vmecpp,7.3,GNU time real (s)
SPECTRE/test_files/iota,vmex,37.64,total computational time (s)
SPECTRE/test_files/qabeta_curr,desc,105.06,GNU time real (s)
SPECTRE/test_files/qabeta_curr,educational_vmec,0.52,GNU time real (s)
SPECTRE/test_files/qabeta_curr,jvmec,33.14,total execution time (s)
SPECTRE/test_files/qabeta_curr,parvmec,3.4,total computational time (s)
SPECTRE/test_files/qabeta_curr,vmec2000,3.31,total computational time (s)
SPECTRE/test_files/qabeta_curr,vmecpp,6.47,GNU time real (s)
SPECTRE/test_files/qabeta_curr,vmex,35.31,total computational time (s)
SPECTRE/utils/make_freeboundary/W7-X_standard_configuration,desc,457.91,GNU time real (s)
SPECTRE/utils/make_freeboundary/W7-X_standard_configuration,educational_vmec,1.2,GNU time real (s)
SPECTRE/utils/make_freeboundary/W7-X_standard_configuration,gvec,95.3,GVEC finished after (s)
SPECTRE/utils/make_freeboundary/W7-X_standard_configuration,parvmec,5.46,total computational time (s)
SPECTRE/utils/make_freeboundary/W7-X_standard_configuration,vmec2000,5.56,total computational time (s)
SPECTRE/utils/make_freeboundary/W7-X_standard_configuration,vmecpp,7.88,GNU time real (s)
SPECTRE/utils/make_freeboundary/W7-X_standard_configuration,vmex,33.4,total computational time (s)
SPECTRE/utils/vmec2spectre/iota,educational_vmec,8.01,GNU time real (s)
SPECTRE/utils/vmec2spectre/iota,parvmec,340.9,total computational time (s)
SPECTRE/utils/vmec2spectre/iota,vmec2000,407.56,total computational time (s)
SPECTRE/utils/vmec2spectre/iota,vmecpp,268.92,GNU time real (s)
SPECTRE/utils/vmec2spectre/qabeta_curr,desc,99.01,GNU time real (s)
SPECTRE/utils/vmec2spectre/qabeta_curr,educational_vmec,0.75,GNU time real (s)
SPECTRE/utils/vmec2spectre/qabeta_curr,parvmec,14.61,total computational time (s)
SPECTRE/utils/vmec2spectre/qabeta_curr,vmec2000,18.12,total computational time (s)
SPECTRE/utils/vmec2spectre/qabeta_curr,vmecpp,17.57,GNU time real (s)
SPECTRE/utils/vmec2spectre/qabeta_curr,vmex,64.19,total computational time (s)
SPECTRE/wrapper/cyl_manyvol_test,spectre,0.316,SPECTRE minimization time (s)
SPECTRE/wrapper/qa_7vol_test,spectre,0.865,SPECTRE minimization time (s)
SPECTRE/wrapper/test_freeb_w7x,spectre,45.0,SPECTRE minimization time (s)
SPECTRE/wrapper/test_lconsmin2_w7x,spectre,0.145,SPECTRE minimization time (s)
SPEC/ci/G1V03L0Fi/G1V03L0Fi,spec,0.14,SPEC completion time (s)
SPEC/ci/G1V03L3Fi/G1V03L3Fi,spec,0.12,SPEC completion time (s)
SPEC/ci/G2V32L1Fi_FG/G2V32L1Fi.001,spec,11.88,SPEC completion time (s)
SPEC/ci/G2V32L1Fi/G2V32L1Fi.001,spec,2.7,SPEC completion time (s)
SPEC/ci/G3V08L3Fi/G3V08L3Fi.001,spec,4.12,SPEC completion time (s)
SPEC/ci/G3V08L3FrGrid/G3V08L3FrGrid.001,spec,13.65,SPEC completion time (s)
SPEC/ci/G3V08L3Fr_FG/G3V08L3Fr.001,spec,0.16,SPEC completion time (s)
SPEC/ci/G3V08L3Fr/G3V08L3Fr.001,spec,35.61,SPEC completion time (s)
SPEC/ci/toroidal_freeboundary_vacuum/G3V02L0Fr,spec,6.42,SPEC completion time (s)
SPEC/ci/toroidal_freeboundary_vacuum/G3V02L0Fr_LU,spec,13.36,SPEC completion time (s)
VMEC2000/python/tests/LandremanSenguptaPlunk_section5p3_low_res,desc,59.57,GNU time real (s)
VMEC2000/python/tests/LandremanSenguptaPlunk_section5p3_low_res,educational_vmec,0.26,GNU time real (s)
VMEC2000/python/tests/LandremanSenguptaPlunk_section5p3_low_res,gvec,41.1,GVEC finished after (s)
VMEC2000/python/tests/LandremanSenguptaPlunk_section5p3_low_res,jvmec,19.57,total execution time (s)
VMEC2000/python/tests/LandremanSenguptaPlunk_section5p3_low_res,spectre,66.0,SPECTRE minimization time (s)
VMEC2000/python/tests/LandremanSenguptaPlunk_section5p3_low_res,vmec2000,0.71,total computational time (s)
VMEC2000/python/tests/LandremanSenguptaPlunk_section5p3_low_res,vmex,19.2,total computational time (s)
VMEC2000/python/tests/circular_tokamak,desc,40.63,GNU time real (s)
VMEC2000/python/tests/circular_tokamak,educational_vmec,0.37,GNU time real (s)
VMEC2000/python/tests/circular_tokamak,gvec,9.1,GVEC finished after (s)
VMEC2000/python/tests/circular_tokamak,jvmec,7.41,total execution time (s)
VMEC2000/python/tests/circular_tokamak,parvmec,0.16,total computational time (s)
VMEC2000/python/tests/circular_tokamak,spectre,2.0,SPECTRE minimization time (s)
VMEC2000/python/tests/circular_tokamak,vmec2000,0.37,total computational time (s)
VMEC2000/python/tests/circular_tokamak,vmecpp,0.78,GNU time real (s)
VMEC2000/python/tests/circular_tokamak,vmex,13.75,total computational time (s)
VMEC2000/python/tests/li383_low_res,desc,80.2,GNU time real (s)
VMEC2000/python/tests/li383_low_res,educational_vmec,0.14,GNU time real (s)
VMEC2000/python/tests/li383_low_res,parvmec,0.72,total computational time (s)
VMEC2000/python/tests/li383_low_res,vmec2000,0.05,total computational time (s)
VMEC2000/python/tests/li383_low_res,vmecpp,0.81,GNU time real (s)
VMEC2000/python/tests/li383_low_res,vmex,11.19,total computational time (s)
VMEC2000/python/tests/up_down_asymmetric_tokamak,desc,22.28,GNU time real (s)
VMEC2000/python/tests/up_down_asymmetric_tokamak,educational_vmec,0.54,GNU time real (s)
VMEC2000/python/tests/up_down_asymmetric_tokamak,gvec,19.3,GVEC finished after (s)
VMEC2000/python/tests/up_down_asymmetric_tokamak,jvmec,7.15,total execution time (s)
VMEC2000/python/tests/up_down_asymmetric_tokamak,parvmec,0.21,total computational time (s)
VMEC2000/python/tests/up_down_asymmetric_tokamak,spectre,0.119,SPECTRE minimization time (s)
VMEC2000/python/tests/up_down_asymmetric_tokamak,vmec2000,0.27,total computational time (s)
VMEC2000/python/tests/up_down_asymmetric_tokamak,vmecpp,0.66,GNU time real (s)
VMEC2000/python/tests/up_down_asymmetric_tokamak,vmex,12.3,total computational time (s)
VMEX/data/DIII-D_lasym_false,desc,64.85,GNU time real (s)
VMEX/data/DSHAPE,desc,55.97,GNU time real (s)
VMEX/data/DSHAPE,educational_vmec,1.83,GNU time real (s)
VMEX/data/DSHAPE,gvec,21.0,GVEC finished after (s)
VMEX/data/DSHAPE,jvmec,8.64,total execution time (s)
VMEX/data/DSHAPE,parvmec,1.18,total computational time (s)
VMEX/data/DSHAPE,spectre,2.0,SPECTRE minimization time (s)
VMEX/data/DSHAPE,vmec2000,1.19,total computational time (s)
VMEX/data/DSHAPE,vmecpp,1.52,GNU time real (s)
VMEX/data/DSHAPE,vmex,23.13,total computational time (s)
VMEX/data/ITERModel,desc,44.59,GNU time real (s)
VMEX/data/ITERModel,educational_vmec,0.84,GNU time real (s)
VMEX/data/ITERModel,gvec,9.5,GVEC finished after (s)
VMEX/data/ITERModel,jvmec,7.59,total execution time (s)
VMEX/data/ITERModel,parvmec,0.33,total computational time (s)
VMEX/data/ITERModel,vmec2000,0.32,total computational time (s)
VMEX/data/ITERModel,vmecpp,0.9,GNU time real (s)
VMEX/data/ITERModel,vmex,18.69,total computational time (s)
VMEX/data/LandremanPaul2021_QA_beta0p5_bootstrap,desc,105.25,GNU time real (s)
VMEX/data/LandremanPaul2021_QA_beta0p5_bootstrap,parvmec,0.96,total computational time (s)
VMEX/data/LandremanPaul2021_QA_beta0p5_bootstrap,vmec2000,0.94,total computational time (s)
VMEX/data/LandremanPaul2021_QA_beta0p5_bootstrap,vmecpp,2.27,GNU time real (s)
VMEX/data/LandremanPaul2021_QA_beta0p5_bootstrap,vmex,15.75,total computational time (s)
VMEX/data/LandremanPaul2021_QA_beta2p5_bootstrap,desc,112.48,GNU time real (s)
VMEX/data/LandremanPaul2021_QA_beta2p5_bootstrap,parvmec,1.49,total computational time (s)
VMEX/data/LandremanPaul2021_QA_beta2p5_bootstrap,vmec2000,1.48,total computational time (s)
VMEX/data/LandremanPaul2021_QA_beta2p5_bootstrap,vmecpp,2.78,GNU time real (s)
VMEX/data/LandremanPaul2021_QA_beta2p5_bootstrap,vmex,29.84,total computational time (s)
VMEX/data/LandremanPaul2021_QA_lowres,desc,188.66,GNU time real (s)
VMEX/data/LandremanPaul2021_QA_lowres,educational_vmec,13.39,GNU time real (s)
VMEX/data/LandremanPaul2021_QA_lowres,gvec,64.8,GVEC finished after (s)
VMEX/data/LandremanPaul2021_QA_lowres,parvmec,3.72,total computational time (s)
VMEX/data/LandremanPaul2021_QA_lowres,vmec2000,3.78,total computational time (s)
VMEX/data/LandremanPaul2021_QA_lowres,vmecpp,5.4,GNU time real (s)
VMEX/data/LandremanPaul2021_QA_lowres1,desc,86.79,GNU time real (s)
VMEX/data/LandremanPaul2021_QA_lowres1,educational_vmec,12.65,GNU time real (s)
VMEX/data/LandremanPaul2021_QA_lowres1,gvec,50.2,GVEC finished after (s)
VMEX/data/LandremanPaul2021_QA_lowres1,parvmec,3.03,total computational time (s)
VMEX/data/LandremanPaul2021_QA_lowres1,vmec2000,2.83,total computational time (s)
VMEX/data/LandremanPaul2021_QA_lowres1,vmecpp,5.36,GNU time real (s)
VMEX/data/LandremanPaul2021_QA_lowres1,vmex,28.88,total computational time (s)
VMEX/data/LandremanPaul2021_QA_reactorScale_lowres,desc,168.65,GNU time real (s)
VMEX/data/LandremanPaul2021_QA_reactorScale_lowres,educational_vmec,21.08,GNU time real (s)
VMEX/data/LandremanPaul2021_QA_reactorScale_lowres,jvmec,41.45,total execution time (s)
VMEX/data/LandremanPaul2021_QA_reactorScale_lowres,vmec2000,5.61,total computational time (s)
VMEX/data/LandremanPaul2021_QA_reactorScale_lowres,vmex,31.95,total computational time (s)
VMEX/data/LandremanPaul2021_QH_reactorScale_lowres,desc,149.41,GNU time real (s)
VMEX/data/LandremanPaul2021_QH_reactorScale_lowres,educational_vmec,27.32,GNU time real (s)
VMEX/data/LandremanPaul2021_QH_reactorScale_lowres,jvmec,48.11,total execution time (s)
VMEX/data/LandremanPaul2021_QH_reactorScale_lowres,vmec2000,6.6,total computational time (s)
VMEX/data/LandremanPaul2021_QH_reactorScale_lowres,vmex,34.16,total computational time (s)
VMEX/data/LandremanSengupta2019_section5.4_B2_A80,desc,27.11,GNU time real (s)
VMEX/data/LandremanSengupta2019_section5.4_B2_A80,educational_vmec,0.22,GNU time real (s)
VMEX/data/LandremanSengupta2019_section5.4_B2_A80,gvec,2.7,GVEC finished after (s)
VMEX/data/LandremanSengupta2019_section5.4_B2_A80,jvmec,6.66,total execution time (s)
VMEX/data/LandremanSengupta2019_section5.4_B2_A80,spectre,0.019,SPECTRE minimization time (s)
VMEX/data/LandremanSengupta2019_section5.4_B2_A80,vmec2000,0.06,total computational time (s)
VMEX/data/LandremanSengupta2019_section5.4_B2_A80,vmex,13.11,total computational time (s)
VMEX/data/LandremanSenguptaPlunk_section5p3_low_res,desc,26.31,GNU time real (s)
VMEX/data/LandremanSenguptaPlunk_section5p3_low_res,educational_vmec,0.49,GNU time real (s)
VMEX/data/LandremanSenguptaPlunk_section5p3_low_res,gvec,3.0,GVEC finished after (s)
VMEX/data/LandremanSenguptaPlunk_section5p3_low_res,jvmec,6.85,total execution time (s)
VMEX/data/LandremanSenguptaPlunk_section5p3_low_res,spectre,0.124,SPECTRE minimization time (s)
VMEX/data/LandremanSenguptaPlunk_section5p3_low_res,vmec2000,0.21,total computational time (s)
VMEX/data/NuhrenbergZille_1988_QHS,desc,538.51,GNU time real (s)
VMEX/data/NuhrenbergZille_1988_QHS,educational_vmec,448.15,GNU time real (s)
VMEX/data/NuhrenbergZille_1988_QHS,gvec,106.3,GVEC finished after (s)
VMEX/data/NuhrenbergZille_1988_QHS,parvmec,91.71,total computational time (s)
VMEX/data/NuhrenbergZille_1988_QHS,vmec2000,92.02,total computational time (s)
VMEX/data/NuhrenbergZille_1988_QHS,vmecpp,77.14,GNU time real (s)
VMEX/data/NuhrenbergZille_1988_QHS,vmex,240.72,total computational time (s)
VMEX/data/QI_nfp2_initial,desc,89.75,GNU time real (s)
VMEX/data/QI_nfp2_initial,educational_vmec,13.74,GNU time real (s)
VMEX/data/QI_nfp2_initial,gvec,50.8,GVEC finished after (s)
VMEX/data/QI_nfp2_initial,jvmec,31.36,total execution time (s)
VMEX/data/QI_nfp2_initial,parvmec,4.11,total computational time (s)
VMEX/data/QI_nfp2_initial,vmec2000,4.52,total computational time (s)
VMEX/data/QI_nfp2_initial,vmecpp,5.25,GNU time real (s)
VMEX/data/QI_nfp2_initial,vmex,34.83,total computational time (s)
VMEX/data/QI_stel_seed_3127,desc,74.38,GNU time real (s)
VMEX/data/QI_stel_seed_3127,educational_vmec,3.11,GNU time real (s)
VMEX/data/QI_stel_seed_3127,gvec,40.2,GVEC finished after (s)
VMEX/data/QI_stel_seed_3127,jvmec,16.13,total execution time (s)
VMEX/data/QI_stel_seed_3127,parvmec,0.94,total computational time (s)
VMEX/data/QI_stel_seed_3127,vmec2000,1.02,total computational time (s)
VMEX/data/QI_stel_seed_3127,vmecpp,1.94,GNU time real (s)
VMEX/data/QI_stel_seed_3127,vmex,19.55,total computational time (s)
VMEX/data/basic_non_stellsym_pressure,desc,53.42,GNU time real (s)
VMEX/data/basic_non_stellsym_pressure,educational_vmec,5.95,GNU time real (s)
VMEX/data/basic_non_stellsym_pressure,gvec,25.4,GVEC finished after (s)
VMEX/data/basic_non_stellsym_pressure,parvmec,0.52,total computational time (s)
VMEX/data/basic_non_stellsym_pressure,vmec2000,0.7,total computational time (s)
VMEX/data/basic_non_stellsym_pressure,vmecpp,0.7,GNU time real (s)
VMEX/data/basic_non_stellsym_pressure,vmex,32.79,total computational time (s)
VMEX/data/basic_non_stellsym_simsopt,desc,53.6,GNU time real (s)
VMEX/data/basic_non_stellsym_simsopt,educational_vmec,0.06,GNU time real (s)
VMEX/data/basic_non_stellsym_simsopt,jvmec,25.23,total execution time (s)
VMEX/data/basic_non_stellsym_simsopt,parvmec,1.16,total computational time (s)
VMEX/data/basic_non_stellsym_simsopt,spectre,2.0,SPECTRE minimization time (s)
VMEX/data/basic_non_stellsym_simsopt,vmec2000,0.97,total computational time (s)
VMEX/data/basic_non_stellsym_simsopt,vmecpp,0.69,GNU time real (s)
VMEX/data/basic_non_stellsym_simsopt,vmex,30.06,total computational time (s)
VMEX/data/circular_tokamak,desc,41.29,GNU time real (s)
VMEX/data/circular_tokamak,educational_vmec,0.29,GNU time real (s)
VMEX/data/circular_tokamak,gvec,8.9,GVEC finished after (s)
VMEX/data/circular_tokamak,jvmec,5.71,total execution time (s)
VMEX/data/circular_tokamak,parvmec,0.15,total computational time (s)
VMEX/data/circular_tokamak,spectre,3.0,SPECTRE minimization time (s)
VMEX/data/circular_tokamak,vmec2000,0.08,total computational time (s)
VMEX/data/circular_tokamak,vmecpp,0.69,GNU time real (s)
VMEX/data/circular_tokamak,vmex,12.67,total computational time (s)
VMEX/data/circular_tokamak_aspect_100,desc,38.99,GNU time real (s)
VMEX/data/circular_tokamak_aspect_100,educational_vmec,1.12,GNU time real (s)
VMEX/data/circular_tokamak_aspect_100,gvec,0.6,GVEC finished after (s)
VMEX/data/circular_tokamak_aspect_100,jvmec,8.48,total execution time (s)
VMEX/data/circular_tokamak_aspect_100,parvmec,1.05,total computational time (s)
VMEX/data/circular_tokamak_aspect_100,spectre,0.027,SPECTRE minimization time (s)
VMEX/data/circular_tokamak_aspect_100,vmec2000,1.06,total computational time (s)
VMEX/data/circular_tokamak_aspect_100,vmecpp,2.16,GNU time real (s)
VMEX/data/circular_tokamak_aspect_100,vmex,25.54,total computational time (s)
VMEX/data/cth_like_fixed_bdy,desc,48.15,GNU time real (s)
VMEX/data/cth_like_fixed_bdy,educational_vmec,0.75,GNU time real (s)
VMEX/data/cth_like_fixed_bdy,jvmec,10.89,total execution time (s)
VMEX/data/cth_like_fixed_bdy,parvmec,0.3,total computational time (s)
VMEX/data/cth_like_fixed_bdy,vmec2000,0.37,total computational time (s)
VMEX/data/cth_like_fixed_bdy,vmecpp,1.14,GNU time real (s)
VMEX/data/cth_like_fixed_bdy,vmex,11.01,total computational time (s)
VMEX/data/cth_like_free_bdy,desc,82.6,GNU time real (s)
VMEX/data/cth_like_free_bdy,educational_vmec,3.27,GNU time real (s)
VMEX/data/cth_like_free_bdy,jvmec,16.59,total execution time (s)
VMEX/data/cth_like_free_bdy,parvmec,0.81,total computational time (s)
VMEX/data/cth_like_free_bdy,vmec2000,0.77,total computational time (s)
VMEX/data/cth_like_free_bdy,vmecpp,1.97,GNU time real (s)
VMEX/data/cth_like_free_bdy,vmex,21.57,total computational time (s)
VMEX/data/cth_like_free_bdy_lasym_small,desc,83.18,GNU time real (s)
VMEX/data/cth_like_free_bdy_lasym_small,educational_vmec,8.82,GNU time real (s)
VMEX/data/cth_like_free_bdy_lasym_small,parvmec,1.69,total computational time (s)
VMEX/data/cth_like_free_bdy_lasym_small,vmec2000,1.64,total computational time (s)
VMEX/data/li383_low_res,desc,87.67,GNU time real (s)
VMEX/data/li383_low_res,educational_vmec,0.19,GNU time real (s)
VMEX/data/li383_low_res,parvmec,0.1,total computational time (s)
VMEX/data/li383_low_res,vmec2000,0.04,total computational time (s)
VMEX/data/li383_low_res,vmecpp,0.87,GNU time real (s)
VMEX/data/li383_low_res,vmex,11.4,total computational time (s)
VMEX/data/minimal_seed_nfp1,desc,71.63,GNU time real (s)
VMEX/data/minimal_seed_nfp1,educational_vmec,0.55,GNU time real (s)
VMEX/data/minimal_seed_nfp1,gvec,5.6,GVEC finished after (s)
VMEX/data/minimal_seed_nfp1,jvmec,5.53,total execution time (s)
VMEX/data/minimal_seed_nfp1,parvmec,0.23,total computational time (s)
VMEX/data/minimal_seed_nfp1,vmec2000,0.16,total computational time (s)
VMEX/data/minimal_seed_nfp1,vmecpp,1.31,GNU time real (s)
VMEX/data/minimal_seed_nfp1,vmex,12.55,total computational time (s)
VMEX/data/minimal_seed_nfp2,desc,71.01,GNU time real (s)
VMEX/data/minimal_seed_nfp2,educational_vmec,0.52,GNU time real (s)
VMEX/data/minimal_seed_nfp2,gvec,5.7,GVEC finished after (s)
VMEX/data/minimal_seed_nfp2,jvmec,5.31,total execution time (s)
VMEX/data/minimal_seed_nfp2,parvmec,0.22,total computational time (s)
VMEX/data/minimal_seed_nfp2,vmec2000,0.16,total computational time (s)
VMEX/data/minimal_seed_nfp2,vmecpp,1.37,GNU time real (s)
VMEX/data/minimal_seed_nfp2,vmex,12.32,total computational time (s)
VMEX/data/minimal_seed_nfp2_target_helicity,desc,70.26,GNU time real (s)
VMEX/data/minimal_seed_nfp2_target_helicity,educational_vmec,2.47,GNU time real (s)
VMEX/data/minimal_seed_nfp2_target_helicity,gvec,5.1,GVEC finished after (s)
VMEX/data/minimal_seed_nfp2_target_helicity,jvmec,16.2,total execution time (s)
VMEX/data/minimal_seed_nfp2_target_helicity,parvmec,0.73,total computational time (s)
VMEX/data/minimal_seed_nfp2_target_helicity,vmec2000,0.74,total computational time (s)
VMEX/data/minimal_seed_nfp2_target_helicity,vmecpp,2.04,GNU time real (s)
VMEX/data/minimal_seed_nfp2_target_helicity,vmex,12.13,total computational time (s)
VMEX/data/minimal_seed_nfp3,desc,47.23,GNU time real (s)
VMEX/data/minimal_seed_nfp3,educational_vmec,1.76,GNU time real (s)
VMEX/data/minimal_seed_nfp3,gvec,3.4,GVEC finished after (s)
VMEX/data/minimal_seed_nfp3,jvmec,15.97,total execution time (s)
VMEX/data/minimal_seed_nfp3,parvmec,0.57,total computational time (s)
VMEX/data/minimal_seed_nfp3,vmec2000,0.51,total computational time (s)
VMEX/data/minimal_seed_nfp3,vmecpp,1.71,GNU time real (s)
VMEX/data/minimal_seed_nfp3,vmex,12.58,total computational time (s)
VMEX/data/minimal_seed_nfp4,desc,47.99,GNU time real (s)
VMEX/data/minimal_seed_nfp4,educational_vmec,1.8,GNU time real (s)
VMEX/data/minimal_seed_nfp4,gvec,3.3,GVEC finished after (s)
VMEX/data/minimal_seed_nfp4,jvmec,15.73,total execution time (s)
VMEX/data/minimal_seed_nfp4,parvmec,0.58,total computational time (s)
VMEX/data/minimal_seed_nfp4,vmec2000,0.51,total computational time (s)
VMEX/data/minimal_seed_nfp4,vmecpp,1.53,GNU time real (s)
VMEX/data/minimal_seed_nfp4,vmex,11.86,total computational time (s)
VMEX/data/ncsx_c09r00_free_lowres,desc,103.4,GNU time real (s)
VMEX/data/near_degenerate_vacuum_nfp3,desc,66.27,GNU time real (s)
VMEX/data/near_degenerate_vacuum_nfp3,educational_vmec,7.64,GNU time real (s)
VMEX/data/near_degenerate_vacuum_nfp3,gvec,4.0,GVEC finished after (s)
VMEX/data/near_degenerate_vacuum_nfp3,jvmec,17.85,total execution time (s)
VMEX/data/near_degenerate_vacuum_nfp3,parvmec,0.68,total computational time (s)
VMEX/data/near_degenerate_vacuum_nfp3,vmec2000,0.66,total computational time (s)
VMEX/data/near_degenerate_vacuum_nfp3,vmecpp,3.14,GNU time real (s)
VMEX/data/near_degenerate_vacuum_nfp3,vmex,12.93,total computational time (s)
VMEX/data/nfp1_QI,desc,75.74,GNU time real (s)
VMEX/data/nfp1_QI,educational_vmec,18.61,GNU time real (s)
VMEX/data/nfp1_QI,gvec,47.1,GVEC finished after (s)
VMEX/data/nfp1_QI,jvmec,38.19,total execution time (s)
VMEX/data/nfp1_QI,parvmec,5.41,total computational time (s)
VMEX/data/nfp1_QI,vmec2000,5.49,total computational time (s)
VMEX/data/nfp1_QI,vmecpp,5.24,GNU time real (s)
VMEX/data/nfp1_QI,vmex,32.5,total computational time (s)
VMEX/data/nfp2_QA,desc,65.56,GNU time real (s)
VMEX/data/nfp2_QA,educational_vmec,1.72,GNU time real (s)
VMEX/data/nfp2_QA,gvec,3.5,GVEC finished after (s)
VMEX/data/nfp2_QA,jvmec,15.92,total execution time (s)
VMEX/data/nfp2_QA,parvmec,0.54,total computational time (s)
VMEX/data/nfp2_QA,vmec2000,0.52,total computational time (s)
VMEX/data/nfp2_QA,vmecpp,1.6,GNU time real (s)
VMEX/data/nfp2_QA,vmex,11.93,total computational time (s)
VMEX/data/nfp2_QA_finite_beta,desc,87.86,GNU time real (s)
VMEX/data/nfp2_QA_finite_beta,parvmec,0.81,total computational time (s)
VMEX/data/nfp2_QA_finite_beta,vmec2000,0.76,total computational time (s)
VMEX/data/nfp2_QA_finite_beta,vmecpp,2.53,GNU time real (s)
VMEX/data/nfp2_QA_finite_beta,vmex,15.73,total computational time (s)
VMEX/data/nfp2_QA_highres,desc,66.81,GNU time real (s)
VMEX/data/nfp2_QA_highres,educational_vmec,19.34,GNU time real (s)
VMEX/data/nfp2_QA_highres,gvec,59.0,GVEC finished after (s)
VMEX/data/nfp2_QA_highres,jvmec,35.9,total execution time (s)
VMEX/data/nfp2_QA_highres,parvmec,4.27,total computational time (s)
VMEX/data/nfp2_QA_highres,vmec2000,4.92,total computational time (s)
VMEX/data/nfp2_QA_highres,vmecpp,7.32,GNU time real (s)
VMEX/data/nfp2_QA_highres,vmex,27.06,total computational time (s)
VMEX/data/nfp2_QA_omnigenity,desc,79.24,GNU time real (s)
VMEX/data/nfp2_QA_omnigenity,educational_vmec,0.77,GNU time real (s)
VMEX/data/nfp2_QA_omnigenity,gvec,8.5,GVEC finished after (s)
VMEX/data/nfp2_QA_omnigenity,jvmec,7.1,total execution time (s)
VMEX/data/nfp2_QA_omnigenity,parvmec,0.29,total computational time (s)
VMEX/data/nfp2_QA_omnigenity,vmec2000,0.24,total computational time (s)
VMEX/data/nfp2_QA_omnigenity,vmecpp,1.52,GNU time real (s)
VMEX/data/nfp2_QA_omnigenity,vmex,15.81,total computational time (s)
VMEX/data/nfp2_QI,desc,83.87,GNU time real (s)
VMEX/data/nfp2_QI,educational_vmec,5.1,GNU time real (s)
VMEX/data/nfp2_QI,gvec,48.7,GVEC finished after (s)
VMEX/data/nfp2_QI,jvmec,18.96,total execution time (s)
VMEX/data/nfp2_QI,parvmec,1.46,total computational time (s)
VMEX/data/nfp2_QI,vmec2000,1.47,total computational time (s)
VMEX/data/nfp2_QI,vmecpp,2.57,GNU time real (s)
VMEX/data/nfp2_QI,vmex,15.36,total computational time (s)
VMEX/data/nfp3_QI_fixed_resolution_final,desc,72.88,GNU time real (s)
VMEX/data/nfp3_QI_fixed_resolution_final,educational_vmec,106.12,GNU time real (s)
VMEX/data/nfp3_QI_fixed_resolution_final,jvmec,164.52,total execution time (s)
VMEX/data/nfp3_QI_fixed_resolution_final,parvmec,25.93,total computational time (s)
VMEX/data/nfp3_QI_fixed_resolution_final,vmec2000,31.99,total computational time (s)
VMEX/data/nfp3_QI_fixed_resolution_final,vmecpp,22.31,GNU time real (s)
VMEX/data/nfp3_QI_fixed_resolution_final,vmex,70.86,total computational time (s)
VMEX/data/nfp4_QH_finite_beta,desc,101.23,GNU time real (s)
VMEX/data/nfp4_QH_finite_beta,parvmec,1.98,total computational time (s)
VMEX/data/nfp4_QH_finite_beta,vmec2000,1.97,total computational time (s)
VMEX/data/nfp4_QH_finite_beta,vmecpp,3.22,GNU time real (s)
VMEX/data/nfp4_QH_finite_beta,vmex,25.74,total computational time (s)
VMEX/data/nfp4_QH_warm_start,desc,53.89,GNU time real (s)
VMEX/data/nfp4_QH_warm_start,educational_vmec,0.36,GNU time real (s)
VMEX/data/nfp4_QH_warm_start,gvec,26.7,GVEC finished after (s)
VMEX/data/nfp4_QH_warm_start,jvmec,7.46,total execution time (s)
VMEX/data/nfp4_QH_warm_start,parvmec,0.18,total computational time (s)
VMEX/data/nfp4_QH_warm_start,vmec2000,0.17,total computational time (s)
VMEX/data/nfp4_QH_warm_start,vmecpp,1.4,GNU time real (s)
VMEX/data/nfp4_QH_warm_start,vmex,10.32,total computational time (s)
VMEX/data/nfp4_QI_finite_beta,desc,73.2,GNU time real (s)
VMEX/data/nfp4_QI_finite_beta,parvmec,2.78,total computational time (s)
VMEX/data/nfp4_QI_finite_beta,vmec2000,2.93,total computational time (s)
VMEX/data/nfp4_QI_finite_beta,vmex,20.45,total computational time (s)
VMEX/data/profile_splines,desc,31.97,GNU time real (s)
VMEX/data/profile_splines,educational_vmec,0.25,GNU time real (s)
VMEX/data/profile_splines,jvmec,5.15,total execution time (s)
VMEX/data/profile_splines,parvmec,0.11,total computational time (s)
VMEX/data/profile_splines,vmec2000,0.06,total computational time (s)
VMEX/data/profile_splines,vmex,19.46,total computational time (s)
VMEX/data/purely_toroidal_field,desc,31.22,GNU time real (s)
VMEX/data/purely_toroidal_field,educational_vmec,2.9,GNU time real (s)
VMEX/data/purely_toroidal_field,gvec,1.1,GVEC finished after (s)
VMEX/data/purely_toroidal_field,jvmec,10.12,total execution time (s)
VMEX/data/purely_toroidal_field,parvmec,1.55,total computational time (s)
VMEX/data/purely_toroidal_field,spectre,1.0,SPECTRE minimization time (s)
VMEX/data/purely_toroidal_field,vmec2000,1.59,total computational time (s)
VMEX/data/purely_toroidal_field,vmecpp,1.78,GNU time real (s)
VMEX/data/purely_toroidal_field,vmex,47.35,total computational time (s)
VMEX/data/serial2500170_surface_points_mpol12_ntor12,educational_vmec,0.17,GNU time real (s)
VMEX/data/serial2500170_surface_points_mpol12_ntor12,jvmec,35.87,total execution time (s)
VMEX/data/serial2500170_surface_points_mpol12_ntor12,parvmec,4.69,total computational time (s)
VMEX/data/serial2500170_surface_points_mpol12_ntor12,vmec2000,4.78,total computational time (s)
VMEX/data/serial2500170_surface_points_mpol12_ntor12,vmecpp,1.79,GNU time real (s)
VMEX/data/serial2500170_surface_points_mpol12_ntor12,vmex,23.57,total computational time (s)
VMEX/data/shaped_tokamak_pressure,desc,63.04,GNU time real (s)
VMEX/data/shaped_tokamak_pressure,educational_vmec,0.67,GNU time real (s)
VMEX/data/shaped_tokamak_pressure,gvec,14.0,GVEC finished after (s)
VMEX/data/shaped_tokamak_pressure,jvmec,5.82,total execution time (s)
VMEX/data/shaped_tokamak_pressure,parvmec,0.28,total computational time (s)
VMEX/data/shaped_tokamak_pressure,spectre,2.0,SPECTRE minimization time (s)
VMEX/data/shaped_tokamak_pressure,vmec2000,0.27,total computational time (s)
VMEX/data/shaped_tokamak_pressure,vmecpp,0.82,GNU time real (s)
VMEX/data/shaped_tokamak_pressure,vmex,17.6,total computational time (s)
VMEX/data/solovev,desc,47.34,GNU time real (s)
VMEX/data/solovev,educational_vmec,0.11,GNU time real (s)
VMEX/data/solovev,gvec,5.0,GVEC finished after (s)
VMEX/data/solovev,jvmec,2.25,total execution time (s)
VMEX/data/solovev,parvmec,0.1,total computational time (s)
VMEX/data/solovev,spectre,0.668,SPECTRE minimization time (s)
VMEX/data/solovev,vmec2000,0.02,total computational time (s)
VMEX/data/solovev,vmecpp,0.55,GNU time real (s)
VMEX/data/solovev,vmex,7.49,total computational time (s)
VMEX/data/up_down_asymmetric_tokamak,desc,23.43,GNU time real (s)
VMEX/data/up_down_asymmetric_tokamak,educational_vmec,1.01,GNU time real (s)
VMEX/data/up_down_asymmetric_tokamak,gvec,20.5,GVEC finished after (s)
VMEX/data/up_down_asymmetric_tokamak,parvmec,0.37,total computational time (s)
VMEX/data/up_down_asymmetric_tokamak,spectre,0.118,SPECTRE minimization time (s)
VMEX/data/up_down_asymmetric_tokamak,vmec2000,0.31,total computational time (s)
VMEX/data/up_down_asymmetric_tokamak,vmecpp,0.54,GNU time real (s)
benchmark_vmec/cases/analytic/1d_cylindrical/analytic_1d,desc,37.63,GNU time real (s)
benchmark_vmec/cases/analytic/1d_cylindrical/analytic_1d,educational_vmec,0.07,GNU time real (s)
benchmark_vmec/cases/analytic/1d_cylindrical/analytic_1d,jvmec,0.52,total execution time (s)
benchmark_vmec/cases/analytic/1d_cylindrical/analytic_1d,parvmec,0.04,total computational time (s)
benchmark_vmec/cases/analytic/1d_cylindrical/analytic_1d,vmec2000,0.02,total computational time (s)
benchmark_vmec/cases/analytic/1d_cylindrical/analytic_1d,vmecpp,0.56,GNU time real (s)
benchmark_vmec/cases/analytic/1d_cylindrical/analytic_1d,vmex,12.1,total computational time (s)
benchmark_vmec/cases/analytic/2d_solovev/solovev,desc,39.76,GNU time real (s)
benchmark_vmec/cases/analytic/2d_solovev/solovev,educational_vmec,0.06,GNU time real (s)
benchmark_vmec/cases/analytic/2d_solovev/solovev,freegs,1.64,GNU time real (s)
benchmark_vmec/cases/analytic/2d_solovev/solovev,gvec,8.5,GVEC finished after (s)
benchmark_vmec/cases/analytic/2d_solovev/solovev,jvmec,0.62,total execution time (s)
benchmark_vmec/cases/analytic/2d_solovev/solovev,parvmec,0.06,total computational time (s)
benchmark_vmec/cases/analytic/2d_solovev/solovev,spectre,0.579,SPECTRE minimization time (s)
benchmark_vmec/cases/analytic/2d_solovev/solovev,vmec2000,0.02,total computational time (s)
benchmark_vmec/cases/analytic/2d_solovev/solovev,vmecpp,0.53,GNU time real (s)
benchmark_vmec/cases/analytic/2d_solovev/solovev,vmex,12.78,total computational time (s)
benchmark_vmec/cases/analytic/3d_quasisymmetric/qh_analytic,desc,67.68,GNU time real (s)
benchmark_vmec/cases/analytic/3d_quasisymmetric/qh_analytic,educational_vmec,0.08,GNU time real (s)
benchmark_vmec/cases/analytic/3d_quasisymmetric/qh_analytic,gvec,18.0,GVEC finished after (s)
benchmark_vmec/cases/analytic/3d_quasisymmetric/qh_analytic,jvmec,2.05,total execution time (s)
benchmark_vmec/cases/analytic/3d_quasisymmetric/qh_analytic,parvmec,0.05,total computational time (s)
benchmark_vmec/cases/analytic/3d_quasisymmetric/qh_analytic,vmec2000,0.02,total computational time (s)
benchmark_vmec/cases/analytic/3d_quasisymmetric/qh_analytic,vmecpp,0.56,GNU time real (s)
benchmark_vmec/cases/analytic/3d_quasisymmetric/qh_analytic,vmex,14.14,total computational time (s)
benchmark_vmec/cases/generated/2d_chease/geqdsk,chease,2.25,GNU time real (s)
benchmark_vmec/cases/numerical/1d_profile/profile_1d,desc,40.42,GNU time real (s)
benchmark_vmec/cases/numerical/1d_profile/profile_1d,educational_vmec,0.1,GNU time real (s)
benchmark_vmec/cases/numerical/1d_profile/profile_1d,jvmec,0.52,total execution time (s)
benchmark_vmec/cases/numerical/1d_profile/profile_1d,parvmec,0.04,total computational time (s)
benchmark_vmec/cases/numerical/1d_profile/profile_1d,spectre,0.823,SPECTRE minimization time (s)
benchmark_vmec/cases/numerical/1d_profile/profile_1d,vmec2000,0.02,total computational time (s)
benchmark_vmec/cases/numerical/1d_profile/profile_1d,vmecpp,0.54,GNU time real (s)
benchmark_vmec/cases/numerical/1d_profile/profile_1d,vmex,12.58,total computational time (s)
benchmark_vmec/cases/numerical/2d_tokamak/tokamak_2d,desc,43.59,GNU time real (s)
benchmark_vmec/cases/numerical/2d_tokamak/tokamak_2d,educational_vmec,0.07,GNU time real (s)
benchmark_vmec/cases/numerical/2d_tokamak/tokamak_2d,freegs,1.79,GNU time real (s)
benchmark_vmec/cases/numerical/2d_tokamak/tokamak_2d,gvec,20.1,GVEC finished after (s)
benchmark_vmec/cases/numerical/2d_tokamak/tokamak_2d,jvmec,0.72,total execution time (s)
benchmark_vmec/cases/numerical/2d_tokamak/tokamak_2d,parvmec,0.06,total computational time (s)
benchmark_vmec/cases/numerical/2d_tokamak/tokamak_2d,vmec2000,0.02,total computational time (s)
benchmark_vmec/cases/numerical/2d_tokamak/tokamak_2d,vmecpp,0.52,GNU time real (s)
benchmark_vmec/cases/numerical/2d_tokamak/tokamak_2d,vmex,13.16,total computational time (s)
benchmark_vmec/cases/numerical/3d_w7x/w7x,desc,82.33,GNU time real (s)
benchmark_vmec/cases/numerical/3d_w7x/w7x,educational_vmec,0.11,GNU time real (s)
benchmark_vmec/cases/numerical/3d_w7x/w7x,gvec,27.8,GVEC finished after (s)
benchmark_vmec/cases/numerical/3d_w7x/w7x,jvmec,2.25,total execution time (s)
benchmark_vmec/cases/numerical/3d_w7x/w7x,parvmec,0.06,total computational time (s)
benchmark_vmec/cases/numerical/3d_w7x/w7x,vmec2000,0.03,total computational time (s)
benchmark_vmec/cases/numerical/3d_w7x/w7x,vmecpp,0.61,GNU time real (s)
benchmark_vmec/cases/numerical/3d_w7x/w7x,vmex,14.58,total computational time (s)
educational_VMEC/Ns_2048.M_32,desc,53.57,GNU time real (s)
educational_VMEC/Ns_2048.M_32,educational_vmec,1.85,GNU time real (s)
educational_VMEC/Ns_2048.M_32,gvec,12.2,GVEC finished after (s)
educational_VMEC/Ns_2048.M_32,jvmec,11.29,total execution time (s)
educational_VMEC/Ns_2048.M_32,parvmec,0.51,total computational time (s)
educational_VMEC/Ns_2048.M_32,spectre,1.0,SPECTRE minimization time (s)
educational_VMEC/Ns_2048.M_32,vmec2000,0.71,total computational time (s)
educational_VMEC/Ns_2048.M_32,vmecpp,1.31,GNU time real (s)
educational_VMEC/Ns_2048.M_32,vmex,26.49,total computational time (s)
educational_VMEC/coverage/HELIOTRON,desc,81.42,GNU time real (s)
educational_VMEC/coverage/HELIOTRON,educational_vmec,0.33,GNU time real (s)
educational_VMEC/coverage/HELIOTRON,gvec,25.4,GVEC finished after (s)
educational_VMEC/coverage/HELIOTRON,jvmec,8.5,total execution time (s)
educational_VMEC/coverage/HELIOTRON,parvmec,0.09,total computational time (s)
educational_VMEC/coverage/HELIOTRON,vmec2000,0.08,total computational time (s)
educational_VMEC/coverage/HELIOTRON,vmecpp,0.69,GNU time real (s)
educational_VMEC/coverage/HELIOTRON,vmex,14.35,total computational time (s)
educational_VMEC/coverage/Ns_2048.M_32,desc,62.07,GNU time real (s)
educational_VMEC/coverage/Ns_2048.M_32,educational_vmec,20.73,GNU time real (s)
educational_VMEC/coverage/Ns_2048.M_32,gvec,12.3,GVEC finished after (s)
educational_VMEC/coverage/Ns_2048.M_32,jvmec,28.99,total execution time (s)
educational_VMEC/coverage/Ns_2048.M_32,parvmec,4.27,total computational time (s)
educational_VMEC/coverage/Ns_2048.M_32,spectre,1.0,SPECTRE minimization time (s)
educational_VMEC/coverage/Ns_2048.M_32,vmec2000,4.89,total computational time (s)
educational_VMEC/coverage/Ns_2048.M_32,vmecpp,3.6,GNU time real (s)
educational_VMEC/coverage/Ns_2048.M_32,vmex,51.24,total computational time (s)
educational_VMEC/coverage/SOLOVEV,desc,46.5,GNU time real (s)
educational_VMEC/coverage/SOLOVEV,educational_vmec,0.13,GNU time real (s)
educational_VMEC/coverage/SOLOVEV,gvec,4.6,GVEC finished after (s)
educational_VMEC/coverage/SOLOVEV,jvmec,4.07,total execution time (s)
educational_VMEC/coverage/SOLOVEV,parvmec,0.07,total computational time (s)
educational_VMEC/coverage/SOLOVEV,spectre,0.748,SPECTRE minimization time (s)
educational_VMEC/coverage/SOLOVEV,vmec2000,0.03,total computational time (s)
educational_VMEC/coverage/SOLOVEV,vmecpp,0.58,GNU time real (s)
educational_VMEC/coverage/SOLOVEV,vmex,12.36,total computational time (s)
educational_VMEC/coverage/W7X,desc,80.14,GNU time real (s)
educational_VMEC/coverage/W7X,educational_vmec,0.45,GNU time real (s)
educational_VMEC/coverage/W7X,gvec,27.0,GVEC finished after (s)
educational_VMEC/coverage/W7X,jvmec,10.86,total execution time (s)
educational_VMEC/coverage/W7X,parvmec,0.13,total computational time (s)
educational_VMEC/coverage/W7X,vmec2000,0.1,total computational time (s)
educational_VMEC/coverage/W7X,vmecpp,0.71,GNU time real (s)
educational_VMEC/coverage/W7X,vmex,15.93,total computational time (s)
educational_VMEC/coverage/vmec,desc,128.97,GNU time real (s)
educational_VMEC/from_DESC/ARIES-CS,desc,109.55,GNU time real (s)
educational_VMEC/from_DESC/ARIES-CS,educational_vmec,0.73,GNU time real (s)
educational_VMEC/from_DESC/ARIES-CS,jvmec,43.17,total execution time (s)
educational_VMEC/from_DESC/ARIES-CS,parvmec,3.03,total computational time (s)
educational_VMEC/from_DESC/ARIES-CS,vmec2000,3.04,total computational time (s)
educational_VMEC/from_DESC/ARIES-CS,vmecpp,4.56,GNU time real (s)
educational_VMEC/from_DESC/ARIES-CS,vmex,23.66,total computational time (s)
educational_VMEC/from_DESC/ATF,desc,88.89,GNU time real (s)
educational_VMEC/from_DESC/ATF,educational_vmec,40.72,GNU time real (s)
educational_VMEC/from_DESC/ATF,gvec,23.2,GVEC finished after (s)
educational_VMEC/from_DESC/ATF,jvmec,72.59,total execution time (s)
educational_VMEC/from_DESC/ATF,parvmec,8.34,total computational time (s)
educational_VMEC/from_DESC/ATF,vmec2000,8.63,total computational time (s)
educational_VMEC/from_DESC/ATF,vmecpp,7.95,GNU time real (s)
educational_VMEC/from_DESC/ATF,vmex,45.48,total computational time (s)
educational_VMEC/from_DESC/AXISYM,desc,57.41,GNU time real (s)
educational_VMEC/from_DESC/AXISYM,educational_vmec,1.9,GNU time real (s)
educational_VMEC/from_DESC/AXISYM,gvec,19.3,GVEC finished after (s)
educational_VMEC/from_DESC/AXISYM,jvmec,7.53,total execution time (s)
educational_VMEC/from_DESC/AXISYM,parvmec,1.1,total computational time (s)
educational_VMEC/from_DESC/AXISYM,spectre,2.0,SPECTRE minimization time (s)
educational_VMEC/from_DESC/AXISYM,vmec2000,1.13,total computational time (s)
educational_VMEC/from_DESC/AXISYM,vmecpp,1.62,GNU time real (s)
educational_VMEC/from_DESC/AXISYM,vmex,23.11,total computational time (s)
educational_VMEC/from_DESC/CFQS,desc,123.35,GNU time real (s)
educational_VMEC/from_DESC/CFQS,educational_vmec,1.66,GNU time real (s)
educational_VMEC/from_DESC/CFQS,jvmec,97.88,total execution time (s)
educational_VMEC/from_DESC/CFQS,parvmec,14.47,total computational time (s)
educational_VMEC/from_DESC/CFQS,vmec2000,14.38,total computational time (s)
educational_VMEC/from_DESC/CFQS,vmecpp,15.56,GNU time real (s)
educational_VMEC/from_DESC/CFQS,vmex,50.84,total computational time (s)
educational_VMEC/from_DESC/DSHAPE,desc,73.35,GNU time real (s)
educational_VMEC/from_DESC/DSHAPE,educational_vmec,7.0,GNU time real (s)
educational_VMEC/from_DESC/DSHAPE,gvec,20.6,GVEC finished after (s)
educational_VMEC/from_DESC/DSHAPE,jvmec,13.46,total execution time (s)
educational_VMEC/from_DESC/DSHAPE,parvmec,4.4,total computational time (s)
educational_VMEC/from_DESC/DSHAPE,spectre,2.0,SPECTRE minimization time (s)
educational_VMEC/from_DESC/DSHAPE,vmec2000,4.63,total computational time (s)
educational_VMEC/from_DESC/DSHAPE,vmecpp,3.78,GNU time real (s)
educational_VMEC/from_DESC/DSHAPE,vmex,34.21,total computational time (s)
educational_VMEC/from_DESC/ESTELL,desc,60.98,GNU time real (s)
educational_VMEC/from_DESC/ESTELL,educational_vmec,0.82,GNU time real (s)
educational_VMEC/from_DESC/ESTELL,gvec,32.8,GVEC finished after (s)
educational_VMEC/from_DESC/ESTELL,jvmec,84.12,total execution time (s)
educational_VMEC/from_DESC/ESTELL,parvmec,13.13,total computational time (s)
educational_VMEC/from_DESC/ESTELL,vmec2000,13.1,total computational time (s)
educational_VMEC/from_DESC/ESTELL,vmecpp,14.36,GNU time real (s)
educational_VMEC/from_DESC/ESTELL,vmex,52.71,total computational time (s)
educational_VMEC/from_DESC/HELIOTRON,desc,78.47,GNU time real (s)
educational_VMEC/from_DESC/HELIOTRON,educational_vmec,78.22,GNU time real (s)
educational_VMEC/from_DESC/HELIOTRON,gvec,27.0,GVEC finished after (s)
educational_VMEC/from_DESC/HELIOTRON,jvmec,141.77,total execution time (s)
educational_VMEC/from_DESC/HELIOTRON,parvmec,19.48,total computational time (s)
educational_VMEC/from_DESC/HELIOTRON,vmec2000,19.84,total computational time (s)
educational_VMEC/from_DESC/HELIOTRON,vmecpp,21.21,GNU time real (s)
educational_VMEC/from_DESC/HELIOTRON,vmex,65.2,total computational time (s)
educational_VMEC/from_DESC/HSX_QHS,educational_vmec,32.25,GNU time real (s)
educational_VMEC/from_DESC/HSX_QHS,gvec,564.7,GVEC finished after (s)
educational_VMEC/from_DESC/HSX_QHS,parvmec,380.04,total computational time (s)
educational_VMEC/from_DESC/HSX_QHS,vmec2000,384.24,total computational time (s)
educational_VMEC/from_DESC/HSX_QHS,vmecpp,285.9,GNU time real (s)
educational_VMEC/from_DESC/HSX_truncated,desc,68.95,GNU time real (s)
educational_VMEC/from_DESC/HSX_truncated,educational_vmec,3.4,GNU time real (s)
educational_VMEC/from_DESC/HSX_truncated,gvec,51.5,GVEC finished after (s)
educational_VMEC/from_DESC/HSX_truncated,jvmec,148.95,total execution time (s)
educational_VMEC/from_DESC/HSX_truncated,parvmec,15.97,total computational time (s)
educational_VMEC/from_DESC/HSX_truncated,vmec2000,15.72,total computational time (s)
educational_VMEC/from_DESC/HSX_truncated,vmecpp,30.86,GNU time real (s)
educational_VMEC/from_DESC/HSX_truncated,vmex,49.04,total computational time (s)
educational_VMEC/from_DESC/NCSX,desc,167.57,GNU time real (s)
educational_VMEC/from_DESC/SOLOVEV,desc,55.25,GNU time real (s)
educational_VMEC/from_DESC/SOLOVEV,educational_vmec,2.38,GNU time real (s)
educational_VMEC/from_DESC/SOLOVEV,gvec,5.0,GVEC finished after (s)
educational_VMEC/from_DESC/SOLOVEV,jvmec,9.32,total execution time (s)
educational_VMEC/from_DESC/SOLOVEV,parvmec,1.06,total computational time (s)
educational_VMEC/from_DESC/SOLOVEV,spectre,1.0,SPECTRE minimization time (s)
educational_VMEC/from_DESC/SOLOVEV,vmec2000,1.06,total computational time (s)
educational_VMEC/from_DESC/SOLOVEV,vmecpp,1.77,GNU time real (s)
educational_VMEC/from_DESC/SOLOVEV,vmex,29.02,total computational time (s)
educational_VMEC/from_DESC/TOROID,desc,24.44,GNU time real (s)
educational_VMEC/from_DESC/TOROID,educational_vmec,0.32,GNU time real (s)
educational_VMEC/from_DESC/TOROID,gvec,1.0,GVEC finished after (s)
educational_VMEC/from_DESC/TOROID,jvmec,5.61,total execution time (s)
educational_VMEC/from_DESC/TOROID,parvmec,0.48,total computational time (s)
educational_VMEC/from_DESC/TOROID,vmec2000,0.49,total computational time (s)
educational_VMEC/from_DESC/TOROID,vmecpp,2.03,GNU time real (s)
educational_VMEC/from_DESC/TOROID,vmex,24.23,total computational time (s)
educational_VMEC/from_DESC/WISTELL-A,desc,113.53,GNU time real (s)
educational_VMEC/from_DESC/WISTELL-A,educational_vmec,13.37,GNU time real (s)
educational_VMEC/from_DESC/WISTELL-A,gvec,50.0,GVEC finished after (s)
educational_VMEC/from_DESC/WISTELL-A,jvmec,37.52,total execution time (s)
educational_VMEC/from_DESC/WISTELL-A,parvmec,3.82,total computational time (s)
educational_VMEC/from_DESC/WISTELL-A,vmec2000,3.79,total computational time (s)
educational_VMEC/from_DESC/WISTELL-A,vmecpp,6.23,GNU time real (s)
educational_VMEC/from_MattLandreman_vmec_equilibria/ARIES-CS/n3are_R7.75B5.7/n3are_R7.75B5.7,desc,124.09,GNU time real (s)
educational_VMEC/from_MattLandreman_vmec_equilibria/ARIES-CS/n3are_R7.75B5.7/n3are_R7.75B5.7,educational_vmec,0.57,GNU time real (s)
educational_VMEC/from_MattLandreman_vmec_equilibria/ARIES-CS/n3are_R7.75B5.7/n3are_R7.75B5.7,parvmec,2.99,total computational time (s)
educational_VMEC/from_MattLandreman_vmec_equilibria/ARIES-CS/n3are_R7.75B5.7/n3are_R7.75B5.7,vmec2000,2.97,total computational time (s)
educational_VMEC/from_MattLandreman_vmec_equilibria/ARIES-CS/n3are_R7.75B5.7/n3are_R7.75B5.7,vmecpp,4.42,GNU time real (s)
educational_VMEC/from_MattLandreman_vmec_equilibria/ARIES-CS/n3are_R7.75B5.7/n3are_R7.75B5.7,vmex,24.5,total computational time (s)
educational_VMEC/from_MattLandreman_vmec_equilibria/ARIES-CS/n3are_R7.75B5.7_hires/n3are_R7.75B5.7_hires,parvmec,116.55,total computational time (s)
educational_VMEC/from_MattLandreman_vmec_equilibria/ARIES-CS/n3are_R7.75B5.7_hires/n3are_R7.75B5.7_hires,vmec2000,114.96,total computational time (s)
educational_VMEC/from_MattLandreman_vmec_equilibria/ARIES-CS/n3are_R7.75B5.7_hires/n3are_R7.75B5.7_hires,vmecpp,102.21,GNU time real (s)
educational_VMEC/from_MattLandreman_vmec_equilibria/ARIES-CS/n3are_R7.75B5.7_hires/n3are_R7.75B5.7_hires,vmex,295.29,total computational time (s)
educational_VMEC/from_MattLandreman_vmec_equilibria/ESTELL/ns201/estell_24_scaled,desc,231.42,GNU time real (s)
educational_VMEC/from_MattLandreman_vmec_equilibria/ESTELL/ns201/estell_24_scaled,educational_vmec,521.86,GNU time real (s)
educational_VMEC/from_MattLandreman_vmec_equilibria/ESTELL/ns201/estell_24_scaled,parvmec,164.3,total computational time (s)
educational_VMEC/from_MattLandreman_vmec_equilibria/ESTELL/ns201/estell_24_scaled,vmec2000,161.79,total computational time (s)
educational_VMEC/from_MattLandreman_vmec_equilibria/ESTELL/ns201/estell_24_scaled,vmecpp,130.4,GNU time real (s)
educational_VMEC/from_MattLandreman_vmec_equilibria/ESTELL/ns201/estell_24_scaled,vmex,363.27,total computational time (s)
educational_VMEC/from_MattLandreman_vmec_equilibria/ESTELL/original/estell_24_scaled,desc,66.63,GNU time real (s)
educational_VMEC/from_MattLandreman_vmec_equilibria/ESTELL/original/estell_24_scaled,educational_vmec,0.77,GNU time real (s)
educational_VMEC/from_MattLandreman_vmec_equilibria/ESTELL/original/estell_24_scaled,jvmec,85.49,total execution time (s)
educational_VMEC/from_MattLandreman_vmec_equilibria/ESTELL/original/estell_24_scaled,parvmec,13.38,total computational time (s)
educational_VMEC/from_MattLandreman_vmec_equilibria/ESTELL/original/estell_24_scaled,vmec2000,13.17,total computational time (s)
educational_VMEC/from_MattLandreman_vmec_equilibria/ESTELL/original/estell_24_scaled,vmecpp,14.39,GNU time real (s)
educational_VMEC/from_MattLandreman_vmec_equilibria/ESTELL/original/estell_24_scaled,vmex,55.24,total computational time (s)
educational_VMEC/from_MattLandreman_vmec_equilibria/Garabedian/QAS2_highFourierResolution/GarabedianQAS2,educational_vmec,4.9,GNU time real (s)
educational_VMEC/from_MattLandreman_vmec_equilibria/Garabedian/QAS2_highFourierResolution/GarabedianQAS2,gvec,247.6,GVEC finished after (s)
educational_VMEC/from_MattLandreman_vmec_equilibria/Garabedian/QAS2_highFourierResolution/GarabedianQAS2,jvmec,180.39,total execution time (s)
educational_VMEC/from_MattLandreman_vmec_equilibria/Garabedian/QAS2_highFourierResolution/GarabedianQAS2,parvmec,22.78,total computational time (s)
educational_VMEC/from_MattLandreman_vmec_equilibria/Garabedian/QAS2_highFourierResolution/GarabedianQAS2,vmec2000,21.63,total computational time (s)
educational_VMEC/from_MattLandreman_vmec_equilibria/Garabedian/QAS2_highFourierResolution/GarabedianQAS2,vmex,83.22,total computational time (s)
educational_VMEC/from_MattLandreman_vmec_equilibria/Garabedian/QAS2_typicalResolution/GarabedianQAS2,educational_vmec,171.06,GNU time real (s)
educational_VMEC/from_MattLandreman_vmec_equilibria/Garabedian/QAS2_typicalResolution/GarabedianQAS2,gvec,101.9,GVEC finished after (s)
educational_VMEC/from_MattLandreman_vmec_equilibria/Garabedian/QAS2_typicalResolution/GarabedianQAS2,jvmec,285.7,total execution time (s)
educational_VMEC/from_MattLandreman_vmec_equilibria/Garabedian/QAS2_typicalResolution/GarabedianQAS2,parvmec,38.1,total computational time (s)
educational_VMEC/from_MattLandreman_vmec_equilibria/Garabedian/QAS2_typicalResolution/GarabedianQAS2,vmec2000,36.57,total computational time (s)
educational_VMEC/from_MattLandreman_vmec_equilibria/Garabedian/QAS2_typicalResolution/GarabedianQAS2,vmex,117.97,total computational time (s)
educational_VMEC/from_MattLandreman_vmec_equilibria/HSX/filtered_to_remove_modular_ripple/hsxt,desc,68.46,GNU time real (s)
educational_VMEC/from_MattLandreman_vmec_equilibria/HSX/filtered_to_remove_modular_ripple/hsxt,educational_vmec,3.0,GNU time real (s)
educational_VMEC/from_MattLandreman_vmec_equilibria/HSX/filtered_to_remove_modular_ripple/hsxt,gvec,50.9,GVEC finished after (s)
educational_VMEC/from_MattLandreman_vmec_equilibria/HSX/filtered_to_remove_modular_ripple/hsxt,jvmec,154.13,total execution time (s)
educational_VMEC/from_MattLandreman_vmec_equilibria/HSX/filtered_to_remove_modular_ripple/hsxt,parvmec,15.88,total computational time (s)
educational_VMEC/from_MattLandreman_vmec_equilibria/HSX/filtered_to_remove_modular_ripple/hsxt,vmec2000,15.79,total computational time (s)
educational_VMEC/from_MattLandreman_vmec_equilibria/HSX/filtered_to_remove_modular_ripple/hsxt,vmecpp,30.31,GNU time real (s)
educational_VMEC/from_MattLandreman_vmec_equilibria/HSX/filtered_to_remove_modular_ripple/hsxt,vmex,48.45,total computational time (s)
educational_VMEC/from_MattLandreman_vmec_equilibria/HSX/free_boundary/HSX,desc,116.68,GNU time real (s)
educational_VMEC/from_MattLandreman_vmec_equilibria/ITER/hybridAxisymmFixedBoundaryNs201/ITER_hybridAxisymmFixedBoundaryNs201,desc,477.21,GNU time real (s)
educational_VMEC/from_MattLandreman_vmec_equilibria/ITER/hybridAxisymmFixedBoundaryNs201/ITER_hybridAxisymmFixedBoundaryNs201,gvec,25.9,GVEC finished after (s)
educational_VMEC/from_MattLandreman_vmec_equilibria/ITER/hybridAxisymmFixedBoundaryNs201/ITER_hybridAxisymmFixedBoundaryNs201,parvmec,551.22,total computational time (s)
educational_VMEC/from_MattLandreman_vmec_equilibria/ITER/hybridAxisymmFixedBoundaryNs201/ITER_hybridAxisymmFixedBoundaryNs201,vmecpp,2.95,GNU time real (s)
educational_VMEC/from_MattLandreman_vmec_equilibria/ITER_model/ns201/ITERModel,desc,45.39,GNU time real (s)
educational_VMEC/from_MattLandreman_vmec_equilibria/ITER_model/ns201/ITERModel,educational_vmec,11.13,GNU time real (s)
educational_VMEC/from_MattLandreman_vmec_equilibria/ITER_model/ns201/ITERModel,gvec,9.4,GVEC finished after (s)
educational_VMEC/from_MattLandreman_vmec_equilibria/ITER_model/ns201/ITERModel,jvmec,15.6,total execution time (s)
educational_VMEC/from_MattLandreman_vmec_equilibria/ITER_model/ns201/ITERModel,parvmec,5.49,total computational time (s)
educational_VMEC/from_MattLandreman_vmec_equilibria/ITER_model/ns201/ITERModel,vmec2000,5.82,total computational time (s)
educational_VMEC/from_MattLandreman_vmec_equilibria/ITER_model/ns201/ITERModel,vmecpp,3.88,GNU time real (s)
educational_VMEC/from_MattLandreman_vmec_equilibria/ITER_model/ns201/ITERModel,vmex,45.28,total computational time (s)
educational_VMEC/from_MattLandreman_vmec_equilibria/KuBoozer_2011_NuclFusion_QHS/n4qh.b4.a79a/n4qh.b4.a79a,desc,108.34,GNU time real (s)
educational_VMEC/from_MattLandreman_vmec_equilibria/KuBoozer_2011_NuclFusion_QHS/n4qh.b4.a79a/n4qh.b4.a79a,educational_vmec,0.72,GNU time real (s)
educational_VMEC/from_MattLandreman_vmec_equilibria/KuBoozer_2011_NuclFusion_QHS/n4qh.b4.a79a/n4qh.b4.a79a,parvmec,2.54,total computational time (s)
educational_VMEC/from_MattLandreman_vmec_equilibria/KuBoozer_2011_NuclFusion_QHS/n4qh.b4.a79a/n4qh.b4.a79a,vmec2000,2.43,total computational time (s)
educational_VMEC/from_MattLandreman_vmec_equilibria/KuBoozer_2011_NuclFusion_QHS/n4qh.b4.a79a/n4qh.b4.a79a,vmecpp,3.85,GNU time real (s)
educational_VMEC/from_MattLandreman_vmec_equilibria/KuBoozer_2011_NuclFusion_QHS/n4qh.b4.a79a/n4qh.b4.a79a,vmex,21.08,total computational time (s)
educational_VMEC/from_MattLandreman_vmec_equilibria/KuBoozer_2011_NuclFusion_QHS/n5qh.fx3.a55z/n5qh.fx3.a55z,desc,102.77,GNU time real (s)
educational_VMEC/from_MattLandreman_vmec_equilibria/KuBoozer_2011_NuclFusion_QHS/n5qh.fx3.a55z/n5qh.fx3.a55z,educational_vmec,0.54,GNU time real (s)
educational_VMEC/from_MattLandreman_vmec_equilibria/KuBoozer_2011_NuclFusion_QHS/n5qh.fx3.a55z/n5qh.fx3.a55z,parvmec,2.05,total computational time (s)
educational_VMEC/from_MattLandreman_vmec_equilibria/KuBoozer_2011_NuclFusion_QHS/n5qh.fx3.a55z/n5qh.fx3.a55z,vmec2000,1.98,total computational time (s)
educational_VMEC/from_MattLandreman_vmec_equilibria/KuBoozer_2011_NuclFusion_QHS/n5qh.fx3.a55z/n5qh.fx3.a55z,vmecpp,3.65,GNU time real (s)
educational_VMEC/from_MattLandreman_vmec_equilibria/KuBoozer_2011_NuclFusion_QHS/n5qh.fx3.a55z/n5qh.fx3.a55z,vmex,20.19,total computational time (s)
educational_VMEC/from_MattLandreman_vmec_equilibria/NCSX/161s1_from_Mynick/161s1,desc,125.12,GNU time real (s)
educational_VMEC/from_MattLandreman_vmec_equilibria/NCSX/161s1_from_Mynick/161s1,educational_vmec,9.81,GNU time real (s)
educational_VMEC/from_MattLandreman_vmec_equilibria/NCSX/161s1_from_Mynick/161s1,parvmec,2.24,total computational time (s)
educational_VMEC/from_MattLandreman_vmec_equilibria/NCSX/161s1_from_Mynick/161s1,vmec2000,2.21,total computational time (s)
educational_VMEC/from_MattLandreman_vmec_equilibria/NCSX/161s1_from_Mynick/161s1,vmecpp,3.89,GNU time real (s)
educational_VMEC/from_MattLandreman_vmec_equilibria/NCSX/161s1_from_Mynick/161s1,vmex,25.74,total computational time (s)
educational_VMEC/from_MattLandreman_vmec_equilibria/NCSX/free_boundary_from_vmec_wiki/ncsx_c09r00_free,desc,268.24,GNU time real (s)
educational_VMEC/from_MattLandreman_vmec_equilibria/NCSX/li383_1.4m/li383_1.4m,desc,118.24,GNU time real (s)
educational_VMEC/from_MattLandreman_vmec_equilibria/NCSX/li383_1.4m/li383_1.4m,educational_vmec,0.53,GNU time real (s)
educational_VMEC/from_MattLandreman_vmec_equilibria/NCSX/li383_1.4m/li383_1.4m,parvmec,2.2,total computational time (s)
educational_VMEC/from_MattLandreman_vmec_equilibria/NCSX/li383_1.4m/li383_1.4m,vmec2000,2.17,total computational time (s)
educational_VMEC/from_MattLandreman_vmec_equilibria/NCSX/li383_1.4m/li383_1.4m,vmecpp,3.99,GNU time real (s)
educational_VMEC/from_MattLandreman_vmec_equilibria/NCSX/li383_1.4m/li383_1.4m,vmex,22.11,total computational time (s)
educational_VMEC/from_MattLandreman_vmec_equilibria/NCSX/li383_1.4m_highResolution/li383_1.4m,educational_vmec,3.02,GNU time real (s)
educational_VMEC/from_MattLandreman_vmec_equilibria/NCSX/li383_1.4m_highResolution/li383_1.4m,parvmec,161.29,total computational time (s)
educational_VMEC/from_MattLandreman_vmec_equilibria/NCSX/li383_1.4m_highResolution/li383_1.4m,vmec2000,157.48,total computational time (s)
educational_VMEC/from_MattLandreman_vmec_equilibria/NCSX/li383_1.4m_highResolution/li383_1.4m,vmecpp,6.03,GNU time real (s)
educational_VMEC/from_MattLandreman_vmec_equilibria/NCSX/li383_1.4m_highResolution/li383_1.4m,vmex,558.6,total computational time (s)
educational_VMEC/from_MattLandreman_vmec_equilibria/NuhrenbergZille_1988_QHS/ns201/NuhrenbergZille_1988_QHS,desc,496.97,GNU time real (s)
educational_VMEC/from_MattLandreman_vmec_equilibria/NuhrenbergZille_1988_QHS/ns201/NuhrenbergZille_1988_QHS,educational_vmec,480.71,GNU time real (s)
educational_VMEC/from_MattLandreman_vmec_equilibria/NuhrenbergZille_1988_QHS/ns201/NuhrenbergZille_1988_QHS,gvec,105.9,GVEC finished after (s)
educational_VMEC/from_MattLandreman_vmec_equilibria/NuhrenbergZille_1988_QHS/ns201/NuhrenbergZille_1988_QHS,parvmec,91.8,total computational time (s)
educational_VMEC/from_MattLandreman_vmec_equilibria/NuhrenbergZille_1988_QHS/ns201/NuhrenbergZille_1988_QHS,vmec2000,91.77,total computational time (s)
educational_VMEC/from_MattLandreman_vmec_equilibria/NuhrenbergZille_1988_QHS/ns201/NuhrenbergZille_1988_QHS,vmecpp,79.52,GNU time real (s)
educational_VMEC/from_MattLandreman_vmec_equilibria/NuhrenbergZille_1988_QHS/ns201/NuhrenbergZille_1988_QHS,vmex,251.94,total computational time (s)
educational_VMEC/from_MattLandreman_vmec_equilibria/NuhrenbergZille_1988_QHS/ns51/NuhrenbergZille_1988_QHS,desc,280.65,GNU time real (s)
educational_VMEC/from_MattLandreman_vmec_equilibria/NuhrenbergZille_1988_QHS/ns51/NuhrenbergZille_1988_QHS,educational_vmec,0.64,GNU time real (s)
educational_VMEC/from_MattLandreman_vmec_equilibria/NuhrenbergZille_1988_QHS/ns51/NuhrenbergZille_1988_QHS,gvec,75.7,GVEC finished after (s)
educational_VMEC/from_MattLandreman_vmec_equilibria/NuhrenbergZille_1988_QHS/ns51/NuhrenbergZille_1988_QHS,jvmec,38.42,total execution time (s)
educational_VMEC/from_MattLandreman_vmec_equilibria/NuhrenbergZille_1988_QHS/ns51/NuhrenbergZille_1988_QHS,parvmec,3.66,total computational time (s)
educational_VMEC/from_MattLandreman_vmec_equilibria/NuhrenbergZille_1988_QHS/ns51/NuhrenbergZille_1988_QHS,vmec2000,3.62,total computational time (s)
educational_VMEC/from_MattLandreman_vmec_equilibria/NuhrenbergZille_1988_QHS/ns51/NuhrenbergZille_1988_QHS,vmecpp,4.97,GNU time real (s)
educational_VMEC/from_MattLandreman_vmec_equilibria/NuhrenbergZille_1988_QHS/ns51/NuhrenbergZille_1988_QHS,vmex,24.73,total computational time (s)
educational_VMEC/from_MattLandreman_vmec_equilibria/QHS46/ns201/qhs46_ns201,parvmec,329.92,total computational time (s)
educational_VMEC/from_MattLandreman_vmec_equilibria/QHS46/ns201/qhs46_ns201,vmec2000,300.26,total computational time (s)
educational_VMEC/from_MattLandreman_vmec_equilibria/QHS46/ns201/qhs46_ns201,vmecpp,248.05,GNU time real (s)
educational_VMEC/from_MattLandreman_vmec_equilibria/QHS46/wistell_website_base_case/qhs46,desc,117.2,GNU time real (s)
educational_VMEC/from_MattLandreman_vmec_equilibria/QHS46/wistell_website_base_case/qhs46,educational_vmec,4.77,GNU time real (s)
educational_VMEC/from_MattLandreman_vmec_equilibria/QHS46/wistell_website_base_case/qhs46,jvmec,19.99,total execution time (s)
educational_VMEC/from_MattLandreman_vmec_equilibria/QHS46/wistell_website_base_case/qhs46,parvmec,1.52,total computational time (s)
educational_VMEC/from_MattLandreman_vmec_equilibria/QHS46/wistell_website_base_case/qhs46,vmec2000,1.41,total computational time (s)
educational_VMEC/from_MattLandreman_vmec_equilibria/QHS46/wistell_website_base_case/qhs46,vmecpp,6.93,GNU time real (s)
educational_VMEC/from_MattLandreman_vmec_equilibria/TJ-II/100_44_64_0/100_44_64_0.0,educational_vmec,16.34,GNU time real (s)
educational_VMEC/from_MattLandreman_vmec_equilibria/TJ-II/100_44_64_0/100_44_64_0.0,parvmec,150.4,total computational time (s)
educational_VMEC/from_MattLandreman_vmec_equilibria/TJ-II/100_44_64_0/100_44_64_0.0,vmec2000,145.65,total computational time (s)
educational_VMEC/from_MattLandreman_vmec_equilibria/TJ-II/100_44_64_0/100_44_64_0.0,vmecpp,131.13,GNU time real (s)
educational_VMEC/from_MattLandreman_vmec_equilibria/TJ-II/100_44_64_0/100_44_64_0.0,vmex,433.24,total computational time (s)
educational_VMEC/from_MattLandreman_vmec_equilibria/W7-X/Standard_fixed_boundary/W7-X_standard_configuration,desc,407.64,GNU time real (s)
educational_VMEC/from_MattLandreman_vmec_equilibria/W7-X/Standard_fixed_boundary/W7-X_standard_configuration,educational_vmec,0.9,GNU time real (s)
educational_VMEC/from_MattLandreman_vmec_equilibria/W7-X/Standard_fixed_boundary/W7-X_standard_configuration,gvec,95.1,GVEC finished after (s)
educational_VMEC/from_MattLandreman_vmec_equilibria/W7-X/Standard_fixed_boundary/W7-X_standard_configuration,jvmec,65.14,total execution time (s)
educational_VMEC/from_MattLandreman_vmec_equilibria/W7-X/Standard_fixed_boundary/W7-X_standard_configuration,parvmec,5.77,total computational time (s)
educational_VMEC/from_MattLandreman_vmec_equilibria/W7-X/Standard_fixed_boundary/W7-X_standard_configuration,vmec2000,5.43,total computational time (s)
educational_VMEC/from_MattLandreman_vmec_equilibria/W7-X/Standard_fixed_boundary/W7-X_standard_configuration,vmecpp,7.56,GNU time real (s)
educational_VMEC/from_MattLandreman_vmec_equilibria/W7-X/Standard_fixed_boundary/W7-X_standard_configuration,vmex,35.89,total computational time (s)
educational_VMEC/from_MattLandreman_vmec_equilibria/W7-X/fixedBoundaryBeforeCoilOptimmizationFromDrevlak/d23p4_tm,desc,504.57,GNU time real (s)
educational_VMEC/from_MattLandreman_vmec_equilibria/W7-X/fixedBoundaryBeforeCoilOptimmizationFromDrevlak/d23p4_tm,educational_vmec,9.84,GNU time real (s)
educational_VMEC/from_MattLandreman_vmec_equilibria/W7-X/fixedBoundaryBeforeCoilOptimmizationFromDrevlak/d23p4_tm,gvec,119.3,GVEC finished after (s)
educational_VMEC/from_MattLandreman_vmec_equilibria/W7-X/fixedBoundaryBeforeCoilOptimmizationFromDrevlak/d23p4_tm,parvmec,364.26,total computational time (s)
educational_VMEC/from_MattLandreman_vmec_equilibria/W7-X/fixedBoundaryBeforeCoilOptimmizationFromDrevlak/d23p4_tm,vmec2000,351.39,total computational time (s)
educational_VMEC/from_MattLandreman_vmec_equilibria/W7-X/fixedBoundaryBeforeCoilOptimmizationFromDrevlak/d23p4_tm,vmecpp,260.03,GNU time real (s)
educational_VMEC/from_SIMSOPT/2_Intermediate/QAS,desc,262.66,GNU time real (s)
educational_VMEC/from_SIMSOPT/2_Intermediate/QAS,educational_vmec,1.3,GNU time real (s)
educational_VMEC/from_SIMSOPT/2_Intermediate/QAS,parvmec,17.99,total computational time (s)
educational_VMEC/from_SIMSOPT/2_Intermediate/QAS,vmec2000,18.65,total computational time (s)
educational_VMEC/from_SIMSOPT/2_Intermediate/QAS,vmecpp,20.18,GNU time real (s)
educational_VMEC/from_SIMSOPT/2_Intermediate/QAS,vmex,62.37,total computational time (s)
educational_VMEC/from_SIMSOPT/2_Intermediate/nfp2_QA,desc,47.8,GNU time real (s)
educational_VMEC/from_SIMSOPT/2_Intermediate/nfp2_QA,educational_vmec,1.45,GNU time real (s)
educational_VMEC/from_SIMSOPT/2_Intermediate/nfp2_QA,gvec,3.4,GVEC finished after (s)
educational_VMEC/from_SIMSOPT/2_Intermediate/nfp2_QA,jvmec,15.01,total execution time (s)
educational_VMEC/from_SIMSOPT/2_Intermediate/nfp2_QA,parvmec,0.43,total computational time (s)
educational_VMEC/from_SIMSOPT/2_Intermediate/nfp2_QA,vmec2000,0.43,total computational time (s)
educational_VMEC/from_SIMSOPT/2_Intermediate/nfp2_QA,vmecpp,2.08,GNU time real (s)
educational_VMEC/from_SIMSOPT/2_Intermediate/nfp2_QA,vmex,17.76,total computational time (s)
educational_VMEC/from_SIMSOPT/2_Intermediate/nfp4_QH_warm_start,desc,68.23,GNU time real (s)
educational_VMEC/from_SIMSOPT/2_Intermediate/nfp4_QH_warm_start,educational_vmec,4.52,GNU time real (s)
educational_VMEC/from_SIMSOPT/2_Intermediate/nfp4_QH_warm_start,gvec,44.1,GVEC finished after (s)
educational_VMEC/from_SIMSOPT/2_Intermediate/nfp4_QH_warm_start,jvmec,18.32,total execution time (s)
educational_VMEC/from_SIMSOPT/2_Intermediate/nfp4_QH_warm_start,parvmec,1.35,total computational time (s)
educational_VMEC/from_SIMSOPT/2_Intermediate/nfp4_QH_warm_start,vmec2000,1.46,total computational time (s)
educational_VMEC/from_SIMSOPT/2_Intermediate/nfp4_QH_warm_start,vmecpp,2.8,GNU time real (s)
educational_VMEC/from_SIMSOPT/2_Intermediate/nfp4_QH_warm_start,vmex,20.27,total computational time (s)
educational_VMEC/from_SIMSOPT/3_Advanced/nfp2_QA_iota0.4_withIslands,desc,68.17,GNU time real (s)
educational_VMEC/from_SIMSOPT/3_Advanced/nfp2_QA_iota0.4_withIslands,educational_vmec,2.61,GNU time real (s)
educational_VMEC/from_SIMSOPT/3_Advanced/nfp2_QA_iota0.4_withIslands,gvec,34.9,GVEC finished after (s)
educational_VMEC/from_SIMSOPT/3_Advanced/nfp2_QA_iota0.4_withIslands,jvmec,23.82,total execution time (s)
educational_VMEC/from_SIMSOPT/3_Advanced/nfp2_QA_iota0.4_withIslands,parvmec,0.87,total computational time (s)
educational_VMEC/from_SIMSOPT/3_Advanced/nfp2_QA_iota0.4_withIslands,vmec2000,0.87,total computational time (s)
educational_VMEC/from_SIMSOPT/3_Advanced/nfp2_QA_iota0.4_withIslands,vmecpp,2.16,GNU time real (s)
educational_VMEC/from_SIMSOPT/3_Advanced/nfp2_QA_iota0.4_withIslands,vmex,19.08,total computational time (s)
educational_VMEC/from_SIMSOPT/stellarator_benchmarks/1DOF_Garabedian,desc,63.3,GNU time real (s)
educational_VMEC/from_SIMSOPT/stellarator_benchmarks/1DOF_Garabedian,educational_vmec,0.31,GNU time real (s)
educational_VMEC/from_SIMSOPT/stellarator_benchmarks/1DOF_Garabedian,gvec,29.6,GVEC finished after (s)
educational_VMEC/from_SIMSOPT/stellarator_benchmarks/1DOF_Garabedian,jvmec,5.22,total execution time (s)
educational_VMEC/from_SIMSOPT/stellarator_benchmarks/1DOF_Garabedian,parvmec,0.11,total computational time (s)
educational_VMEC/from_SIMSOPT/stellarator_benchmarks/1DOF_Garabedian,vmec2000,0.1,total computational time (s)
educational_VMEC/from_SIMSOPT/stellarator_benchmarks/1DOF_Garabedian,vmecpp,0.85,GNU time real (s)
educational_VMEC/from_SIMSOPT/stellarator_benchmarks/1DOF_Garabedian,vmex,11.81,total computational time (s)
educational_VMEC/from_SIMSOPT/stellarator_benchmarks/2DOF_circularCrossSection_varyAxis_targetIotaAndQuasisymmetry,desc,67.36,GNU time real (s)
educational_VMEC/from_SIMSOPT/stellarator_benchmarks/2DOF_circularCrossSection_varyAxis_targetIotaAndQuasisymmetry,educational_vmec,1.1,GNU time real (s)
educational_VMEC/from_SIMSOPT/stellarator_benchmarks/2DOF_circularCrossSection_varyAxis_targetIotaAndQuasisymmetry,jvmec,12.8,total execution time (s)
educational_VMEC/from_SIMSOPT/stellarator_benchmarks/2DOF_circularCrossSection_varyAxis_targetIotaAndQuasisymmetry,parvmec,0.31,total computational time (s)
educational_VMEC/from_SIMSOPT/stellarator_benchmarks/2DOF_circularCrossSection_varyAxis_targetIotaAndQuasisymmetry,vmec2000,0.31,total computational time (s)
educational_VMEC/from_SIMSOPT/stellarator_benchmarks/2DOF_circularCrossSection_varyAxis_targetIotaAndQuasisymmetry,vmecpp,1.27,GNU time real (s)
educational_VMEC/from_SIMSOPT/stellarator_benchmarks/2DOF_circularCrossSection_varyAxis_targetIotaAndQuasisymmetry,vmex,19.85,total computational time (s)
educational_VMEC/from_SIMSOPT/stellarator_benchmarks/2DOF_vmecOnly_targetIotaAndVolume,desc,63.07,GNU time real (s)
educational_VMEC/from_SIMSOPT/stellarator_benchmarks/2DOF_vmecOnly_targetIotaAndVolume,educational_vmec,0.36,GNU time real (s)
educational_VMEC/from_SIMSOPT/stellarator_benchmarks/2DOF_vmecOnly_targetIotaAndVolume,gvec,30.0,GVEC finished after (s)
educational_VMEC/from_SIMSOPT/stellarator_benchmarks/2DOF_vmecOnly_targetIotaAndVolume,jvmec,6.21,total execution time (s)
educational_VMEC/from_SIMSOPT/stellarator_benchmarks/2DOF_vmecOnly_targetIotaAndVolume,parvmec,0.12,total computational time (s)
educational_VMEC/from_SIMSOPT/stellarator_benchmarks/2DOF_vmecOnly_targetIotaAndVolume,vmec2000,0.12,total computational time (s)
educational_VMEC/from_SIMSOPT/stellarator_benchmarks/2DOF_vmecOnly_targetIotaAndVolume,vmecpp,0.75,GNU time real (s)
educational_VMEC/from_SIMSOPT/stellarator_benchmarks/2DOF_vmecOnly_targetIotaAndVolume,vmex,11.34,total computational time (s)
educational_VMEC/from_SIMSOPT/stellarator_benchmarks/stellopt_scenarios_7dof,desc,68.4,GNU time real (s)
educational_VMEC/from_SIMSOPT/stellarator_benchmarks/stellopt_scenarios_7dof,educational_vmec,1.08,GNU time real (s)
educational_VMEC/from_SIMSOPT/stellarator_benchmarks/stellopt_scenarios_7dof,gvec,36.3,GVEC finished after (s)
educational_VMEC/from_SIMSOPT/stellarator_benchmarks/stellopt_scenarios_7dof,jvmec,13.3,total execution time (s)
educational_VMEC/from_SIMSOPT/stellarator_benchmarks/stellopt_scenarios_7dof,parvmec,0.32,total computational time (s)
educational_VMEC/from_SIMSOPT/stellarator_benchmarks/stellopt_scenarios_7dof,vmec2000,0.33,total computational time (s)
educational_VMEC/from_SIMSOPT/stellarator_benchmarks/stellopt_scenarios_7dof,vmecpp,1.4,GNU time real (s)
educational_VMEC/from_SIMSOPT/stellarator_benchmarks/stellopt_scenarios_7dof,vmex,18.67,total computational time (s)
educational_VMEC/from_STELLOPT_246/Asym/asdex.tichman,desc,61.55,GNU time real (s)
educational_VMEC/from_STELLOPT_246/Asym/asdex_fixed,desc,60.6,GNU time real (s)
educational_VMEC/from_STELLOPT_246/Asym/d3d.071273.02375,desc,116.46,GNU time real (s)
educational_VMEC/from_STELLOPT_246/Asym/d3d.082205.03665,desc,300.53,GNU time real (s)
educational_VMEC/from_STELLOPT_246/Asym/d3d.082205.13665,desc,61.02,GNU time real (s)
educational_VMEC/from_STELLOPT_246/Asym/d3d.087977.12580,desc,61.09,GNU time real (s)
educational_VMEC/from_STELLOPT_246/Asym/d3d.107781.02975,desc,325.26,GNU time real (s)
educational_VMEC/from_STELLOPT_246/Asym/d3d.107781.12975,desc,59.1,GNU time real (s)
educational_VMEC/from_STELLOPT_246/Asym/d3d_curhole,desc,54.66,GNU time real (s)
educational_VMEC/from_STELLOPT_246/Asym/d3d_curhole,educational_vmec,0.41,GNU time real (s)
educational_VMEC/from_STELLOPT_246/Asym/d3d_curhole,gvec,21.4,GVEC finished after (s)
educational_VMEC/from_STELLOPT_246/Asym/d3d_curhole,parvmec,2.09,total computational time (s)
educational_VMEC/from_STELLOPT_246/Asym/d3d_curhole,spectre,0.221,SPECTRE minimization time (s)
educational_VMEC/from_STELLOPT_246/Asym/d3d_curhole,vmec2000,15.96,total computational time (s)
educational_VMEC/from_STELLOPT_246/Asym/d3d_curhole,vmecpp,4.85,GNU time real (s)
educational_VMEC/from_STELLOPT_246/Asym/d3d_curhole,vmex,38.32,total computational time (s)
educational_VMEC/from_STELLOPT_246/Asym/d3d_curhole5,desc,54.54,GNU time real (s)
educational_VMEC/from_STELLOPT_246/Asym/d3d_curhole5,educational_vmec,0.5,GNU time real (s)
educational_VMEC/from_STELLOPT_246/Asym/d3d_curhole5,gvec,21.5,GVEC finished after (s)
educational_VMEC/from_STELLOPT_246/Asym/d3d_curhole5,jvmec,23.51,total execution time (s)
educational_VMEC/from_STELLOPT_246/Asym/d3d_curhole5,parvmec,2.8,total computational time (s)
educational_VMEC/from_STELLOPT_246/Asym/d3d_curhole5,spectre,0.185,SPECTRE minimization time (s)
educational_VMEC/from_STELLOPT_246/Asym/d3d_curhole5,vmec2000,3.93,total computational time (s)
educational_VMEC/from_STELLOPT_246/Asym/d3d_curhole5,vmecpp,6.93,GNU time real (s)
educational_VMEC/from_STELLOPT_246/Asym/d3d_curhole5,vmex,48.54,total computational time (s)
educational_VMEC/from_STELLOPT_246/Asym/d3d_curhole55,desc,53.57,GNU time real (s)
educational_VMEC/from_STELLOPT_246/Asym/d3d_curhole55,educational_vmec,0.25,GNU time real (s)
educational_VMEC/from_STELLOPT_246/Asym/d3d_curhole55,gvec,21.6,GVEC finished after (s)
educational_VMEC/from_STELLOPT_246/Asym/d3d_curhole55,jvmec,10.6,total execution time (s)
educational_VMEC/from_STELLOPT_246/Asym/d3d_curhole55,parvmec,0.8,total computational time (s)
educational_VMEC/from_STELLOPT_246/Asym/d3d_curhole55,spectre,0.226,SPECTRE minimization time (s)
educational_VMEC/from_STELLOPT_246/Asym/d3d_curhole55,vmec2000,30.7,total computational time (s)
educational_VMEC/from_STELLOPT_246/Asym/d3d_curhole55,vmecpp,1.92,GNU time real (s)
educational_VMEC/from_STELLOPT_246/Asym/d3d_curhole55,vmex,29.58,total computational time (s)
educational_VMEC/from_STELLOPT_246/Asym/d3d_fixed,desc,60.79,GNU time real (s)
educational_VMEC/from_STELLOPT_246/Asym/test,desc,56.1,GNU time real (s)
educational_VMEC/from_STELLOPT_246/Asym/test,educational_vmec,0.56,GNU time real (s)
educational_VMEC/from_STELLOPT_246/Asym/test,gvec,21.5,GVEC finished after (s)
educational_VMEC/from_STELLOPT_246/Asym/test,parvmec,3.17,total computational time (s)
educational_VMEC/from_STELLOPT_246/Asym/test,spectre,0.234,SPECTRE minimization time (s)
educational_VMEC/from_STELLOPT_246/Asym/test,vmec2000,7.34,total computational time (s)
educational_VMEC/from_STELLOPT_246/Asym/test,vmecpp,2.49,GNU time real (s)
educational_VMEC/from_STELLOPT_246/Benchmarks/atf,desc,93.72,GNU time real (s)
educational_VMEC/from_STELLOPT_246/Benchmarks/atf,educational_vmec,1.01,GNU time real (s)
educational_VMEC/from_STELLOPT_246/Benchmarks/atf,gvec,35.1,GVEC finished after (s)
educational_VMEC/from_STELLOPT_246/Benchmarks/atf,jvmec,37.46,total execution time (s)
educational_VMEC/from_STELLOPT_246/Benchmarks/atf,parvmec,1.25,total computational time (s)
educational_VMEC/from_STELLOPT_246/Benchmarks/atf,vmec2000,1.59,total computational time (s)
educational_VMEC/from_STELLOPT_246/Benchmarks/atf,vmecpp,3.09,GNU time real (s)
educational_VMEC/from_STELLOPT_246/Benchmarks/atf,vmex,19.84,total computational time (s)
educational_VMEC/from_STELLOPT_246/Benchmarks/atf0,desc,106.72,GNU time real (s)
educational_VMEC/from_STELLOPT_246/Benchmarks/atf0,educational_vmec,1.02,GNU time real (s)
educational_VMEC/from_STELLOPT_246/Benchmarks/atf0,gvec,36.0,GVEC finished after (s)
educational_VMEC/from_STELLOPT_246/Benchmarks/atf0,parvmec,4.77,total computational time (s)
educational_VMEC/from_STELLOPT_246/Benchmarks/atf0,spectre,55.0,SPECTRE minimization time (s)
educational_VMEC/from_STELLOPT_246/Benchmarks/atf0,vmec2000,4.78,total computational time (s)
educational_VMEC/from_STELLOPT_246/Benchmarks/atf0,vmecpp,5.16,GNU time real (s)
educational_VMEC/from_STELLOPT_246/Benchmarks/atf14,desc,86.79,GNU time real (s)
educational_VMEC/from_STELLOPT_246/Benchmarks/atf14,educational_vmec,1.01,GNU time real (s)
educational_VMEC/from_STELLOPT_246/Benchmarks/atf14,gvec,35.7,GVEC finished after (s)
educational_VMEC/from_STELLOPT_246/Benchmarks/atf14,parvmec,5.44,total computational time (s)
educational_VMEC/from_STELLOPT_246/Benchmarks/atf14,vmec2000,5.58,total computational time (s)
educational_VMEC/from_STELLOPT_246/Benchmarks/atf14,vmecpp,5.44,GNU time real (s)
educational_VMEC/from_STELLOPT_246/Benchmarks/atf14,vmex,36.52,total computational time (s)
educational_VMEC/from_STELLOPT_246/Benchmarks/atf14_10X8,desc,178.94,GNU time real (s)
educational_VMEC/from_STELLOPT_246/Benchmarks/atf14_10X8,educational_vmec,1.16,GNU time real (s)
educational_VMEC/from_STELLOPT_246/Benchmarks/atf14_10X8,gvec,59.2,GVEC finished after (s)
educational_VMEC/from_STELLOPT_246/Benchmarks/atf14_10X8,parvmec,12.62,total computational time (s)
educational_VMEC/from_STELLOPT_246/Benchmarks/atf14_10X8,vmec2000,12.99,total computational time (s)
educational_VMEC/from_STELLOPT_246/Benchmarks/atf14_10X8,vmecpp,11.96,GNU time real (s)
educational_VMEC/from_STELLOPT_246/Benchmarks/atf14_9X6,desc,110.47,GNU time real (s)
educational_VMEC/from_STELLOPT_246/Benchmarks/atf14_9X6,educational_vmec,1.42,GNU time real (s)
educational_VMEC/from_STELLOPT_246/Benchmarks/atf14_9X6,gvec,44.6,GVEC finished after (s)
educational_VMEC/from_STELLOPT_246/Benchmarks/atf14_9X6,parvmec,13.8,total computational time (s)
educational_VMEC/from_STELLOPT_246/Benchmarks/atf14_9X6,vmec2000,13.68,total computational time (s)
educational_VMEC/from_STELLOPT_246/Benchmarks/atf14_9X6,vmecpp,14.04,GNU time real (s)
educational_VMEC/from_STELLOPT_246/Benchmarks/atf_lb,desc,75.95,GNU time real (s)
educational_VMEC/from_STELLOPT_246/Benchmarks/atf_lb,educational_vmec,0.82,GNU time real (s)
educational_VMEC/from_STELLOPT_246/Benchmarks/atf_lb,gvec,65.4,GVEC finished after (s)
educational_VMEC/from_STELLOPT_246/Benchmarks/atf_lb,jvmec,34.89,total execution time (s)
educational_VMEC/from_STELLOPT_246/Benchmarks/atf_lb,parvmec,1.54,total computational time (s)
educational_VMEC/from_STELLOPT_246/Benchmarks/atf_lb,vmec2000,1.49,total computational time (s)
educational_VMEC/from_STELLOPT_246/Benchmarks/atf_lb,vmecpp,3.04,GNU time real (s)
educational_VMEC/from_STELLOPT_246/Benchmarks/atf_lb,vmex,18.75,total computational time (s)
educational_VMEC/from_STELLOPT_246/Benchmarks/atf_test,desc,71.95,GNU time real (s)
educational_VMEC/from_STELLOPT_246/Benchmarks/atf_test,educational_vmec,0.13,GNU time real (s)
educational_VMEC/from_STELLOPT_246/Benchmarks/atf_test,gvec,20.6,GVEC finished after (s)
educational_VMEC/from_STELLOPT_246/Benchmarks/atf_test,jvmec,10.53,total execution time (s)
educational_VMEC/from_STELLOPT_246/Benchmarks/atf_test,parvmec,0.09,total computational time (s)
educational_VMEC/from_STELLOPT_246/Benchmarks/atf_test,spectre,3.0,SPECTRE minimization time (s)
educational_VMEC/from_STELLOPT_246/Benchmarks/atf_test,vmec2000,0.06,total computational time (s)
educational_VMEC/from_STELLOPT_246/Benchmarks/atf_test,vmecpp,0.68,GNU time real (s)
educational_VMEC/from_STELLOPT_246/Benchmarks/bean10,desc,59.52,GNU time real (s)
educational_VMEC/from_STELLOPT_246/Benchmarks/bean10,educational_vmec,0.14,GNU time real (s)
educational_VMEC/from_STELLOPT_246/Benchmarks/bean10,gvec,19.2,GVEC finished after (s)
educational_VMEC/from_STELLOPT_246/Benchmarks/bean10,jvmec,7.17,total execution time (s)
educational_VMEC/from_STELLOPT_246/Benchmarks/bean10,parvmec,0.44,total computational time (s)
educational_VMEC/from_STELLOPT_246/Benchmarks/bean10,spectre,0.187,SPECTRE minimization time (s)
educational_VMEC/from_STELLOPT_246/Benchmarks/bean10,vmec2000,0.41,total computational time (s)
educational_VMEC/from_STELLOPT_246/Benchmarks/bean10,vmecpp,0.92,GNU time real (s)
educational_VMEC/from_STELLOPT_246/Benchmarks/bean10,vmex,14.31,total computational time (s)
educational_VMEC/from_STELLOPT_246/Benchmarks/bean14,desc,58.32,GNU time real (s)
educational_VMEC/from_STELLOPT_246/Benchmarks/bean14,educational_vmec,0.12,GNU time real (s)
educational_VMEC/from_STELLOPT_246/Benchmarks/bean14,gvec,19.2,GVEC finished after (s)
educational_VMEC/from_STELLOPT_246/Benchmarks/bean14,parvmec,0.32,total computational time (s)
educational_VMEC/from_STELLOPT_246/Benchmarks/bean14,spectre,0.221,SPECTRE minimization time (s)
educational_VMEC/from_STELLOPT_246/Benchmarks/bean14,vmec2000,0.3,total computational time (s)
educational_VMEC/from_STELLOPT_246/Benchmarks/bean14,vmecpp,0.85,GNU time real (s)
educational_VMEC/from_STELLOPT_246/Benchmarks/bean14_test,desc,40.9,GNU time real (s)
educational_VMEC/from_STELLOPT_246/Benchmarks/bean14_test,educational_vmec,0.07,GNU time real (s)
educational_VMEC/from_STELLOPT_246/Benchmarks/bean14_test,gvec,18.3,GVEC finished after (s)
educational_VMEC/from_STELLOPT_246/Benchmarks/bean14_test,jvmec,4.68,total execution time (s)
educational_VMEC/from_STELLOPT_246/Benchmarks/bean14_test,parvmec,0.09,total computational time (s)
educational_VMEC/from_STELLOPT_246/Benchmarks/bean14_test,vmec2000,0.09,total computational time (s)
educational_VMEC/from_STELLOPT_246/Benchmarks/bean14_test,vmecpp,0.76,GNU time real (s)
educational_VMEC/from_STELLOPT_246/Benchmarks/bean14_test,vmex,13.11,total computational time (s)
educational_VMEC/from_STELLOPT_246/Benchmarks/bean20,desc,56.79,GNU time real (s)
educational_VMEC/from_STELLOPT_246/Benchmarks/bean20,educational_vmec,0.15,GNU time real (s)
educational_VMEC/from_STELLOPT_246/Benchmarks/bean20,gvec,19.5,GVEC finished after (s)
educational_VMEC/from_STELLOPT_246/Benchmarks/bean20,parvmec,0.42,total computational time (s)
educational_VMEC/from_STELLOPT_246/Benchmarks/bean20,spectre,0.201,SPECTRE minimization time (s)
educational_VMEC/from_STELLOPT_246/Benchmarks/bean20,vmec2000,0.38,total computational time (s)
educational_VMEC/from_STELLOPT_246/Benchmarks/bean20,vmecpp,1.18,GNU time real (s)
educational_VMEC/from_STELLOPT_246/Benchmarks/bean20,vmex,16.96,total computational time (s)
educational_VMEC/from_STELLOPT_246/Benchmarks/belt14,educational_vmec,0.05,GNU time real (s)
educational_VMEC/from_STELLOPT_246/Benchmarks/belt14,parvmec,0.45,total computational time (s)
educational_VMEC/from_STELLOPT_246/Benchmarks/belt14,vmec2000,0.66,total computational time (s)
educational_VMEC/from_STELLOPT_246/Benchmarks/belt14,vmecpp,0.61,GNU time real (s)
educational_VMEC/from_STELLOPT_246/Benchmarks/belt14,vmex,34.03,total computational time (s)
educational_VMEC/from_STELLOPT_246/Benchmarks/belt20,desc,73.04,GNU time real (s)
educational_VMEC/from_STELLOPT_246/Benchmarks/belt20,educational_vmec,0.05,GNU time real (s)
educational_VMEC/from_STELLOPT_246/Benchmarks/belt20,parvmec,2.13,total computational time (s)
educational_VMEC/from_STELLOPT_246/Benchmarks/belt20,vmec2000,2.32,total computational time (s)
educational_VMEC/from_STELLOPT_246/Benchmarks/belt20,vmecpp,0.58,GNU time real (s)
educational_VMEC/from_STELLOPT_246/Benchmarks/c82_test,desc,59.72,GNU time real (s)
educational_VMEC/from_STELLOPT_246/Benchmarks/c82_test,educational_vmec,0.1,GNU time real (s)
educational_VMEC/from_STELLOPT_246/Benchmarks/c82_test,jvmec,7.38,total execution time (s)
educational_VMEC/from_STELLOPT_246/Benchmarks/c82_test,parvmec,0.09,total computational time (s)
educational_VMEC/from_STELLOPT_246/Benchmarks/c82_test,vmec2000,0.06,total computational time (s)
educational_VMEC/from_STELLOPT_246/Benchmarks/c82_test,vmecpp,0.7,GNU time real (s)
educational_VMEC/from_STELLOPT_246/Benchmarks/c82_test,vmex,14.02,total computational time (s)
educational_VMEC/from_STELLOPT_246/Benchmarks/c82vac,desc,73.77,GNU time real (s)
educational_VMEC/from_STELLOPT_246/Benchmarks/c82vac,educational_vmec,1.31,GNU time real (s)
educational_VMEC/from_STELLOPT_246/Benchmarks/c82vac,jvmec,35.22,total execution time (s)
educational_VMEC/from_STELLOPT_246/Benchmarks/c82vac,parvmec,1.86,total computational time (s)
educational_VMEC/from_STELLOPT_246/Benchmarks/c82vac,vmec2000,1.88,total computational time (s)
educational_VMEC/from_STELLOPT_246/Benchmarks/c82vac,vmecpp,3.31,GNU time real (s)
educational_VMEC/from_STELLOPT_246/Benchmarks/c82vac,vmex,24.05,total computational time (s)
educational_VMEC/from_STELLOPT_246/Benchmarks/c82vac14,desc,74.54,GNU time real (s)
educational_VMEC/from_STELLOPT_246/Benchmarks/c82vac14,educational_vmec,1.29,GNU time real (s)
educational_VMEC/from_STELLOPT_246/Benchmarks/c82vac14,jvmec,28.86,total execution time (s)
educational_VMEC/from_STELLOPT_246/Benchmarks/c82vac14,parvmec,11.42,total computational time (s)
educational_VMEC/from_STELLOPT_246/Benchmarks/c82vac14,vmec2000,6.03,total computational time (s)
educational_VMEC/from_STELLOPT_246/Benchmarks/c82vac14,vmecpp,3.75,GNU time real (s)
educational_VMEC/from_STELLOPT_246/Benchmarks/c82vac14,vmex,28.5,total computational time (s)
educational_VMEC/from_STELLOPT_246/Benchmarks/c82vac20,desc,77.49,GNU time real (s)
educational_VMEC/from_STELLOPT_246/Benchmarks/c82vac20,educational_vmec,1.25,GNU time real (s)
educational_VMEC/from_STELLOPT_246/Benchmarks/c82vac20,parvmec,4.06,total computational time (s)
educational_VMEC/from_STELLOPT_246/Benchmarks/c82vac20,vmec2000,4.1,total computational time (s)
educational_VMEC/from_STELLOPT_246/Benchmarks/c82vac20,vmecpp,4.93,GNU time real (s)
educational_VMEC/from_STELLOPT_246/Benchmarks/chs,desc,129.6,GNU time real (s)
educational_VMEC/from_STELLOPT_246/Benchmarks/chs,educational_vmec,0.63,GNU time real (s)
educational_VMEC/from_STELLOPT_246/Benchmarks/chs,jvmec,34.8,total execution time (s)
educational_VMEC/from_STELLOPT_246/Benchmarks/chs,parvmec,2.91,total computational time (s)
educational_VMEC/from_STELLOPT_246/Benchmarks/chs,vmec2000,3.09,total computational time (s)
educational_VMEC/from_STELLOPT_246/Benchmarks/chs,vmex,29.23,total computational time (s)
educational_VMEC/from_STELLOPT_246/Benchmarks/chs14,desc,126.97,GNU time real (s)
educational_VMEC/from_STELLOPT_246/Benchmarks/chs14,educational_vmec,0.66,GNU time real (s)
educational_VMEC/from_STELLOPT_246/Benchmarks/chs14,jvmec,47.26,total execution time (s)
educational_VMEC/from_STELLOPT_246/Benchmarks/chs14,parvmec,6.48,total computational time (s)
educational_VMEC/from_STELLOPT_246/Benchmarks/chs14,vmec2000,6.22,total computational time (s)
educational_VMEC/from_STELLOPT_246/Benchmarks/chs14,vmex,38.06,total computational time (s)
educational_VMEC/from_STELLOPT_246/Benchmarks/circle,educational_vmec,0.07,GNU time real (s)
educational_VMEC/from_STELLOPT_246/Benchmarks/circle,gvec,19.6,GVEC finished after (s)
educational_VMEC/from_STELLOPT_246/Benchmarks/circle,parvmec,1.5,total computational time (s)
educational_VMEC/from_STELLOPT_246/Benchmarks/circle,spectre,0.726,SPECTRE minimization time (s)
educational_VMEC/from_STELLOPT_246/Benchmarks/circle,vmec2000,1.42,total computational time (s)
educational_VMEC/from_STELLOPT_246/Benchmarks/circle,vmecpp,1.62,GNU time real (s)
educational_VMEC/from_STELLOPT_246/Benchmarks/cooper,educational_vmec,2.33,GNU time real (s)
educational_VMEC/from_STELLOPT_246/Benchmarks/cooper,parvmec,24.46,total computational time (s)
educational_VMEC/from_STELLOPT_246/Benchmarks/cooper,vmec2000,22.11,total computational time (s)
educational_VMEC/from_STELLOPT_246/Benchmarks/cooper,vmecpp,24.83,GNU time real (s)
educational_VMEC/from_STELLOPT_246/Benchmarks/d3d,desc,300.44,GNU time real (s)
educational_VMEC/from_STELLOPT_246/Benchmarks/d3d_curhole,desc,59.65,GNU time real (s)
educational_VMEC/from_STELLOPT_246/Benchmarks/d3d_curhole,educational_vmec,0.17,GNU time real (s)
educational_VMEC/from_STELLOPT_246/Benchmarks/d3d_curhole,gvec,22.2,GVEC finished after (s)
educational_VMEC/from_STELLOPT_246/Benchmarks/d3d_curhole,jvmec,11.68,total execution time (s)
educational_VMEC/from_STELLOPT_246/Benchmarks/d3d_curhole,spectre,0.231,SPECTRE minimization time (s)
educational_VMEC/from_STELLOPT_246/Benchmarks/dshape10,desc,61.21,GNU time real (s)
educational_VMEC/from_STELLOPT_246/Benchmarks/dshape14,desc,60.68,GNU time real (s)
educational_VMEC/from_STELLOPT_246/Benchmarks/dshape20,desc,59.59,GNU time real (s)
educational_VMEC/from_STELLOPT_246/Benchmarks/dshape_test,desc,59.84,GNU time real (s)
educational_VMEC/from_STELLOPT_246/Benchmarks/elaz,desc,59.19,GNU time real (s)
educational_VMEC/from_STELLOPT_246/Benchmarks/ellipse10,educational_vmec,0.38,GNU time real (s)
educational_VMEC/from_STELLOPT_246/Benchmarks/ellipse10,gvec,19.1,GVEC finished after (s)
educational_VMEC/from_STELLOPT_246/Benchmarks/ellipse10,jvmec,9.31,total execution time (s)
educational_VMEC/from_STELLOPT_246/Benchmarks/ellipse10,parvmec,1.05,total computational time (s)
educational_VMEC/from_STELLOPT_246/Benchmarks/ellipse10,vmec2000,1.03,total computational time (s)
educational_VMEC/from_STELLOPT_246/Benchmarks/ellipse10,vmecpp,1.54,GNU time real (s)
educational_VMEC/from_STELLOPT_246/Benchmarks/ellipse10,vmex,22.06,total computational time (s)
educational_VMEC/from_STELLOPT_246/Benchmarks/hanson,desc,150.1,GNU time real (s)
educational_VMEC/from_STELLOPT_246/Benchmarks/heliac,desc,82.58,GNU time real (s)
educational_VMEC/from_STELLOPT_246/Benchmarks/heliac,educational_vmec,0.6,GNU time real (s)
educational_VMEC/from_STELLOPT_246/Benchmarks/heliac,jvmec,34.53,total execution time (s)
educational_VMEC/from_STELLOPT_246/Benchmarks/heliac,parvmec,1.54,total computational time (s)
educational_VMEC/from_STELLOPT_246/Benchmarks/heliac,vmec2000,1.43,total computational time (s)
educational_VMEC/from_STELLOPT_246/Benchmarks/heliac,vmecpp,3.32,GNU time real (s)
educational_VMEC/from_STELLOPT_246/Benchmarks/heliac,vmex,17.6,total computational time (s)
educational_VMEC/from_STELLOPT_246/Benchmarks/heliac.m8,desc,102.55,GNU time real (s)
educational_VMEC/from_STELLOPT_246/Benchmarks/heliac.m8,educational_vmec,0.77,GNU time real (s)
educational_VMEC/from_STELLOPT_246/Benchmarks/heliac.m8,jvmec,27.95,total execution time (s)
educational_VMEC/from_STELLOPT_246/Benchmarks/heliac.m8,parvmec,2.49,total computational time (s)
educational_VMEC/from_STELLOPT_246/Benchmarks/heliac.m8,vmec2000,2.44,total computational time (s)
educational_VMEC/from_STELLOPT_246/Benchmarks/heliac.m8,vmecpp,4.27,GNU time real (s)
educational_VMEC/from_STELLOPT_246/Benchmarks/heliac.m8,vmex,19.91,total computational time (s)
educational_VMEC/from_STELLOPT_246/Benchmarks/heliac14,desc,82.75,GNU time real (s)
educational_VMEC/from_STELLOPT_246/Benchmarks/heliac14,educational_vmec,0.65,GNU time real (s)
educational_VMEC/from_STELLOPT_246/Benchmarks/heliac14,jvmec,39.89,total execution time (s)
educational_VMEC/from_STELLOPT_246/Benchmarks/heliac14,parvmec,2.63,total computational time (s)
educational_VMEC/from_STELLOPT_246/Benchmarks/heliac14,vmec2000,2.61,total computational time (s)
educational_VMEC/from_STELLOPT_246/Benchmarks/heliac14,vmecpp,4.38,GNU time real (s)
educational_VMEC/from_STELLOPT_246/Benchmarks/heliac14,vmex,20.85,total computational time (s)
educational_VMEC/from_STELLOPT_246/Benchmarks/helias,desc,85.32,GNU time real (s)
educational_VMEC/from_STELLOPT_246/Benchmarks/helias,educational_vmec,0.53,GNU time real (s)
educational_VMEC/from_STELLOPT_246/Benchmarks/helias,gvec,35.1,GVEC finished after (s)
educational_VMEC/from_STELLOPT_246/Benchmarks/helias,jvmec,30.6,total execution time (s)
educational_VMEC/from_STELLOPT_246/Benchmarks/helias,parvmec,1.28,total computational time (s)
educational_VMEC/from_STELLOPT_246/Benchmarks/helias,vmec2000,1.21,total computational time (s)
educational_VMEC/from_STELLOPT_246/Benchmarks/helias,vmecpp,3.38,GNU time real (s)
educational_VMEC/from_STELLOPT_246/Benchmarks/helias,vmex,18.23,total computational time (s)
educational_VMEC/from_STELLOPT_246/Benchmarks/helias.m8,desc,109.06,GNU time real (s)
educational_VMEC/from_STELLOPT_246/Benchmarks/helias.m8,educational_vmec,0.72,GNU time real (s)
educational_VMEC/from_STELLOPT_246/Benchmarks/helias.m8,gvec,41.9,GVEC finished after (s)
educational_VMEC/from_STELLOPT_246/Benchmarks/helias.m8,jvmec,30.37,total execution time (s)
educational_VMEC/from_STELLOPT_246/Benchmarks/helias.m8,parvmec,1.87,total computational time (s)
educational_VMEC/from_STELLOPT_246/Benchmarks/helias.m8,vmec2000,1.78,total computational time (s)
educational_VMEC/from_STELLOPT_246/Benchmarks/helias.m8,vmecpp,4.16,GNU time real (s)
educational_VMEC/from_STELLOPT_246/Benchmarks/helias.m8,vmex,18.3,total computational time (s)
educational_VMEC/from_STELLOPT_246/Benchmarks/helias14,desc,88.65,GNU time real (s)
educational_VMEC/from_STELLOPT_246/Benchmarks/helias14,educational_vmec,0.53,GNU time real (s)
educational_VMEC/from_STELLOPT_246/Benchmarks/helias14,gvec,35.0,GVEC finished after (s)
educational_VMEC/from_STELLOPT_246/Benchmarks/helias14,jvmec,34.7,total execution time (s)
educational_VMEC/from_STELLOPT_246/Benchmarks/helias14,parvmec,2.39,total computational time (s)
educational_VMEC/from_STELLOPT_246/Benchmarks/helias14,vmec2000,2.35,total computational time (s)
educational_VMEC/from_STELLOPT_246/Benchmarks/helias14,vmecpp,3.84,GNU time real (s)
educational_VMEC/from_STELLOPT_246/Benchmarks/helias14,vmex,23.65,total computational time (s)
educational_VMEC/from_STELLOPT_246/Benchmarks/m45.OHseries.1_fb,desc,128.12,GNU time real (s)
educational_VMEC/from_STELLOPT_246/Benchmarks/m45.OHseries.1_fb,educational_vmec,0.09,GNU time real (s)
educational_VMEC/from_STELLOPT_246/Benchmarks/m45.OHseries.1_fb,parvmec,3.97,total computational time (s)
educational_VMEC/from_STELLOPT_246/Benchmarks/m45.OHseries.1_fb,vmec2000,3.93,total computational time (s)
educational_VMEC/from_STELLOPT_246/Benchmarks/m45.OHseries.1_fb,vmecpp,1.2,GNU time real (s)
educational_VMEC/from_STELLOPT_246/Benchmarks/m45.OHseries.1_fb,vmex,28.95,total computational time (s)
educational_VMEC/from_STELLOPT_246/Benchmarks/qas14,desc,258.97,GNU time real (s)
educational_VMEC/from_STELLOPT_246/Benchmarks/qas14,educational_vmec,1.08,GNU time real (s)
educational_VMEC/from_STELLOPT_246/Benchmarks/qas14,jvmec,62.8,total execution time (s)
educational_VMEC/from_STELLOPT_246/Benchmarks/qas14,parvmec,10.06,total computational time (s)
educational_VMEC/from_STELLOPT_246/Benchmarks/qas14,vmec2000,10.15,total computational time (s)
educational_VMEC/from_STELLOPT_246/Benchmarks/qas14,vmecpp,9.23,GNU time real (s)
educational_VMEC/from_STELLOPT_246/Benchmarks/qas3,desc,255.32,GNU time real (s)
educational_VMEC/from_STELLOPT_246/Benchmarks/qas3,educational_vmec,0.83,GNU time real (s)
educational_VMEC/from_STELLOPT_246/Benchmarks/qas3,jvmec,36.11,total execution time (s)
educational_VMEC/from_STELLOPT_246/Benchmarks/qas3,parvmec,5.98,total computational time (s)
educational_VMEC/from_STELLOPT_246/Benchmarks/qas3,vmec2000,5.63,total computational time (s)
educational_VMEC/from_STELLOPT_246/Benchmarks/qas3,vmecpp,6.71,GNU time real (s)
educational_VMEC/from_STELLOPT_246/Benchmarks/qas3,vmex,35.26,total computational time (s)
educational_VMEC/from_STELLOPT_246/Benchmarks/qps14,desc,120.89,GNU time real (s)
educational_VMEC/from_STELLOPT_246/Benchmarks/qps_hb,desc,125.59,GNU time real (s)
educational_VMEC/from_STELLOPT_246/Benchmarks/test,desc,54.55,GNU time real (s)
educational_VMEC/from_STELLOPT_246/Benchmarks/test14,desc,59.96,GNU time real (s)
educational_VMEC/from_STELLOPT_246/Benchmarks/test_opt0,desc,74.96,GNU time real (s)
educational_VMEC/from_STELLOPT_246/Benchmarks/tichman,desc,60.34,GNU time real (s)
educational_VMEC/from_STELLOPT_246/Benchmarks/tichman_orig,desc,57.29,GNU time real (s)
educational_VMEC/from_STELLOPT_246/Benchmarks/tichman_orig,educational_vmec,0.23,GNU time real (s)
educational_VMEC/from_STELLOPT_246/Benchmarks/tichman_orig,gvec,21.0,GVEC finished after (s)
educational_VMEC/from_STELLOPT_246/Benchmarks/tichman_orig,jvmec,9.05,total execution time (s)
educational_VMEC/from_STELLOPT_246/Benchmarks/tichman_orig,spectre,1.0,SPECTRE minimization time (s)
educational_VMEC/from_STELLOPT_246/Benchmarks/uragon,desc,70.62,GNU time real (s)
educational_VMEC/from_STELLOPT_246/Benchmarks/uragon,educational_vmec,0.33,GNU time real (s)
educational_VMEC/from_STELLOPT_246/Benchmarks/uragon,gvec,41.4,GVEC finished after (s)
educational_VMEC/from_STELLOPT_246/Benchmarks/uragon,jvmec,37.02,total execution time (s)
educational_VMEC/from_STELLOPT_246/Benchmarks/uragon,parvmec,2.71,total computational time (s)
educational_VMEC/from_STELLOPT_246/Benchmarks/uragon,vmec2000,2.76,total computational time (s)
educational_VMEC/from_STELLOPT_246/Benchmarks/uragon,vmecpp,4.51,GNU time real (s)
educational_VMEC/from_STELLOPT_246/Benchmarks/uragon,vmex,23.1,total computational time (s)
educational_VMEC/from_STELLOPT_246/Benchmarks/vinotron,desc,73.49,GNU time real (s)
educational_VMEC/from_STELLOPT_246/Benchmarks/vinotron,educational_vmec,0.59,GNU time real (s)
educational_VMEC/from_STELLOPT_246/Benchmarks/vinotron,jvmec,38.68,total execution time (s)
educational_VMEC/from_STELLOPT_246/Benchmarks/vinotron,parvmec,2.09,total computational time (s)
educational_VMEC/from_STELLOPT_246/Benchmarks/vinotron,vmec2000,2.11,total computational time (s)
educational_VMEC/from_STELLOPT_246/Benchmarks/vinotron,vmecpp,3.5,GNU time real (s)
educational_VMEC/from_STELLOPT_246/Benchmarks/vinotron,vmex,20.59,total computational time (s)
educational_VMEC/from_STELLOPT_246/Benchmarks/vinotron.m8,desc,100.06,GNU time real (s)
educational_VMEC/from_STELLOPT_246/Benchmarks/vinotron.m8,educational_vmec,0.95,GNU time real (s)
educational_VMEC/from_STELLOPT_246/Benchmarks/vinotron.m8,jvmec,42.47,total execution time (s)
educational_VMEC/from_STELLOPT_246/Benchmarks/vinotron.m8,parvmec,3.17,total computational time (s)
educational_VMEC/from_STELLOPT_246/Benchmarks/vinotron.m8,vmec2000,3.39,total computational time (s)
educational_VMEC/from_STELLOPT_246/Benchmarks/vinotron.m8,vmecpp,5.09,GNU time real (s)
educational_VMEC/from_STELLOPT_246/Benchmarks/vinotron.m8,vmex,23.34,total computational time (s)
educational_VMEC/from_STELLOPT_246/Benchmarks/vinotron14,desc,73.09,GNU time real (s)
educational_VMEC/from_STELLOPT_246/Benchmarks/vinotron14,educational_vmec,0.58,GNU time real (s)
educational_VMEC/from_STELLOPT_246/Benchmarks/vinotron14,jvmec,49.74,total execution time (s)
educational_VMEC/from_STELLOPT_246/Benchmarks/vinotron14,parvmec,3.45,total computational time (s)
educational_VMEC/from_STELLOPT_246/Benchmarks/vinotron14,vmec2000,3.76,total computational time (s)
educational_VMEC/from_STELLOPT_246/Benchmarks/vinotron14,vmecpp,5.13,GNU time real (s)
educational_VMEC/from_STELLOPT_246/Benchmarks/vinotron14,vmex,32.05,total computational time (s)
educational_VMEC/from_STELLOPT_246/Benchmarks/w7as_scaled,desc,73.43,GNU time real (s)
educational_VMEC/from_STELLOPT_246/Benchmarks/w7s,desc,94.4,GNU time real (s)
educational_VMEC/from_STELLOPT_246/Benchmarks/w7s,educational_vmec,0.81,GNU time real (s)
educational_VMEC/from_STELLOPT_246/Benchmarks/w7s,gvec,40.4,GVEC finished after (s)
educational_VMEC/from_STELLOPT_246/Benchmarks/w7s,jvmec,31.18,total execution time (s)
educational_VMEC/from_STELLOPT_246/Benchmarks/w7s,parvmec,1.8,total computational time (s)
educational_VMEC/from_STELLOPT_246/Benchmarks/w7s,spectre,326.0,SPECTRE minimization time (s)
educational_VMEC/from_STELLOPT_246/Benchmarks/w7s,vmec2000,1.9,total computational time (s)
educational_VMEC/from_STELLOPT_246/Benchmarks/w7s,vmecpp,3.8,GNU time real (s)
educational_VMEC/from_STELLOPT_246/Benchmarks/w7s,vmex,20.7,total computational time (s)
educational_VMEC/from_STELLOPT_246/Benchmarks/w7s.m9,desc,247.61,GNU time real (s)
educational_VMEC/from_STELLOPT_246/Benchmarks/w7s.m9,educational_vmec,1.09,GNU time real (s)
educational_VMEC/from_STELLOPT_246/Benchmarks/w7s.m9,gvec,51.7,GVEC finished after (s)
educational_VMEC/from_STELLOPT_246/Benchmarks/w7s.m9,jvmec,56.78,total execution time (s)
educational_VMEC/from_STELLOPT_246/Benchmarks/w7s.m9,parvmec,6.18,total computational time (s)
educational_VMEC/from_STELLOPT_246/Benchmarks/w7s.m9,vmec2000,5.99,total computational time (s)
educational_VMEC/from_STELLOPT_246/Benchmarks/w7s.m9,vmecpp,10.72,GNU time real (s)
educational_VMEC/from_STELLOPT_246/Benchmarks/w7s.m9,vmex,34.14,total computational time (s)
educational_VMEC/from_STELLOPT_246/Benchmarks/w7s14,desc,98.75,GNU time real (s)
educational_VMEC/from_STELLOPT_246/Benchmarks/w7s14,educational_vmec,0.59,GNU time real (s)
educational_VMEC/from_STELLOPT_246/Benchmarks/w7s14,gvec,40.6,GVEC finished after (s)
educational_VMEC/from_STELLOPT_246/Benchmarks/w7s14,jvmec,35.11,total execution time (s)
educational_VMEC/from_STELLOPT_246/Benchmarks/w7s14,parvmec,4.93,total computational time (s)
educational_VMEC/from_STELLOPT_246/Benchmarks/w7s14,spectre,327.0,SPECTRE minimization time (s)
educational_VMEC/from_STELLOPT_246/Benchmarks/w7s14,vmec2000,5.57,total computational time (s)
educational_VMEC/from_STELLOPT_246/Benchmarks/w7s14,vmecpp,4.62,GNU time real (s)
educational_VMEC/from_STELLOPT_246/Benchmarks/w7s14,vmex,31.36,total computational time (s)
educational_VMEC/from_STELLOPT_246/Benchmarks/w7s20,desc,82.04,GNU time real (s)
educational_VMEC/from_STELLOPT_246/Benchmarks/w7s20,educational_vmec,0.96,GNU time real (s)
educational_VMEC/from_STELLOPT_246/Benchmarks/w7s20,gvec,34.9,GVEC finished after (s)
educational_VMEC/from_STELLOPT_246/Benchmarks/w7s20,jvmec,43.84,total execution time (s)
educational_VMEC/from_STELLOPT_246/Benchmarks/w7s20,parvmec,4.89,total computational time (s)
educational_VMEC/from_STELLOPT_246/Benchmarks/w7s20,vmec2000,4.62,total computational time (s)
educational_VMEC/from_STELLOPT_246/Benchmarks/w7s20,vmecpp,5.23,GNU time real (s)
educational_VMEC/from_STELLOPT_246/Convergence/str_lb,desc,123.4,GNU time real (s)
educational_VMEC/from_STELLOPT_246/Free_Boundary/JDHtest5,desc,132.17,GNU time real (s)
educational_VMEC/from_STELLOPT_246/Free_Boundary/JDHtest7,desc,130.47,GNU time real (s)
educational_VMEC/from_STELLOPT_246/Free_Boundary/asdex.tichman,desc,60.54,GNU time real (s)
educational_VMEC/from_STELLOPT_246/Free_Boundary/d3d,desc,317.46,GNU time real (s)
educational_VMEC/from_STELLOPT_246/Free_Boundary/laz_mtest,desc,179.29,GNU time real (s)
educational_VMEC/from_STELLOPT_246/Free_Boundary/laz_test,desc,187.31,GNU time real (s)
educational_VMEC/from_STELLOPT_246/Free_Boundary/laz_test2,desc,178.07,GNU time real (s)
educational_VMEC/from_STELLOPT_246/Free_Boundary/tj2,desc,71.04,GNU time real (s)
educational_VMEC/from_STELLOPT_246/Joachim/w7as_joachim,desc,170.25,GNU time real (s)
educational_VMEC/from_STELLOPT_246/Joachim/w7as_joachim,educational_vmec,0.54,GNU time real (s)
educational_VMEC/from_STELLOPT_246/Joachim/w7as_joachim,gvec,57.5,GVEC finished after (s)
educational_VMEC/from_STELLOPT_246/Joachim/w7as_joachim,jvmec,49.54,total execution time (s)
educational_VMEC/from_STELLOPT_246/Joachim/w7as_joachim,parvmec,5.35,total computational time (s)
educational_VMEC/from_STELLOPT_246/Joachim/w7as_joachim,vmec2000,5.45,total computational time (s)
educational_VMEC/from_STELLOPT_246/Joachim/w7as_joachim,vmecpp,9.46,GNU time real (s)
educational_VMEC/from_STELLOPT_246/Joachim/w7as_joachim,vmex,32.34,total computational time (s)
educational_VMEC/from_STELLOPT_246/STR/qas3,desc,263.48,GNU time real (s)
educational_VMEC/from_STELLOPT_246/STR/qas3,educational_vmec,0.87,GNU time real (s)
educational_VMEC/from_STELLOPT_246/STR/qas3,jvmec,36.81,total execution time (s)
educational_VMEC/from_STELLOPT_246/STR/qas3,parvmec,5.68,total computational time (s)
educational_VMEC/from_STELLOPT_246/STR/qas3,vmec2000,5.75,total computational time (s)
educational_VMEC/from_STELLOPT_246/STR/qas3,vmecpp,7.07,GNU time real (s)
educational_VMEC/from_STELLOPT_246/STR/qas3,vmex,32.62,total computational time (s)
educational_VMEC/from_STELLOPT_246/STR/str_hb,desc,124.01,GNU time real (s)
educational_VMEC/from_STELLOPT_246/STR/str_lb,desc,124.47,GNU time real (s)
educational_VMEC/from_STELLOPT_246/atf,desc,108.12,GNU time real (s)
educational_VMEC/from_STELLOPT_246/atf,educational_vmec,1.59,GNU time real (s)
educational_VMEC/from_STELLOPT_246/atf,gvec,43.7,GVEC finished after (s)
educational_VMEC/from_STELLOPT_246/atf,jvmec,30.25,total execution time (s)
educational_VMEC/from_STELLOPT_246/atf,parvmec,2.03,total computational time (s)
educational_VMEC/from_STELLOPT_246/atf,vmec2000,1.95,total computational time (s)
educational_VMEC/from_STELLOPT_246/atf,vmecpp,4.67,GNU time real (s)
educational_VMEC/from_STELLOPT_246/atf,vmex,22.17,total computational time (s)
educational_VMEC/from_STELLOPT_246/atf0,desc,85.59,GNU time real (s)
educational_VMEC/from_STELLOPT_246/atf0,educational_vmec,1.02,GNU time real (s)
educational_VMEC/from_STELLOPT_246/atf0,gvec,35.2,GVEC finished after (s)
educational_VMEC/from_STELLOPT_246/atf0,jvmec,28.44,total execution time (s)
educational_VMEC/from_STELLOPT_246/atf0,parvmec,1.31,total computational time (s)
educational_VMEC/from_STELLOPT_246/atf0,vmec2000,1.23,total computational time (s)
educational_VMEC/from_STELLOPT_246/atf0,vmecpp,3.39,GNU time real (s)
educational_VMEC/from_STELLOPT_246/atf0,vmex,20.28,total computational time (s)
educational_VMEC/from_STELLOPT_246/dshape,desc,55.81,GNU time real (s)
educational_VMEC/from_STELLOPT_246/ellipse,desc,47.41,GNU time real (s)
educational_VMEC/from_STELLOPT_246/isaev1,desc,128.15,GNU time real (s)
educational_VMEC/from_STELLOPT_246/isaev1,educational_vmec,1.77,GNU time real (s)
educational_VMEC/from_STELLOPT_246/isaev1,gvec,69.1,GVEC finished after (s)
educational_VMEC/from_STELLOPT_246/isaev1,jvmec,93.91,total execution time (s)
educational_VMEC/from_STELLOPT_246/isaev1,parvmec,13.32,total computational time (s)
educational_VMEC/from_STELLOPT_246/isaev1,vmec2000,13.14,total computational time (s)
educational_VMEC/from_STELLOPT_246/isaev1,vmecpp,20.45,GNU time real (s)
educational_VMEC/from_STELLOPT_246/isaev1,vmex,43.46,total computational time (s)
educational_VMEC/from_STELLOPT_246/laz,desc,65.76,GNU time real (s)
educational_VMEC/from_STELLOPT_246/qas3_p4,desc,266.33,GNU time real (s)
educational_VMEC/from_STELLOPT_246/qas3_p4,educational_vmec,0.9,GNU time real (s)
educational_VMEC/from_STELLOPT_246/qas3_p4,jvmec,42.57,total execution time (s)
educational_VMEC/from_STELLOPT_246/qas3_p4,parvmec,5.66,total computational time (s)
educational_VMEC/from_STELLOPT_246/qas3_p4,vmec2000,5.62,total computational time (s)
educational_VMEC/from_STELLOPT_246/qas3_p4,vmecpp,6.89,GNU time real (s)
educational_VMEC/from_STELLOPT_246/qas3_p4,vmex,36.65,total computational time (s)
educational_VMEC/from_STELLOPT_246/qps,desc,461.91,GNU time real (s)
educational_VMEC/from_STELLOPT_246/single_null,desc,58.6,GNU time real (s)
educational_VMEC/from_STELLOPT_246/vinotron.m8_p4,desc,100.04,GNU time real (s)
educational_VMEC/from_STELLOPT_246/vinotron.m8_p4,educational_vmec,1.04,GNU time real (s)
educational_VMEC/from_STELLOPT_246/vinotron.m8_p4,jvmec,36.32,total execution time (s)
educational_VMEC/from_STELLOPT_246/vinotron.m8_p4,parvmec,3.28,total computational time (s)
educational_VMEC/from_STELLOPT_246/vinotron.m8_p4,vmec2000,3.05,total computational time (s)
educational_VMEC/from_STELLOPT_246/vinotron.m8_p4,vmecpp,4.7,GNU time real (s)
educational_VMEC/from_STELLOPT_246/vinotron.m8_p4,vmex,26.53,total computational time (s)
educational_VMEC/from_STELLOPT_246/w7as_raw,desc,193.98,GNU time real (s)
educational_VMEC/from_STELLOPT_246/w7as_scaled,desc,190.23,GNU time real (s)
educational_VMEC/from_STELLOPT_246/w7as_scaled_beta0,desc,185.95,GNU time real (s)
educational_VMEC/from_STELLOPT_Wiki/fixb_NCSD/ncsx_c09r00_fixed,desc,276.9,GNU time real (s)
educational_VMEC/from_STELLOPT_Wiki/fixb_NCSD/ncsx_c09r00_fixed,educational_vmec,0.96,GNU time real (s)
educational_VMEC/from_STELLOPT_Wiki/fixb_NCSD/ncsx_c09r00_fixed,parvmec,7.16,total computational time (s)
educational_VMEC/from_STELLOPT_Wiki/fixb_NCSD/ncsx_c09r00_fixed,vmec2000,7.09,total computational time (s)
educational_VMEC/from_STELLOPT_Wiki/fixb_NCSD/ncsx_c09r00_fixed,vmecpp,9.9,GNU time real (s)
educational_VMEC/from_STELLOPT_Wiki/fixb_NCSD/ncsx_c09r00_fixed,vmex,36.97,total computational time (s)
educational_VMEC/from_STELLOPT_Wiki/freeb_NCSX/ncsx_c09r00_free,desc,270.86,GNU time real (s)
educational_VMEC/from_STELLOPT_repo/ATF,desc,101.93,GNU time real (s)
educational_VMEC/from_STELLOPT_repo/ATF,gvec,23.2,GVEC finished after (s)
educational_VMEC/from_STELLOPT_repo/ATF,parvmec,267.99,total computational time (s)
educational_VMEC/from_STELLOPT_repo/ATF,vmec2000,268.86,total computational time (s)
educational_VMEC/from_STELLOPT_repo/ATF,vmecpp,233.52,GNU time real (s)
educational_VMEC/from_STELLOPT_repo/ATF,vmex,346.3,total computational time (s)
educational_VMEC/from_STELLOPT_repo/DIII-D,desc,62.42,GNU time real (s)
educational_VMEC/from_STELLOPT_repo/DSHAPE,desc,60.92,GNU time real (s)
educational_VMEC/from_STELLOPT_repo/DSHAPE,educational_vmec,226.39,GNU time real (s)
educational_VMEC/from_STELLOPT_repo/DSHAPE,gvec,19.7,GVEC finished after (s)
educational_VMEC/from_STELLOPT_repo/DSHAPE,jvmec,415.86,total execution time (s)
educational_VMEC/from_STELLOPT_repo/DSHAPE,parvmec,78.66,total computational time (s)
educational_VMEC/from_STELLOPT_repo/DSHAPE,spectre,2.0,SPECTRE minimization time (s)
educational_VMEC/from_STELLOPT_repo/DSHAPE,vmec2000,82.05,total computational time (s)
educational_VMEC/from_STELLOPT_repo/DSHAPE,vmecpp,8.54,GNU time real (s)
educational_VMEC/from_STELLOPT_repo/DSHAPE,vmex,130.52,total computational time (s)
educational_VMEC/from_STELLOPT_repo/HELIOTRON,desc,72.1,GNU time real (s)
educational_VMEC/from_STELLOPT_repo/HELIOTRON,educational_vmec,228.55,GNU time real (s)
educational_VMEC/from_STELLOPT_repo/HELIOTRON,gvec,12.2,GVEC finished after (s)
educational_VMEC/from_STELLOPT_repo/HELIOTRON,jvmec,358.79,total execution time (s)
educational_VMEC/from_STELLOPT_repo/HELIOTRON,parvmec,71.67,total computational time (s)
educational_VMEC/from_STELLOPT_repo/HELIOTRON,spectre,4.0,SPECTRE minimization time (s)
educational_VMEC/from_STELLOPT_repo/HELIOTRON,vmec2000,71.52,total computational time (s)
educational_VMEC/from_STELLOPT_repo/HELIOTRON,vmecpp,79.95,GNU time real (s)
educational_VMEC/from_STELLOPT_repo/HELIOTRON,vmex,151.49,total computational time (s)
educational_VMEC/from_STELLOPT_repo/Q2_KINK,desc,78.79,GNU time real (s)
educational_VMEC/from_STELLOPT_repo/Q2_KINK,gvec,0.7,GVEC finished after (s)
educational_VMEC/from_STELLOPT_repo/Q2_KINK,parvmec,251.39,total computational time (s)
educational_VMEC/from_STELLOPT_repo/Q2_KINK,vmec2000,264.33,total computational time (s)
educational_VMEC/from_STELLOPT_repo/QAS,desc,272.93,GNU time real (s)
educational_VMEC/from_STELLOPT_repo/QAS,educational_vmec,2.14,GNU time real (s)
educational_VMEC/from_STELLOPT_repo/QAS,parvmec,33.42,total computational time (s)
educational_VMEC/from_STELLOPT_repo/QAS,vmec2000,33.95,total computational time (s)
educational_VMEC/from_STELLOPT_repo/QAS,vmecpp,34.14,GNU time real (s)
educational_VMEC/from_STELLOPT_repo/QAS,vmex,92.84,total computational time (s)
educational_VMEC/from_STELLOPT_repo/SOLOVEV,desc,58.52,GNU time real (s)
educational_VMEC/from_STELLOPT_repo/SOLOVEV,educational_vmec,485.59,GNU time real (s)
educational_VMEC/from_STELLOPT_repo/SOLOVEV,gvec,5.1,GVEC finished after (s)
educational_VMEC/from_STELLOPT_repo/SOLOVEV,parvmec,168.33,total computational time (s)
educational_VMEC/from_STELLOPT_repo/SOLOVEV,spectre,1.0,SPECTRE minimization time (s)
educational_VMEC/from_STELLOPT_repo/SOLOVEV,vmec2000,172.32,total computational time (s)
educational_VMEC/from_STELLOPT_repo/SOLOVEV,vmecpp,7.81,GNU time real (s)
educational_VMEC/from_STELLOPT_repo/SOLOVEV,vmex,283.9,total computational time (s)
educational_VMEC/from_Stellarator_Tools_PARVMEC/fixed_boundary_test/test,desc,26.18,GNU time real (s)
educational_VMEC/from_Stellarator_Tools_PARVMEC/fixed_boundary_test/test,educational_vmec,0.15,GNU time real (s)
educational_VMEC/from_Stellarator_Tools_PARVMEC/fixed_boundary_test/test,parvmec,0.07,total computational time (s)
educational_VMEC/from_Stellarator_Tools_PARVMEC/fixed_boundary_test/test,vmec2000,0.06,total computational time (s)
educational_VMEC/from_Stellarator_Tools_PARVMEC/fixed_boundary_test/test,vmecpp,0.59,GNU time real (s)
educational_VMEC/from_Stellarator_Tools_PARVMEC/fixed_boundary_test/test,vmex,10.25,total computational time (s)
educational_VMEC/from_Stellarator_Tools_PARVMEC/free_boundary_test/test,desc,87.06,GNU time real (s)
educational_VMEC/from_Stellarator_Tools_PARVMEC/free_boundary_test/test,jvmec,32.93,total execution time (s)
educational_VMEC/from_Stellarator_Tools_PARVMEC/free_boundary_test/test,parvmec,2.5,total computational time (s)
educational_VMEC/from_Stellarator_Tools_PARVMEC/free_boundary_test/test,vmec2000,2.43,total computational time (s)
educational_VMEC/from_Stellarator_Tools_PARVMEC/free_boundary_test/test,vmecpp,3.96,GNU time real (s)
educational_VMEC/from_booz_xform/LandremanSenguptaPlunk_section5p3,desc,106.12,GNU time real (s)
educational_VMEC/from_booz_xform/LandremanSenguptaPlunk_section5p3,educational_vmec,12.33,GNU time real (s)
educational_VMEC/from_booz_xform/LandremanSenguptaPlunk_section5p3,gvec,54.1,GVEC finished after (s)
educational_VMEC/from_booz_xform/LandremanSenguptaPlunk_section5p3,jvmec,39.6,total execution time (s)
educational_VMEC/from_booz_xform/LandremanSenguptaPlunk_section5p3,vmec2000,4.13,total computational time (s)
educational_VMEC/from_booz_xform/LandremanSenguptaPlunk_section5p3,vmex,28.32,total computational time (s)
educational_VMEC/from_booz_xform/circular_tokamak,desc,41.58,GNU time real (s)
educational_VMEC/from_booz_xform/circular_tokamak,educational_vmec,0.39,GNU time real (s)
educational_VMEC/from_booz_xform/circular_tokamak,gvec,9.1,GVEC finished after (s)
educational_VMEC/from_booz_xform/circular_tokamak,jvmec,6.19,total execution time (s)
educational_VMEC/from_booz_xform/circular_tokamak,parvmec,0.12,total computational time (s)
educational_VMEC/from_booz_xform/circular_tokamak,spectre,3.0,SPECTRE minimization time (s)
educational_VMEC/from_booz_xform/circular_tokamak,vmec2000,0.1,total computational time (s)
educational_VMEC/from_booz_xform/circular_tokamak,vmecpp,0.78,GNU time real (s)
educational_VMEC/from_booz_xform/circular_tokamak,vmex,10.2,total computational time (s)
educational_VMEC/from_booz_xform/li383_1.4m,desc,119.36,GNU time real (s)
educational_VMEC/from_booz_xform/li383_1.4m,educational_vmec,0.54,GNU time real (s)
educational_VMEC/from_booz_xform/li383_1.4m,parvmec,2.21,total computational time (s)
educational_VMEC/from_booz_xform/li383_1.4m,vmec2000,2.19,total computational time (s)
educational_VMEC/from_booz_xform/li383_1.4m,vmecpp,3.84,GNU time real (s)
educational_VMEC/from_booz_xform/li383_1.4m,vmex,21.39,total computational time (s)
educational_VMEC/from_booz_xform/up_down_asymmetric_tokamak,desc,36.5,GNU time real (s)
educational_VMEC/from_booz_xform/up_down_asymmetric_tokamak,educational_vmec,1.86,GNU time real (s)
educational_VMEC/from_booz_xform/up_down_asymmetric_tokamak,gvec,20.4,GVEC finished after (s)
educational_VMEC/from_booz_xform/up_down_asymmetric_tokamak,jvmec,6.5,total execution time (s)
educational_VMEC/from_booz_xform/up_down_asymmetric_tokamak,parvmec,0.52,total computational time (s)
educational_VMEC/from_booz_xform/up_down_asymmetric_tokamak,spectre,0.174,SPECTRE minimization time (s)
educational_VMEC/from_booz_xform/up_down_asymmetric_tokamak,vmec2000,0.72,total computational time (s)
educational_VMEC/from_booz_xform/up_down_asymmetric_tokamak,vmecpp,1.22,GNU time real (s)
educational_VMEC/from_booz_xform/up_down_asymmetric_tokamak,vmex,15.0,total computational time (s)
educational_VMEC/from_misc_sources/146695t4501,desc,149.64,GNU time real (s)
educational_VMEC/from_misc_sources/146695t4501,educational_vmec,2.82,GNU time real (s)
educational_VMEC/from_misc_sources/146695t4501,gvec,96.0,GVEC finished after (s)
educational_VMEC/from_misc_sources/146695t4501,jvmec,54.32,total execution time (s)
educational_VMEC/from_misc_sources/146695t4501,parvmec,7.59,total computational time (s)
educational_VMEC/from_misc_sources/146695t4501,vmec2000,6.98,total computational time (s)
educational_VMEC/from_misc_sources/146695t4501,vmecpp,10.91,GNU time real (s)
educational_VMEC/from_misc_sources/146695t4501,vmex,32.49,total computational time (s)
educational_VMEC/from_misc_sources/demo,desc,44.09,GNU time real (s)
educational_VMEC/from_misc_sources/demo3d,desc,90.25,GNU time real (s)
educational_VMEC/from_misc_sources/demo3d,educational_vmec,1.03,GNU time real (s)
educational_VMEC/from_misc_sources/demo3d,gvec,35.1,GVEC finished after (s)
educational_VMEC/from_misc_sources/demo3d,jvmec,32.54,total execution time (s)
educational_VMEC/from_misc_sources/demo3d,parvmec,1.24,total computational time (s)
educational_VMEC/from_misc_sources/demo3d,vmec2000,1.27,total computational time (s)
educational_VMEC/from_misc_sources/demo3d,vmecpp,3.18,GNU time real (s)
educational_VMEC/from_misc_sources/demo3d,vmex,17.76,total computational time (s)
educational_VMEC/from_misc_sources/example_hsxt52_v3post,desc,102.28,GNU time real (s)
educational_VMEC/from_misc_sources/lhd,desc,381.46,GNU time real (s)
educational_VMEC/from_misc_sources/lhd,educational_vmec,2.36,GNU time real (s)
educational_VMEC/from_misc_sources/lhd,gvec,96.5,GVEC finished after (s)
educational_VMEC/from_misc_sources/lhd,jvmec,54.97,total execution time (s)
educational_VMEC/from_misc_sources/lhd,parvmec,4.6,total computational time (s)
educational_VMEC/from_misc_sources/lhd,vmec2000,4.62,total computational time (s)
educational_VMEC/from_misc_sources/lhd,vmecpp,9.12,GNU time real (s)
educational_VMEC/from_misc_sources/lhd,vmex,24.83,total computational time (s)
educational_VMEC/from_misc_sources/ncsx_c09r00_fixed,desc,261.96,GNU time real (s)
educational_VMEC/from_misc_sources/ncsx_c09r00_fixed,educational_vmec,0.94,GNU time real (s)
educational_VMEC/from_misc_sources/ncsx_c09r00_fixed,parvmec,8.98,total computational time (s)
educational_VMEC/from_misc_sources/ncsx_c09r00_fixed,vmec2000,9.13,total computational time (s)
educational_VMEC/from_misc_sources/ncsx_c09r00_fixed,vmecpp,8.85,GNU time real (s)
educational_VMEC/from_misc_sources/ncsx_c09r00_fixed,vmex,38.65,total computational time (s)
educational_VMEC/from_misc_sources/ncsx_c09r00_free,desc,269.87,GNU time real (s)
educational_VMEC/from_misc_sources/test,desc,27.2,GNU time real (s)
educational_VMEC/from_misc_sources/test,parvmec,0.11,total computational time (s)
educational_VMEC/from_misc_sources/test,vmec2000,0.06,total computational time (s)
educational_VMEC/from_misc_sources/test,vmecpp,0.58,GNU time real (s)
educational_VMEC/from_misc_sources/test,vmex,10.17,total computational time (s)
educational_VMEC/from_quasisymmetry/li383_vacuum,desc,109.17,GNU time real (s)
educational_VMEC/from_quasisymmetry/li383_vacuum,educational_vmec,1.3,GNU time real (s)
educational_VMEC/from_quasisymmetry/li383_vacuum,parvmec,4.92,total computational time (s)
educational_VMEC/from_quasisymmetry/li383_vacuum,vmec2000,5.15,total computational time (s)
educational_VMEC/from_quasisymmetry/li383_vacuum,vmecpp,5.73,GNU time real (s)
educational_VMEC/from_vmec_multiple_readin/li383_low_res,desc,81.95,GNU time real (s)
educational_VMEC/from_vmec_multiple_readin/li383_low_res,educational_vmec,0.15,GNU time real (s)
educational_VMEC/from_vmec_multiple_readin/li383_low_res,parvmec,0.08,total computational time (s)
educational_VMEC/from_vmec_multiple_readin/li383_low_res,vmec2000,0.04,total computational time (s)
educational_VMEC/from_vmec_multiple_readin/li383_low_res,vmecpp,0.8,GNU time real (s)
educational_VMEC/from_vmec_multiple_readin/li383_low_res,vmex,9.41,total computational time (s)
educational_VMEC/solovev,desc,46.52,GNU time real (s)
educational_VMEC/solovev,educational_vmec,0.39,GNU time real (s)
educational_VMEC/solovev,gvec,4.6,GVEC finished after (s)
educational_VMEC/solovev,jvmec,5.3,total execution time (s)
educational_VMEC/solovev,parvmec,0.32,total computational time (s)
educational_VMEC/solovev,spectre,0.744,SPECTRE minimization time (s)
educational_VMEC/solovev,vmec2000,0.15,total computational time (s)
educational_VMEC/solovev,vmecpp,0.68,GNU time real (s)
educational_VMEC/solovev,vmex,16.36,total computational time (s)
educational_VMEC/test,desc,87.48,GNU time real (s)
educational_VMEC/test,educational_vmec,12.77,GNU time real (s)
educational_VMEC/test,jvmec,31.85,total execution time (s)
educational_VMEC/test,parvmec,2.54,total computational time (s)
educational_VMEC/test,vmec2000,2.38,total computational time (s)
educational_VMEC/test,vmecpp,4.25,GNU time real (s)
jVMEC/HELIOTRON,desc,74.38,GNU time real (s)
jVMEC/HELIOTRON,educational_vmec,0.39,GNU time real (s)
jVMEC/HELIOTRON,gvec,24.3,GVEC finished after (s)
jVMEC/HELIOTRON,jvmec,8.29,total execution time (s)
jVMEC/HELIOTRON,parvmec,0.11,total computational time (s)
jVMEC/HELIOTRON,vmec2000,0.07,total computational time (s)
jVMEC/HELIOTRON,vmecpp,0.78,GNU time real (s)
jVMEC/HELIOTRON,vmex,14.04,total computational time (s)
jVMEC/HELIOTRON_asym,desc,71.39,GNU time real (s)
jVMEC/HELIOTRON_asym,educational_vmec,0.69,GNU time real (s)
jVMEC/HELIOTRON_asym,gvec,24.4,GVEC finished after (s)
jVMEC/HELIOTRON_asym,jvmec,9.41,total execution time (s)
jVMEC/HELIOTRON_asym,parvmec,0.17,total computational time (s)
jVMEC/HELIOTRON_asym,vmec2000,0.16,total computational time (s)
jVMEC/HELIOTRON_asym,vmecpp,0.92,GNU time real (s)
jVMEC/HELIOTRON_asym,vmex,15.86,total computational time (s)
jVMEC/HELIOTRON_full,desc,80.32,GNU time real (s)
jVMEC/HELIOTRON_full,educational_vmec,79.41,GNU time real (s)
jVMEC/HELIOTRON_full,gvec,27.2,GVEC finished after (s)
jVMEC/HELIOTRON_full,jvmec,144.53,total execution time (s)
jVMEC/HELIOTRON_full,parvmec,19.06,total computational time (s)
jVMEC/HELIOTRON_full,vmec2000,20.31,total computational time (s)
jVMEC/HELIOTRON_full,vmecpp,22.31,GNU time real (s)
jVMEC/HELIOTRON_full,vmex,63.85,total computational time (s)
jVMEC/Ns_2048.M_32,desc,57.77,GNU time real (s)
jVMEC/Ns_2048.M_32,educational_vmec,1.08,GNU time real (s)
jVMEC/Ns_2048.M_32,gvec,12.7,GVEC finished after (s)
jVMEC/Ns_2048.M_32,jvmec,8.37,total execution time (s)
jVMEC/Ns_2048.M_32,spectre,1.0,SPECTRE minimization time (s)
jVMEC/Ns_2048.M_32_fixb,desc,57.85,GNU time real (s)
jVMEC/Ns_2048.M_32_fixb,educational_vmec,0.63,GNU time real (s)
jVMEC/Ns_2048.M_32_fixb,gvec,13.5,GVEC finished after (s)
jVMEC/Ns_2048.M_32_fixb,jvmec,7.01,total execution time (s)
jVMEC/Ns_2048.M_32_fixb,parvmec,0.26,total computational time (s)
jVMEC/Ns_2048.M_32_fixb,spectre,1.0,SPECTRE minimization time (s)
jVMEC/Ns_2048.M_32_fixb,vmec2000,0.21,total computational time (s)
jVMEC/Ns_2048.M_32_fixb,vmecpp,0.83,GNU time real (s)
jVMEC/Ns_2048.M_32_fixb,vmex,15.01,total computational time (s)
jVMEC/Ns_eq_2048.M_eq_32,desc,136.99,GNU time real (s)
jVMEC/Ns_eq_2048.M_eq_32,gvec,16.8,GVEC finished after (s)
jVMEC/Ns_eq_2048.M_eq_32,spectre,3.0,SPECTRE minimization time (s)
jVMEC/SOLOVEV,desc,45.23,GNU time real (s)
jVMEC/SOLOVEV,educational_vmec,0.36,GNU time real (s)
jVMEC/SOLOVEV,gvec,4.5,GVEC finished after (s)
jVMEC/SOLOVEV,jvmec,7.51,total execution time (s)
jVMEC/SOLOVEV,parvmec,0.23,total computational time (s)
jVMEC/SOLOVEV,spectre,0.697,SPECTRE minimization time (s)
jVMEC/SOLOVEV,vmec2000,0.19,total computational time (s)
jVMEC/SOLOVEV,vmecpp,0.81,GNU time real (s)
jVMEC/SOLOVEV,vmex,20.52,total computational time (s)
jVMEC/W7X,desc,67.64,GNU time real (s)
jVMEC/W7X,educational_vmec,1.39,GNU time real (s)
jVMEC/W7X,gvec,42.6,GVEC finished after (s)
jVMEC/W7X,jvmec,15.27,total execution time (s)
jVMEC/W7X,parvmec,0.43,total computational time (s)
jVMEC/W7X,vmec2000,0.41,total computational time (s)
jVMEC/W7X,vmecpp,1.66,GNU time real (s)
jVMEC/W7X,vmex,12.05,total computational time (s)
jVMEC/W7X_full,parvmec,111.98,total computational time (s)
jVMEC/W7X_full,vmec2000,111.56,total computational time (s)
jVMEC/W7X_full,vmecpp,133.0,GNU time real (s)
jVMEC/W7X_full,vmex,293.56,total computational time (s)
jVMEC/itertype,desc,43.22,GNU time real (s)
jVMEC/itertype,educational_vmec,0.58,GNU time real (s)
jVMEC/itertype,jvmec,7.96,total execution time (s)
jVMEC/itertype,parvmec,0.27,total computational time (s)
jVMEC/itertype,spectre,0.765,SPECTRE minimization time (s)
jVMEC/itertype,vmec2000,0.11,total computational time (s)
jVMEC/itertype,vmecpp,1.02,GNU time real (s)
jVMEC/itertype,vmex,16.34,total computational time (s)
jVMEC/test,desc,87.47,GNU time real (s)
jVMEC/test,jvmec,32.42,total execution time (s)
jVMEC/test,parvmec,2.56,total computational time (s)
jVMEC/test,vmec2000,2.47,total computational time (s)
jVMEC/test,vmecpp,4.0,GNU time real (s)
jVMEC/test.vmec_old,desc,75.59,GNU time real (s)
jVMEC/test.vmec_old,educational_vmec,9.65,GNU time real (s)
jVMEC/test.vmec_old,jvmec,28.38,total execution time (s)
jVMEC/tok_asym,desc,45.74,GNU time real (s)
jVMEC/tok_asym,educational_vmec,1.4,GNU time real (s)
jVMEC/tok_asym,gvec,19.8,GVEC finished after (s)
jVMEC/tok_asym,jvmec,8.16,total execution time (s)
jVMEC/tok_asym,parvmec,0.32,total computational time (s)
jVMEC/tok_asym,vmec2000,0.29,total computational time (s)
jVMEC/tok_asym,vmecpp,1.21,GNU time real (s)
jVMEC/tok_asym,vmex,21.4,total computational time (s)
jVMEC/vmec,desc,123.09,GNU time real (s)
jVMEC/w7x_ref_167_12_12,desc,73.97,GNU time real (s)
vmecpp/data/cth_like_fixed_bdy,desc,89.22,GNU time real (s)
vmecpp/data/cth_like_fixed_bdy,educational_vmec,0.41,GNU time real (s)
vmecpp/data/cth_like_fixed_bdy,jvmec,4.1,total execution time (s)
vmecpp/data/cth_like_fixed_bdy,parvmec,0.15,total computational time (s)
vmecpp/data/cth_like_fixed_bdy,vmec2000,0.12,total computational time (s)
vmecpp/data/cth_like_fixed_bdy,vmecpp,1.37,GNU time real (s)
vmecpp/data/cth_like_fixed_bdy,vmex,12.47,total computational time (s)
vmecpp/data/nfp4_QH_warm_start,desc,68.12,GNU time real (s)
vmecpp/data/nfp4_QH_warm_start,educational_vmec,4.78,GNU time real (s)
vmecpp/data/nfp4_QH_warm_start,gvec,44.8,GVEC finished after (s)
vmecpp/data/nfp4_QH_warm_start,jvmec,19.49,total execution time (s)
vmecpp/data/nfp4_QH_warm_start,parvmec,1.36,total computational time (s)
vmecpp/data/nfp4_QH_warm_start,vmec2000,1.36,total computational time (s)
vmecpp/data/nfp4_QH_warm_start,vmecpp,2.71,GNU time real (s)
vmecpp/data/nfp4_QH_warm_start,vmex,26.29,total computational time (s)
vmecpp/data/solovev,desc,46.2,GNU time real (s)
vmecpp/data/solovev,educational_vmec,0.22,GNU time real (s)
vmecpp/data/solovev,gvec,4.6,GVEC finished after (s)
vmecpp/data/solovev,jvmec,5.31,total execution time (s)
vmecpp/data/solovev,parvmec,0.12,total computational time (s)
vmecpp/data/solovev,spectre,0.697,SPECTRE minimization time (s)
vmecpp/data/solovev,vmec2000,0.1,total computational time (s)
vmecpp/data/solovev,vmecpp,0.73,GNU time real (s)
vmecpp/data/solovev,vmex,18.82,total computational time (s)
vmecpp/data/w7x,educational_vmec,159.21,GNU time real (s)
vmecpp/data/w7x,gvec,134.8,GVEC finished after (s)
vmecpp/data/w7x,jvmec,242.74,total execution time (s)
vmecpp/data/w7x,parvmec,40.75,total computational time (s)
vmecpp/data/w7x,vmec2000,40.71,total computational time (s)
vmecpp/data/w7x,vmecpp,39.14,GNU time real (s)
vmecpp/data/w7x,vmex,116.63,total computational time (s)
